# Blender 4.2.0
# www.blender.org
mtllib uploads_files_89789_16oz_Glass_Mason_Jar.mtl
o uploads_files_89789_16oz_Glass_Mason_Jar
v -31.659859 2.368237 -134.454880
v -31.641558 -2.621894 -139.826996
v -31.620409 -2.862501 -134.303558
v 4.675168 31.403774 -135.954147
v 0.000000 31.750000 -139.826996
v -0.511272 31.745892 -135.805191
v -30.725653 -8.000710 -134.153625
v -30.778458 -7.794164 -139.826996
v -29.075804 -12.753830 -139.826996
v -29.003674 -12.913898 -134.004501
v -26.580036 -17.365604 -139.826996
v -26.489756 -17.504059 -133.853012
v -23.275620 -21.593330 -133.704346
v -23.359234 -21.503691 -139.826996
v -19.501253 -25.055212 -139.826996
v -19.419392 -25.118406 -133.553650
v -15.111330 -27.923292 -139.826996
v -15.034234 -27.965311 -133.402649
v -10.270974 -30.042442 -133.254410
v -10.309208 -30.029697 -139.826996
v -5.225878 -31.316971 -139.826996
v -5.193942 -31.322399 -133.102753
v -0.000000 -31.750000 -139.826996
v -0.000000 -31.750000 -132.953217
v -5.196755 -31.321938 -130.383896
v -0.000000 -31.750000 -130.234329
v -0.000000 -31.750000 -124.333000
v -31.641558 2.621894 -139.826996
v -30.850187 7.507938 -134.603760
v -30.778458 7.794164 -139.826996
v -29.200579 12.461415 -134.754242
v -29.075804 12.753830 -139.826996
v -26.580036 17.365604 -139.826996
v -26.764479 17.078583 -134.904694
v -23.613256 21.224281 -135.054001
v -23.359234 21.503691 -139.826996
v -19.812244 24.807388 -135.204788
v -19.501253 25.055212 -139.826996
v -15.111330 27.923292 -139.826996
v -15.484466 27.718296 -135.354874
v -10.747291 29.874645 -135.504044
v -10.309208 30.029697 -139.826996
v -5.699940 31.233093 -135.655182
v -5.225878 31.316971 -139.826996
v 9.777187 30.207104 -136.106018
v 10.669568 29.903559 -139.826996
v 5.414080 31.284985 -139.826996
v 28.282024 14.427249 -131.089371
v 30.193270 9.817260 -131.233261
v 29.586683 11.519145 -139.826996
v 26.566450 -17.386425 -129.330460
v 29.071451 -12.763805 -129.178238
v 27.036051 -16.646757 -124.333000
v 31.639118 -2.651454 -128.877869
v 31.721392 -1.347508 -124.333000
v 31.037378 -6.689067 -124.333000
v 19.526670 25.035439 -127.972061
v 21.969059 22.922106 -124.333000
v 23.387972 21.472467 -128.123947
v 30.358294 9.297123 -124.333000
v 29.088486 12.724936 -128.425018
v 28.350395 14.293969 -124.333000
v 14.383522 28.305391 -130.515106
v 11.115845 29.740543 -134.140549
v 9.793204 30.201580 -130.373337
v 10.355900 30.013653 -127.671539
v 13.077865 28.931505 -124.333000
v 15.135251 27.910360 -127.820625
v 10.791649 29.859718 -133.837173
v -2.692588 31.635620 -124.333000
v 2.692588 31.635620 -124.333000
v 0.035833 31.749979 -127.368767
v 9.848392 30.183964 -133.389236
v 4.926920 31.365519 -130.228363
v -31.037378 -6.689067 -124.333000
v -31.721392 -1.347508 -124.333000
v -31.620237 -2.851152 -131.585434
v -31.659773 2.379420 -131.736542
v -31.492838 4.032816 -124.333000
v -30.843054 7.536676 -131.886826
v -29.002674 -12.914305 -131.285583
v -29.460476 -11.838193 -124.333000
v -30.730139 -7.984128 -131.436157
v -27.036051 -16.646757 -124.333000
v -26.495232 -17.494370 -131.135223
v -23.833845 -20.976423 -124.333000
v -23.277121 -21.591640 -130.985855
v -19.945986 -24.702635 -124.333000
v -19.417160 -25.118397 -130.834824
v -15.038808 -27.962559 -130.684448
v -15.484315 -27.718199 -124.333000
v -5.365776 -31.293304 -124.333000
v -10.577188 -29.936359 -124.333000
v -10.267943 -30.042927 -130.535431
v -30.358294 9.297123 -124.333000
v -28.350395 14.293969 -124.333000
v -29.194082 12.476339 -132.035889
v -25.526909 18.879602 -124.333000
v -26.748096 17.106155 -132.187424
v -23.588818 21.251064 -132.336792
v -21.969059 22.922106 -124.333000
v -17.779200 26.305182 -124.333000
v -19.787695 24.828615 -132.486893
v -13.077865 28.931505 -124.333000
v -15.439774 27.743734 -132.638245
v -10.703145 29.890850 -132.786636
v -8.000303 30.725521 -124.333000
v -5.644861 31.244236 -132.938110
v 4.748658 31.392744 -133.237350
v -0.035833 31.749979 -130.085632
v -1.344665 31.721483 -128.042526
v -1.553019 31.711990 -128.452759
v 5.258702 31.311501 -127.519142
v 8.000303 30.725521 -124.333000
v 10.335081 30.020761 -133.575897
v 17.779200 26.305182 -124.333000
v 31.492838 4.032816 -124.333000
v 31.642637 2.609114 -128.725403
v 30.785860 7.764974 -128.575897
v 26.589741 17.350784 -128.272812
v 25.526909 18.879602 -124.333000
v 30.775370 -7.806452 -129.027405
v 29.460476 -11.838193 -124.333000
v 19.945986 -24.702635 -124.333000
v 23.359116 -21.503855 -129.479324
v 23.833845 -20.976423 -124.333000
v 10.577188 -29.936359 -124.333000
v 15.097697 -27.930693 -129.782654
v 15.484315 -27.718199 -124.333000
v 19.493198 -25.061508 -129.631195
v 10.315689 -30.027496 -129.931732
v 5.216827 -31.318504 -130.084122
v 5.365776 -31.293304 -124.333000
v 14.415080 -28.288980 -139.826996
v 9.817873 -30.193060 -132.665802
v 9.811979 -30.195808 -139.826996
v 31.426830 -4.518496 -139.826996
v 31.737053 0.906655 -139.826996
v 31.748411 0.004494 -131.519806
v 18.663103 -25.685575 -139.826996
v 22.455770 -22.444290 -132.235718
v 18.657257 -25.688274 -132.380173
v 27.189081 16.395620 -139.826996
v 25.687059 -18.661663 -132.093048
v 28.289715 -14.413615 -139.826996
v 28.286856 -14.415147 -131.950058
v 30.199516 -9.800003 -131.805603
v 30.196045 -9.811290 -139.826996
v 31.359945 -4.960899 -131.662888
v 23.995049 20.791828 -139.826996
v 22.442873 22.457247 -130.803482
v 25.670757 18.684645 -130.945145
v 31.117620 6.305247 -139.826996
v 31.356823 4.984656 -131.375443
v 18.640022 25.702360 -130.658859
v 15.612520 27.646189 -139.826996
v 20.098145 24.578997 -139.826996
v 11.276511 29.680000 -135.022064
v 11.288853 29.675320 -134.562103
v -0.981922 31.734812 -127.758789
v -0.486018 31.746222 -127.526863
v -0.445281 31.747036 -133.088501
v -1.036325 31.733082 -129.637604
v -0.552338 31.745155 -129.898895
v -1.566214 31.711346 -128.912552
v -1.381426 31.719940 -129.334274
v 22.451445 -22.449770 -139.826996
v 25.686850 -18.661329 -139.826996
v 14.410768 -28.291397 -132.523392
v 4.961839 -31.360016 -132.810532
v 4.967172 -31.359041 -139.826996
v 10.740443 29.878176 -135.715988
v 11.081264 29.753422 -135.432343
v 10.272336 30.042269 -135.947922
v -0.420582 32.431561 -127.774925
v -0.780324 32.146717 -127.764587
v 0.026998 32.533203 -127.787788
v -0.474620 32.431526 -129.653748
v -0.834736 32.146221 -129.643402
v -0.026998 32.533203 -129.666611
v -39.154419 6.777444 -95.503998
v -39.153099 6.790114 -25.400000
v -38.725266 10.158917 -25.400000
v 35.325027 23.313124 -95.503998
v 35.325027 23.313124 -25.400000
v 36.428013 20.076344 -25.400000
v 36.428421 -20.072723 -95.503998
v 36.428013 -20.076344 -25.400000
v 35.325027 -23.313124 -25.400000
v 37.362926 16.800222 -95.503998
v 38.129284 13.489236 -25.400000
v 38.128544 13.495620 -95.503998
v -39.410759 3.389109 -95.503998
v -39.410759 3.401496 -25.400000
v -39.496204 -0.012645 -95.503998
v -39.410759 -3.389109 -25.400000
v -39.496204 0.012645 -25.400000
v -39.410759 -3.401496 -95.503998
v 38.128330 -13.497519 -25.400000
v 38.727188 -10.140489 -95.503998
v 38.725662 -10.155476 -25.400000
v 39.154419 -6.777444 -95.503998
v -39.153099 -6.790114 -95.503998
v -39.154419 -6.777444 -25.400000
v 39.410759 -3.389109 -95.503998
v 39.153679 -6.784971 -25.400000
v 39.410477 -3.402574 -25.400000
v -38.725266 -10.158917 -95.503998
v -38.727188 -10.140489 -25.400000
v 39.496204 0.012645 -95.503998
v 39.497078 -0.000000 -25.400000
v 39.410759 3.401496 -95.503998
v -38.129063 -13.490629 -25.400000
v -38.128544 -13.495620 -95.503998
v 39.153099 6.790114 -95.503998
v 39.410477 3.402574 -25.400000
v 39.153679 6.784971 -25.400000
v -36.428421 -20.072723 -95.503998
v -37.362926 -16.800222 -25.400000
v -37.362926 -16.800222 -95.503998
v 38.725266 10.158917 -95.503998
v 38.726616 10.147192 -25.400000
v -35.325027 -23.313124 -95.503998
v -36.428421 -20.072723 -25.400000
v 37.362446 16.804476 -25.400000
v 36.428421 20.072723 -95.503998
v -35.325027 -23.313124 -25.400000
v -33.838970 -26.468967 -95.503998
v -31.822851 -29.338518 -95.503998
v -33.838970 -26.468967 -25.400000
v -29.338518 -31.822851 -25.400000
v -31.822851 -29.338518 -25.400000
v -29.338518 -31.822851 -95.503998
v -26.468967 -33.838970 -95.503998
v -23.313124 -35.325027 -95.503998
v -23.313124 -35.325027 -25.400000
v -26.468967 -33.838970 -25.400000
v -20.076344 -36.428013 -95.503998
v -20.072723 -36.428421 -25.400000
v -16.800222 -37.362926 -25.400000
v -16.804476 -37.362446 -95.503998
v -13.489236 -38.129284 -95.503998
v -13.495620 -38.128544 -25.400000
v -10.147192 -38.726616 -95.503998
v -10.158917 -38.725266 -25.400000
v -6.784971 -39.153679 -95.503998
v -6.790114 -39.153099 -25.400000
v -3.402574 -39.410477 -95.503998
v -3.401496 -39.410759 -25.400000
v 23.313124 -35.325027 -95.503998
v 20.072723 -36.428421 -25.400000
v 20.076344 -36.428013 -95.503998
v 0.000000 -39.497078 -95.503998
v 3.402574 -39.410477 -95.503998
v 3.389109 -39.410759 -25.400000
v -0.012645 -39.496204 -25.400000
v 6.784971 -39.153679 -95.503998
v 6.777444 -39.154419 -25.400000
v 10.140489 -38.727188 -25.400000
v 10.155476 -38.725662 -95.503998
v 13.497519 -38.128330 -95.503998
v 16.804476 -37.362446 -95.503998
v 13.490629 -38.129063 -25.400000
v 16.800222 -37.362926 -25.400000
v 23.313124 -35.325027 -25.400000
v -38.727188 10.140489 -95.503998
v -38.129063 13.490629 -95.503998
v -38.128544 13.495620 -25.400000
v -37.362926 16.800222 -25.400000
v -37.362926 16.800222 -95.503998
v -36.428421 20.072723 -25.400000
v -36.428421 20.072723 -95.503998
v -35.325027 23.313124 -95.503998
v -35.325027 23.313124 -25.400000
v -33.838970 26.468967 -25.400000
v -33.838970 26.468967 -95.503998
v -31.822851 29.338518 -25.400000
v -31.822851 29.338518 -95.503998
v -29.338518 31.822851 -95.503998
v -29.338518 31.822851 -25.400000
v -26.468967 33.838970 -25.400000
v -26.468967 33.838970 -95.503998
v -23.313124 35.325027 -25.400000
v -23.313124 35.325027 -95.503998
v -20.072723 36.428421 -25.400000
v -16.800222 37.362926 -25.400000
v -20.072723 36.428421 -95.503998
v -13.490629 38.129063 -25.400000
v -16.800222 37.362926 -95.503998
v -13.495620 38.128544 -95.503998
v -10.140489 38.727188 -25.400000
v -6.777444 39.154419 -25.400000
v -10.158917 38.725266 -95.503998
v -3.389109 39.410759 -25.400000
v -6.790114 39.153099 -95.503998
v -3.401496 39.410759 -95.503998
v 0.012645 39.496204 -25.400000
v 3.401496 39.410759 -25.400000
v -0.012645 39.496204 -95.503998
v 6.790114 39.153099 -25.400000
v 3.389109 39.410759 -95.503998
v 6.777444 39.154419 -95.503998
v 10.140489 38.727188 -95.503998
v 10.158917 38.725266 -25.400000
v 13.495620 38.128544 -25.400000
v 13.490629 38.129063 -95.503998
v 16.800222 37.362926 -25.400000
v 16.800222 37.362926 -95.503998
v 20.072723 36.428421 -95.503998
v 20.072723 36.428421 -25.400000
v 23.313124 35.325027 -25.400000
v 23.313124 35.325027 -95.503998
v 26.468967 33.838970 -25.400000
v 26.468967 33.838970 -95.503998
v 29.338518 31.822851 -95.503998
v 29.338518 31.822851 -25.400000
v 31.822851 29.338518 -25.400000
v 31.822851 29.338518 -95.503998
v 33.838970 26.468967 -25.400000
v 33.838970 26.468967 -95.503998
v 38.129063 -13.490629 -95.503998
v 35.325027 -23.313124 -95.503998
v 37.362926 -16.800222 -95.503998
v 37.362446 -16.804476 -25.400000
v 31.822851 -29.338518 -25.400000
v 33.838970 -26.468967 -95.503998
v 33.838970 -26.468967 -25.400000
v 29.338518 -31.822851 -25.400000
v 31.822851 -29.338518 -95.503998
v 29.338518 -31.822851 -95.503998
v 26.468967 -33.838970 -95.503998
v 26.468967 -33.838970 -25.400000
v 11.852624 -25.850164 -0.000000
v 15.585608 -23.961843 -0.000000
v 24.245358 -15.099762 -0.000000
v -9.461056 26.744106 -0.000000
v -26.619627 9.833584 -0.000000
v -27.695902 5.796741 -0.000000
v 21.890446 -18.537395 -0.000000
v 26.061527 -11.338820 -0.000000
v 18.970701 -21.526333 -0.000000
v 7.917997 -27.204109 -0.000000
v 3.803106 -28.015829 -0.000000
v 27.345278 -7.374796 -0.000000
v -28.150295 -2.525492 -0.000000
v -27.520004 -6.637407 -0.000000
v -4.519953 -27.916401 -0.000000
v 28.078882 -3.267434 0.000000
v -26.327194 -10.652425 -0.000000
v -8.600904 -27.011444 -0.000000
v -0.352767 -28.254169 -0.000000
v -22.349768 -17.959890 -0.000000
v -16.204153 -23.581205 -0.000000
v -24.603207 -14.454943 -0.000000
v -12.505260 -25.565605 -0.000000
v -19.506569 -21.051088 -0.000000
v -28.210131 1.665293 -0.000000
v -13.324547 25.182302 -0.000000
v -5.396358 27.771051 -0.000000
v -22.868723 17.260258 -0.000000
v -16.937449 23.095304 0.000000
v -20.161547 20.429914 -0.000000
v -25.008215 13.676825 -0.000000
v 28.256226 -0.000401 0.000000
v -1.261135 28.229786 -0.000000
v 2.926330 28.113989 -0.000000
v 27.111570 8.253635 -0.000000
v 25.710785 12.177531 -0.000000
v 11.019333 26.187567 -0.000000
v 7.033814 27.428476 -0.000000
v 27.969864 4.150259 -0.000000
v 23.784662 15.878679 -0.000000
v 21.293715 19.237003 -0.000000
v 18.268358 22.108015 -0.000000
v 14.794223 24.417501 0.000000
v -14.460589 37.660187 -21.145430
v -11.093966 38.331848 -21.156784
v -38.718941 8.551171 -21.163284
v -38.180424 11.939178 -21.154245
v -15.893957 33.358074 -8.958652
v -16.734228 34.928860 -12.882724
v -19.804014 33.834877 -12.851796
v -30.062807 -30.680532 -21.066879
v -32.368294 -28.059477 -21.070616
v -36.572392 -18.619070 -21.125576
v -35.505062 -21.896891 -21.105427
v -16.734730 -34.928699 -12.882719
v -14.128735 -36.965813 -16.971716
v -13.611952 -35.839756 -12.907000
v -22.803633 -32.542061 -12.818722
v -20.584103 -35.037128 -16.919592
v -19.804506 -33.834686 -12.851791
v -17.379545 -36.090790 -16.948792
v -21.082363 -35.788109 -21.110645
v -17.792850 -36.811794 -21.130131
v -33.406593 -24.486031 -16.881073
v -32.161533 -23.529619 -12.810993
v -33.533241 -20.562084 -12.843508
v -27.347303 -32.871403 -21.073200
v -37.569080 1.613844 -12.949577
v -35.910130 4.604860 -9.011816
v -37.373146 4.838916 -12.944889
v -35.910179 -4.604364 -9.011817
v -37.373192 -4.838394 -12.944891
v -36.982998 -8.051359 -12.935346
v -13.611443 35.839886 -12.907003
v -12.940748 34.307404 -8.979415
v -28.166803 28.751875 -12.782321
v -30.365639 26.287706 -12.788249
v -26.637732 27.193987 -8.872786
v -17.379021 36.090946 -16.948795
v -9.938024 35.063854 -8.994831
v -10.446327 36.564243 -12.925028
v -7.699736 38.825802 -21.165075
v -14.128205 36.965942 -16.971720
v 2.420766 37.538403 -12.948852
v 5.643857 37.293716 -12.942962
v 2.513081 38.591389 -17.011229
v -17.792315 36.811947 -21.130133
v -4.285193 39.140991 -21.170321
v -4.185544 38.497868 -17.009022
v -4.032694 37.440464 -12.946512
v -0.806341 37.587513 -12.950010
v -24.237097 29.216747 -8.881368
v -25.622412 30.854723 -12.792356
v -27.346836 32.871719 -21.073202
v -24.312416 34.563839 -21.089815
v -33.533043 20.562572 -12.843503
v -34.672146 17.507675 -12.875486
v -31.908182 19.496740 -8.925109
v -32.161278 23.530085 -12.810988
v -28.742075 24.862637 -8.877855
v -35.504875 21.897417 -21.105425
v -34.190056 25.096052 -21.084940
v -36.572231 18.619606 -21.125574
v -21.081833 35.788292 -21.110649
v -32.367958 28.059933 -21.070616
v -30.062399 30.680923 -21.066881
v -7.249732 37.098663 -12.938189
v -7.522670 38.171299 -17.001162
v -10.839835 37.660069 -16.988737
v 2.573419 39.231194 -21.171793
v -0.857644 39.276398 -21.172523
v -0.837333 38.638268 -17.012323
v 8.852053 36.855240 -12.932199
v 5.856860 38.357693 -17.005669
v 5.995378 39.005730 -21.168083
v 34.514828 12.194075 -8.983706
v 36.038647 12.823584 -12.912019
v 35.173965 15.957963 -12.889489
v 9.400670 38.600983 -21.161303
v 12.034271 36.225445 -12.916670
v 15.179558 35.407265 -12.895762
v 12.488968 37.335579 -16.980846
v 32.894749 22.064459 -12.826858
v 31.317371 24.940290 -12.797594
v 31.247736 20.903599 -8.910874
v 16.132080 37.257862 -21.138348
v 19.443607 36.321720 -21.120771
v 22.943148 30.098196 -8.891215
v 23.711466 26.304398 -5.148005
v 25.471748 28.246307 -8.875282
v 25.817274 24.259546 -5.146894
v 27.730501 26.063225 -8.873607
v 12.782002 38.017998 -21.151520
v 15.759643 36.550705 -16.961107
v 18.277143 34.404213 -12.867864
v 21.316517 33.220295 -12.835159
v 18.988403 35.586052 -16.934767
v 22.709261 35.210770 -21.100168
v 25.864004 33.783039 -21.080456
v 28.751087 31.834211 -21.068720
v 29.313858 27.560389 -12.783280
v 29.669044 23.596807 -8.885847
v 31.271992 29.418478 -21.067486
v 32.522724 18.068436 -8.939172
v 34.125343 19.041981 -12.859946
v 33.343765 26.614168 -21.076502
v 33.613255 15.160896 -8.964437
v 34.903286 23.515768 -21.094938
v 36.060627 20.263680 -21.115784
v 9.185106 37.938534 -16.995508
v 37.495560 3.226412 -12.947832
v 36.038303 3.070020 -9.014334
v 36.329845 -0.000000 -9.466165
v 38.472057 10.247575 -21.159138
v 37.844730 13.621784 -21.148590
v 35.731255 6.135126 -9.008259
v 37.202286 6.446826 -12.940729
v 36.715790 9.649570 -12.928763
v 38.693584 -0.000000 -17.253521
v 38.550480 3.349047 -17.010267
v 37.700047 -0.000000 -13.295223
v 38.921413 6.847582 -21.166676
v 39.191711 -3.429655 -21.171150
v 39.292568 -0.000000 -21.288446
v 39.191742 3.429101 -21.171152
v 35.222282 9.181028 -8.998025
v 37.040535 16.962919 -21.134396
v 34.586552 -0.000000 -5.776866
v 34.190044 2.888699 -5.240255
v 32.480904 -0.000000 -2.258893
v -21.594929 30.888374 -8.903920
v -22.803158 32.542297 -12.818727
v -18.784698 32.221222 -8.932202
v -30.504889 22.275398 -8.897303
v 38.550449 -3.349589 -17.010265
v 37.495525 -3.226934 -12.947831
v 37.202225 -6.447347 -12.940727
v -37.464474 15.297754 -21.142021
v -35.629318 14.397162 -12.901592
v -33.090984 16.623577 -8.952461
v -36.400711 11.241628 -12.920998
v -34.087776 13.684806 -8.974788
v -39.078957 5.141026 -21.169298
v -36.982918 8.051878 -12.935344
v -34.892956 10.693238 -8.991384
v -39.259438 1.716045 -21.172251
v -35.501678 7.662073 -9.003653
v -39.259449 -1.715489 -21.172251
v -39.078999 -5.140473 -21.169298
v -37.569096 -1.613321 -12.949577
v -36.115299 1.535318 -9.015825
v -38.719013 -8.550621 -21.163284
v -36.115314 -1.534820 -9.015826
v -36.400822 -11.241114 -12.921000
v -35.501762 -7.661579 -9.003654
v -38.180523 -11.938631 -21.154247
v -35.629459 -14.396655 -12.901596
v -34.893070 -10.692750 -8.991386
v -37.464603 -15.297213 -21.142023
v -34.672314 -17.507175 -12.875491
v -34.746235 -21.376623 -16.911772
v -30.505144 -22.274961 -8.897306
v -29.913996 -18.222231 -5.181065
v -31.908390 -19.496283 -8.925114
v -34.190308 -25.095551 -21.084944
v -28.742388 -24.862236 -8.877857
v -28.487446 -20.770702 -5.162617
v -25.622849 -30.854414 -12.792353
v -23.725256 -33.783348 -16.888371
v -26.775997 -23.148420 -5.149714
v -26.638098 -27.193634 -8.872786
v -24.312929 -34.563606 -21.089813
v -10.446842 -36.564144 -12.925026
v -10.840370 -37.659969 -16.988735
v -7.250251 -37.098591 -12.938187
v -7.523210 -38.171230 -17.001160
v -14.461132 -37.660065 -21.145428
v -4.186086 -38.497829 -17.009020
v -4.033216 -37.440426 -12.946511
v -11.094513 -38.331753 -21.156784
v -0.837876 -38.638260 -17.012323
v -0.806863 -37.587505 -12.950010
v -7.700288 -38.825737 -21.165075
v -0.858200 -39.276390 -21.172523
v -4.285748 -39.140953 -21.170319
v 2.572864 -39.231216 -21.171795
v -6.899554 -35.622723 -9.006084
v 5.994824 -39.005783 -21.168083
v -3.837966 -35.980572 -9.013204
v 9.400121 -38.601063 -21.161304
v -0.767503 -36.134598 -9.016195
v 2.420244 -37.538425 -12.948853
v 12.781457 -38.018108 -21.151522
v 5.643336 -37.293770 -12.942963
v 2.302730 -36.083195 -9.015205
v 16.131540 -37.257999 -21.138350
v 8.851535 -36.855328 -12.932202
v 5.370486 -35.827026 -9.010169
v 8.422470 -35.368206 -9.000966
v 12.033759 -36.225559 -12.916673
v 15.179052 -35.407413 -12.895766
v 11.444997 -34.709995 -8.987685
v 19.443073 -36.321888 -21.120775
v 14.424602 -33.856457 -8.969806
v 18.276646 -34.404392 -12.867868
v 22.708735 -35.210964 -21.100172
v 21.316031 -33.220501 -12.835165
v 17.348152 -32.812611 -8.945948
v 25.863512 -33.783314 -21.080460
v 28.750647 -31.834566 -21.068720
v 24.242571 -31.752958 -12.803875
v 20.202991 -31.584330 -8.917978
v 31.271618 -29.418903 -21.067484
v 26.933779 -29.851938 -12.785241
v 22.942720 -30.098467 -8.891218
v 33.343468 -26.614649 -21.076500
v 25.471359 -28.246635 -8.875283
v 29.313501 -27.560787 -12.783279
v 34.903080 -23.516289 -21.094934
v 31.317080 -24.940737 -12.797590
v 27.730160 -26.063602 -8.873606
v 36.060455 -20.264210 -21.115780
v 32.894531 -22.064941 -12.826853
v 29.668760 -23.597227 -8.885844
v 37.040390 -16.963457 -21.134392
v 31.247511 -20.904051 -8.910870
v 34.125156 -19.042477 -12.859941
v 35.173809 -15.958467 -12.889484
v 32.522533 -18.068901 -8.939167
v 38.471973 -10.248123 -21.159136
v 38.921356 -6.848135 -21.166676
v 37.844616 -13.622329 -21.148588
v 33.342686 -8.630634 -5.229435
v 32.608753 -11.450103 -5.219934
v 35.222183 -9.181520 -8.998023
v 36.038521 -12.824095 -12.912016
v 33.613091 -15.161372 -8.964434
v 36.715694 -9.650087 -12.928761
v 38.270271 -6.690320 -17.003559
v 36.038269 -3.070517 -9.014333
v 34.190010 -2.889167 -5.240255
v 33.871151 -5.771550 -5.236224
v 35.731190 -6.135621 -9.008257
v 32.427311 -1.860741 -2.254258
v 32.266239 -3.722381 -2.240023
v 38.270332 6.689780 -17.003561
v 32.057362 5.221303 -2.221243
v 32.374401 2.625858 -2.249902
v 37.805115 10.012765 -16.992264
v 33.871220 5.771084 -5.236225
v 31.529753 7.785883 -2.172918
v 32.608891 11.449651 -5.219936
v 33.342789 8.630174 -5.229436
v 37.156544 13.309159 -16.976456
v 30.791582 10.319601 -2.104927
v 31.674982 14.213623 -5.207153
v 36.326572 16.570185 -16.955183
v 29.858866 12.763198 -2.019599
v 30.547739 16.906672 -5.190391
v 35.317383 19.787125 -16.927292
v 28.732834 15.112118 -1.917115
v 29.234241 19.513813 -5.171618
v 34.128769 22.950485 -16.896051
v 27.406376 17.376556 -1.811033
v 27.667345 21.983648 -5.155015
v 32.559788 25.963081 -16.868423
v 25.877846 19.556162 -1.706951
v 30.512602 28.696865 -16.854910
v 24.176144 21.614050 -1.635663
v 28.045177 31.065741 -16.856758
v 26.934191 29.851597 -12.785240
v 22.324713 23.518625 -1.627149
v 25.233274 32.998096 -16.874348
v 21.383520 28.086031 -5.158576
v 24.243029 31.752684 -12.803870
v 20.323185 25.275259 -1.665246
v 22.166607 34.443985 -16.903889
v 20.203447 31.584116 -8.917974
v 18.871853 29.579865 -5.176328
v 18.191984 26.863838 -1.752192
v 17.348619 32.812428 -8.945943
v 16.241627 30.846922 -5.194883
v 15.940624 28.278368 -1.869763
v 14.425080 33.856304 -8.969803
v 13.529463 31.926579 -5.210712
v 13.621112 29.476522 -1.972863
v 11.445483 34.709869 -8.987682
v 10.750172 32.811142 -5.222575
v 11.213278 30.477337 -2.075747
v 8.422962 35.368114 -9.000964
v 7.919288 33.494167 -5.231386
v 8.732398 31.281097 -2.149467
v 6.175809 31.886517 -2.205678
v 5.052847 33.970612 -5.237492
v 5.370982 35.826965 -9.010168
v 3.585227 32.280125 -2.241375
v 2.167213 34.236618 -5.240834
v 2.303227 36.083168 -9.015205
v 0.944691 32.467079 -2.257707
v -0.721668 34.290009 -5.241491
v -0.767006 36.134605 -9.016195
v -1.672463 32.437531 -2.255178
v -3.610697 34.130150 -5.239507
v -3.837470 35.980614 -9.013205
v -4.292425 32.194996 -2.233609
v -6.488796 33.758595 -5.234784
v -6.899060 35.622795 -9.006086
v -6.873521 31.742369 -2.192311
v -9.339505 33.178375 -5.227317
v -9.422697 31.079163 -2.131400
v -12.146568 32.393875 -5.217090
v -20.583588 35.037315 -16.919598
v -11.893786 30.216967 -2.052370
v -14.894232 31.410967 -5.203314
v -23.724758 33.783581 -16.888374
v -14.282970 29.156689 -1.955333
v -17.567236 30.236591 -5.185767
v -16.584579 27.898754 -1.849039
v -20.147387 28.870197 -5.167005
v -26.676332 32.090855 -16.863478
v -18.792637 26.444220 -1.737098
v -22.572411 27.230360 -5.152042
v -29.326546 29.932438 -16.854004
v -20.887529 24.809261 -1.652848
v -24.793884 25.313524 -5.146349
v -31.592297 27.371103 -16.859600
v -22.848522 23.008352 -1.627083
v -26.775698 23.148788 -5.149713
v -33.406338 24.486519 -16.881069
v -24.670124 21.048830 -1.646547
v -28.487192 20.771101 -5.162614
v -35.843987 18.185488 -16.941963
v -34.746044 21.377136 -16.911766
v -26.325413 18.954811 -1.718634
v -29.913782 18.222654 -5.181062
v -36.763897 14.945431 -16.966610
v -27.809111 16.737816 -1.825823
v -31.134783 15.570599 -5.199208
v -29.071815 14.460001 -1.931667
v -32.166309 12.840219 -5.214020
v -37.503479 11.665638 -16.984932
v -31.014185 9.631310 -2.124679
v -30.137390 12.092610 -2.044403
v -33.632832 7.205258 -5.233170
v -33.001057 10.046560 -5.225030
v -38.060642 8.354851 -16.998476
v -31.696928 7.083531 -2.188314
v -34.056965 4.332478 -5.238585
v -38.433571 5.021889 -17.007488
v -32.164551 4.514178 -2.230878
v -34.269970 1.444627 -5.241245
v -38.620674 1.675616 -17.011915
v -32.425117 1.898417 -2.254066
v -34.269989 -1.444159 -5.241245
v -38.620689 -1.675074 -17.011915
v -32.470802 -0.724934 -2.258305
v -34.057018 -4.332011 -5.238586
v -38.433617 -5.021348 -17.007490
v -32.304398 -3.369739 -2.243441
v -33.632919 -7.204795 -5.233171
v -38.060715 -8.354313 -16.998478
v -31.928387 -5.961542 -2.209195
v -33.001175 -10.046103 -5.225032
v -37.503582 -11.665104 -16.984934
v -31.342358 -8.512753 -2.155613
v -32.166458 -12.839771 -5.214022
v -34.087921 -13.684325 -8.974792
v -36.764030 -14.944902 -16.966614
v -30.550991 -11.007256 -2.083044
v -31.134966 -15.570163 -5.199211
v -33.091160 -16.623106 -8.952466
v -35.844151 -18.184965 -16.941967
v -29.554667 -13.443334 -1.991514
v -28.365355 -15.784451 -1.886869
v -26.988211 -18.014328 -1.771475
v -31.592628 -27.370661 -16.859602
v -25.420061 -20.143370 -1.677585
v -30.365963 -26.287281 -12.788252
v -29.326946 -29.932053 -16.854004
v -23.661709 -22.169357 -1.634224
v -24.794226 -25.313192 -5.146349
v -28.167191 -28.751503 -12.782321
v -26.676788 -32.090542 -16.863474
v -21.741163 -24.060913 -1.633022
v -22.572788 -27.230072 -5.152040
v -24.237507 -29.216448 -8.881365
v -19.701763 -25.768301 -1.687226
v -20.147793 -28.869955 -5.167002
v -21.595373 -30.888134 -8.903916
v -17.534384 -27.305817 -1.780880
v -17.567661 -30.236387 -5.185764
v -18.785162 -32.221024 -8.932198
v -15.272107 -28.645588 -1.889387
v -14.894670 -31.410791 -5.203312
v -15.894430 -33.357903 -8.958648
v -12.907849 -29.796402 -2.012946
v -12.147018 -32.393734 -5.217088
v -12.941231 -34.307266 -8.979412
v -10.479239 -30.740267 -2.098975
v -9.339964 -33.178265 -5.227315
v -9.938513 -35.063747 -8.994828
v -7.972475 -31.484234 -2.168756
v -6.489260 -33.758514 -5.234783
v -5.407024 -32.024166 -2.218056
v -3.611164 -34.130108 -5.239506
v 2.512538 -38.591412 -17.011230
v -2.775439 -32.361645 -2.248494
v -0.722136 -34.290001 -5.241491
v 5.856319 -38.357742 -17.005669
v -0.161616 -32.480618 -2.259311
v 2.166745 -34.236645 -5.240834
v 9.184569 -37.938618 -16.995510
v 2.464408 -32.386818 -2.250779
v 5.052382 -33.970673 -5.237493
v 12.488435 -37.335690 -16.980848
v 5.069390 -32.080433 -2.222920
v 7.918826 -33.494263 -5.231387
v 15.759116 -36.550846 -16.961111
v 7.658870 -31.561436 -2.175731
v 10.749718 -32.811268 -5.222576
v 10.177627 -30.840645 -2.109681
v 13.529018 -31.926739 -5.210715
v 18.987885 -35.586224 -16.934771
v 12.621197 -29.918898 -2.024806
v 16.241194 -30.847113 -5.194886
v 22.166096 -34.444183 -16.903894
v 17.256153 -27.483149 -1.808218
v 14.983025 -28.799076 -1.923930
v 21.383127 -28.086298 -5.158578
v 18.871435 -29.580084 -5.176331
v 25.232796 -32.998371 -16.874353
v 19.428867 -25.977381 -1.707287
v 23.711105 -26.304708 -5.148006
v 28.044746 -31.066090 -16.856760
v 21.486475 -24.288441 -1.647101
v 25.816954 -24.259897 -5.146893
v 30.512234 -28.697281 -16.854908
v 23.416271 -22.430729 -1.625540
v 27.667068 -21.984034 -5.155012
v 32.559494 -25.963549 -16.868420
v 25.185778 -20.432123 -1.662618
v 29.234013 -19.514227 -5.171615
v 34.128555 -22.950991 -16.896046
v 26.793997 -18.298428 -1.742310
v 30.547541 -16.907101 -5.190388
v 35.317204 -19.787642 -16.927286
v 28.195496 -16.081697 -1.848752
v 31.674814 -14.214066 -5.207150
v 36.326424 -16.570709 -16.955179
v 29.408703 -13.762153 -1.977003
v 34.514698 -12.194559 -8.983703
v 37.156422 -13.309690 -16.976452
v 30.424202 -11.357055 -2.068530
v 37.805027 -10.013301 -16.992262
v 31.244722 -8.863080 -2.146677
v 31.857050 -6.323738 -2.202730
v -18.245876 29.956541 -116.089958
v -19.505579 31.930183 -112.250648
v -16.638874 33.134247 -112.226120
v -13.702823 34.149300 -112.206215
v -15.601841 31.206831 -116.075104
v -18.619322 36.574509 -99.835342
v -21.896482 35.505367 -99.854889
v -10.710784 34.969395 -112.191505
v -12.874063 32.263432 -116.063049
v -15.297837 37.468285 -99.819481
v -25.094227 34.188812 -99.874878
v -20.781445 28.500706 -116.105148
v -22.274433 30.505720 -112.275734
v -28.057365 32.365837 -99.888908
v -23.525183 32.157394 -108.280830
v -21.376099 34.748943 -104.111023
v -20.564058 33.542431 -108.250305
v 9.657948 -36.763233 -108.171204
v 6.453287 -37.255756 -108.160233
v 9.197952 -35.304710 -112.185638
v -24.482260 33.402748 -104.140511
v -26.277304 30.354740 -108.302261
v -30.844482 25.613859 -108.298393
v -29.924252 29.319092 -104.166641
v -28.739100 28.154835 -108.307861
v -33.847466 19.807602 -108.242561
v -33.780987 23.722101 -104.133484
v -32.540840 22.800629 -108.273552
v -32.083923 26.670628 -104.157486
v -32.869236 27.345165 -99.886375
v -34.562588 24.311625 -99.870110
v -30.678059 30.060202 -99.892578
v -35.788963 21.081928 -99.849815
v -35.143295 9.955798 -112.188461
v -34.372765 12.959688 -112.202110
v -33.300083 9.370841 -116.052299
v -36.814388 17.792997 -99.830940
v -33.894520 6.513350 -116.046295
v -35.712669 6.913222 -112.178535
v -37.664146 14.461586 -99.816208
v -38.337032 11.095052 -99.805336
v -38.831913 7.700739 -99.797424
v -32.496330 12.181014 -116.060562
v -33.405933 15.911015 -112.220596
v -34.275108 3.625666 -116.042503
v -36.077141 3.846213 -112.172272
v -39.147701 4.285997 -99.792435
v -27.364098 31.585310 -104.161224
v -39.283379 0.858190 -99.790344
v -36.233978 0.769179 -112.169647
v -34.438816 0.725139 -116.040909
v -34.782928 -11.463347 -112.194778
v -35.453396 -8.438349 -112.183044
v -32.924057 -10.782790 -116.056129
v -32.850670 -17.362606 -112.231956
v -33.913586 -14.442673 -112.210648
v -30.912046 -16.271338 -116.078636
v -33.623787 -7.946842 -116.049019
v -35.920746 -5.381766 -112.174942
v -39.238121 -2.573141 -99.791031
v -39.012272 -5.995339 -99.794563
v -36.181633 -2.307930 -112.170517
v -34.111813 -5.072101 -116.044113
v -38.606812 -9.400785 -99.801018
v -32.017876 -13.563065 -116.065735
v -38.022797 -12.782128 -99.810364
v -29.614738 -18.892088 -116.093849
v -31.600409 -20.209965 -112.257072
v -37.261333 -16.132021 -99.823013
v -36.323597 -19.443115 -99.839989
v -35.210812 -22.708040 -99.860008
v -33.781532 -25.861898 -99.879265
v -28.094328 -21.390610 -116.108482
v -30.095270 -22.939713 -112.281242
v -34.384190 -2.175809 -116.041435
v -31.832052 -28.748333 -99.890770
v -26.300537 -23.708458 -116.117226
v -28.234669 -25.460720 -112.295685
v 0.000000 -39.287571 -99.795021
v -29.416424 -31.269100 -99.891991
v -26.612761 -33.341465 -99.883141
v -13.622898 -37.849007 -99.813179
v -10.248729 -38.477493 -99.803085
v -23.515289 -34.902466 -99.865112
v -20.908459 -31.257830 -112.263481
v -23.591894 -29.662462 -112.286110
v -19.531542 -29.260706 -116.097725
v -20.264023 -36.061741 -99.844833
v -16.935362 -30.605291 -116.082314
v -18.081802 -32.555374 -112.238029
v -16.963779 -37.043362 -99.826828
v -15.178808 -33.665771 -112.215431
v -14.247562 -31.759838 -116.068634
v -8.660188 -33.468517 -116.050591
v -9.198173 -35.304665 -112.185638
v -12.213054 -34.584023 -112.198303
v -6.148146 -35.823143 -112.176620
v -5.793535 -34.009884 -116.045135
v -11.483771 -32.716595 -116.058266
v -26.051764 -27.717524 -112.297211
v -21.988449 -27.670786 -116.111427
v -6.848620 -38.927696 -99.795898
v -3.077272 -36.135891 -112.171280
v -3.230271 -37.552635 -108.153732
v -6.453520 -37.255726 -108.160233
v -24.255693 -25.811796 -116.118149
v -3.350865 -38.576809 -104.017708
v 0.000000 -37.651958 -108.151619
v 0.000000 -38.672554 -104.010895
v 0.000000 -36.242378 -112.163582
v -3.429920 -39.198547 -99.791649
v 0.000000 -34.447132 -116.036079
v -2.901002 -34.336441 -116.041901
v -2.275485 -32.197678 -119.736359
v 0.000000 -32.276176 -119.736946
v -10.078326 33.118603 -116.054146
v -7.676550 35.589424 -112.180672
v -11.939393 38.185490 -99.807755
v -4.614305 36.005428 -112.173492
v -7.231070 33.765820 -116.047585
v -8.551334 38.724964 -99.799126
v -5.141010 39.085617 -99.793404
v -1.538416 36.214340 -112.169975
v -4.349317 34.200241 -116.043236
v 1.538639 36.214333 -112.169975
v -1.450360 34.418324 -116.041107
v -1.715777 39.266403 -99.790604
v 4.614528 36.005405 -112.173492
v 1.450570 34.418316 -116.041107
v 1.716025 39.266396 -99.790604
v 5.141258 39.085594 -99.793404
v 8.551581 38.724934 -99.799133
v 7.676771 35.589390 -112.180679
v 4.349527 34.200214 -116.043236
v 8.059008 37.033733 -108.165161
v 4.843616 37.428768 -108.156425
v 11.939637 38.185448 -99.807762
v 15.298079 37.468227 -99.819481
v 18.619560 36.574436 -99.835342
v 11.250064 36.444355 -108.178337
v 21.896719 35.505283 -99.854889
v 14.405377 35.663528 -108.196243
v 10.711002 34.969341 -112.191505
v 25.094452 34.188698 -99.874878
v 13.703037 34.149235 -112.206215
v 17.513763 34.694832 -108.220467
v 28.057568 32.365688 -99.888916
v 20.564278 33.542343 -108.250313
v 16.639084 33.134167 -112.226120
v 30.678234 30.060019 -99.892578
v 23.525391 32.157276 -108.280830
v 19.505783 31.930090 -112.250656
v 32.869377 27.344955 -99.886375
v 22.274626 30.505604 -112.275734
v 26.277493 30.354595 -108.302261
v 34.562691 24.311396 -99.870110
v 28.739265 28.154663 -108.307861
v 24.853329 28.731512 -112.293350
v 35.789043 21.081692 -99.849815
v 30.844622 25.613665 -108.298386
v 27.181013 26.625303 -112.297951
v 36.814457 17.792757 -99.830940
v 29.207838 24.229874 -112.290169
v 32.540947 22.800417 -108.273552
v 33.847553 19.807383 -108.242561
v 30.893408 21.596973 -112.269753
v 34.954506 16.741392 -108.213737
v 32.248569 18.796055 -112.244286
v 37.664200 14.461344 -99.816208
v 33.406010 15.910803 -112.220596
v 35.876568 13.620229 -108.191238
v 38.337078 11.094807 -99.805336
v 36.609829 10.454921 -108.174637
v 34.372826 12.959473 -112.202110
v 38.831940 7.700492 -99.797424
v 37.150856 7.256702 -108.162560
v 35.143345 9.955579 -112.188461
v 39.147717 4.285749 -99.792435
v 35.712704 6.913001 -112.178535
v 37.496883 4.037020 -108.154938
v 39.283382 0.857942 -99.790344
v 37.645741 0.807415 -108.151749
v 36.077160 3.845990 -112.172272
v 39.238110 -2.573390 -99.791039
v 37.596046 -2.423083 -108.152802
v 36.233982 0.768956 -112.169647
v 39.012249 -5.995586 -99.794563
v 36.181622 -2.308153 -112.170517
v 37.348370 -5.649176 -108.158188
v 38.606773 -9.401031 -99.801018
v 36.904495 -8.859560 -108.168045
v 35.920719 -5.381988 -112.174942
v 38.022747 -12.782372 -99.810364
v 37.261272 -16.132263 -99.823013
v 36.323521 -19.443354 -99.839989
v 36.266953 -12.042740 -108.182327
v 35.453354 -8.438569 -112.183044
v 35.210724 -22.708275 -99.860008
v 35.438805 -15.187365 -108.201637
v 34.782871 -11.463565 -112.194778
v 33.781406 -25.862118 -99.879265
v 33.913517 -14.442886 -112.210648
v 34.423744 -18.282290 -108.227562
v 31.831894 -28.748529 -99.890778
v 33.226017 -21.316668 -108.258125
v 32.850586 -17.362816 -112.231956
v 29.416233 -31.269268 -99.891991
v 31.746342 -24.236708 -108.287529
v 31.600311 -20.210169 -112.257072
v 26.612545 -33.341595 -99.883141
v 30.095148 -22.939903 -112.281242
v 29.839819 -26.922955 -108.305107
v 23.515057 -34.902557 -99.865112
v 27.548798 -29.301308 -108.306961
v 28.234522 -25.460894 -112.295685
v 20.263786 -36.061817 -99.844833
v 24.932941 -31.308792 -108.293449
v 26.051596 -27.717676 -112.297211
v 16.963539 -37.043427 -99.826828
v 23.591707 -29.662590 -112.286110
v 22.063446 -32.896629 -108.265915
v 19.046589 -34.141403 -108.234947
v 20.908258 -31.257933 -112.263481
v 18.081594 -32.555462 -112.238029
v 15.965794 -35.202534 -108.207458
v 13.622655 -37.849060 -99.813179
v 10.248484 -38.477535 -99.803085
v 6.848373 -38.927723 -99.795898
v 3.350622 -38.576824 -104.017708
v 3.429672 -39.198559 -99.791641
v 6.692431 -38.294868 -104.023987
v 2.680124 -32.167450 -119.736191
v 5.335418 -31.843248 -119.733582
v 2.900792 -34.336460 -116.041901
v 12.832547 -36.077744 -108.186615
v 15.178596 -33.665844 -112.215431
v 5.793326 -34.009918 -116.045135
v 11.483569 -32.716660 -116.058258
v 12.212836 -34.584080 -112.198303
v 8.659982 -33.468563 -116.050591
v 7.965711 -31.303570 -119.729103
v -6.692673 -38.294842 -104.023987
v -4.555741 -31.961052 -119.734528
v -10.016326 -37.826622 -104.034584
v -9.658179 -36.763191 -108.171204
v -7.204816 -31.482445 -119.730652
v -13.312778 -37.173908 -104.049477
v -12.832776 -36.077686 -108.186615
v -9.794918 -30.796875 -119.724831
v -16.573055 -36.338726 -104.069618
v -15.966019 -35.202465 -108.207458
v -12.330608 -29.902523 -119.716988
v -19.788260 -35.323360 -104.096184
v -19.046810 -34.141319 -108.234947
v -14.784492 -28.812748 -119.706886
v -22.948742 -34.127758 -104.126106
v -22.063662 -32.896530 -108.265915
v -17.151861 -27.527998 -119.695000
v -25.958120 -32.553593 -104.152710
v -24.933142 -31.308661 -108.293449
v -19.391426 -26.050240 -119.685822
v -28.689730 -30.504421 -104.165764
v -27.548977 -29.301147 -108.306961
v -21.492664 -24.383261 -119.679893
v -31.058435 -28.037634 -104.163971
v -29.839972 -26.922770 -108.305107
v -23.437761 -22.523136 -119.678932
v -32.993393 -25.228170 -104.146988
v -31.746466 -24.236504 -108.287529
v -25.209295 -20.495520 -119.682426
v -34.445145 -22.164743 -104.118568
v -33.226109 -21.316450 -108.258118
v -26.782347 -18.322969 -119.691429
v -35.593979 -18.989109 -104.089043
v -34.423824 -18.282068 -108.227562
v -28.162506 -16.028059 -119.702232
v -36.564522 -15.761806 -104.063988
v -35.438869 -15.187139 -108.201637
v -29.361340 -13.608687 -119.712425
v -37.354294 -12.491649 -104.045326
v -36.267006 -12.042511 -108.182320
v -30.360996 -11.110973 -119.721115
v -37.961056 -9.187551 -104.031532
v -36.904533 -8.859328 -108.168045
v -31.155207 -8.551399 -119.727859
v -38.382866 -5.858509 -104.022011
v -37.348392 -5.648943 -108.158188
v -31.738892 -5.942344 -119.732735
v -38.618027 -2.513581 -104.016808
v -37.596054 -2.422849 -108.152802
v -32.113255 -3.263247 -119.735672
v -38.665176 0.838127 -104.015785
v -37.645737 0.807649 -108.151749
v -32.270893 -0.582215 -119.736900
v -38.523861 4.187583 -104.018875
v -32.209717 2.096781 -119.736519
v -37.496864 4.037253 -108.154938
v -38.195175 7.525702 -104.026230
v -31.932449 4.756130 -119.734299
v -37.150826 7.256935 -108.162560
v -37.680660 10.843402 -104.037903
v -31.434786 7.412654 -119.730255
v -36.609783 10.455152 -108.174637
v -36.982117 14.131646 -104.053947
v -30.732605 10.001587 -119.724266
v -35.876507 13.620457 -108.191246
v -36.101665 17.381485 -104.075684
v -29.825245 12.524461 -119.716293
v -31.489420 14.927301 -116.071762
v -34.954430 16.741617 -108.213737
v -35.041637 20.584045 -104.103539
v -28.719648 14.971867 -119.706001
v -30.286711 17.593681 -116.086105
v -32.248482 18.796261 -112.244286
v -27.417181 17.334864 -119.694153
v -28.889521 20.161690 -116.101524
v -30.893299 21.597172 -112.269753
v -25.923769 19.565258 -119.685165
v -27.230373 22.574413 -116.113884
v -29.207703 24.230055 -112.290169
v -24.243288 21.652399 -119.679626
v -25.307768 24.789015 -116.118599
v -27.180855 26.625467 -112.297951
v -22.370142 23.583109 -119.679077
v -23.147806 26.773577 -116.115814
v -24.853149 28.731653 -112.293350
v -20.331266 25.339266 -119.682922
v -18.142307 26.899799 -119.692238
v -18.186728 35.853451 -104.082184
v -15.835410 28.266766 -119.703087
v -17.513540 34.694908 -108.220459
v -14.947878 36.779018 -104.058777
v -13.420073 29.446253 -119.713165
v -14.405150 35.663593 -108.196236
v -11.668397 37.523235 -104.041481
v -10.925537 30.426540 -119.721687
v -11.249834 36.444405 -108.178337
v -8.357215 38.083923 -104.028748
v -8.348670 31.207136 -119.728294
v -8.058776 37.033768 -108.165161
v -5.023350 38.459217 -104.020302
v -5.729792 31.776562 -119.733040
v -4.843382 37.428791 -108.156425
v -1.675873 38.647491 -104.016167
v -3.064398 32.133488 -119.735840
v -1.615170 37.627098 -108.152138
v 1.676116 38.647484 -104.016167
v -0.393473 32.273811 -119.736923
v 1.615404 37.627090 -108.152138
v 5.023592 38.459198 -104.020302
v 2.291193 32.195526 -119.736397
v 8.357455 38.083893 -104.028748
v 4.950197 31.902838 -119.734055
v 7.231278 33.765781 -116.047585
v 11.668635 37.523190 -104.041481
v 7.593397 31.392963 -119.729904
v 10.078531 33.118549 -116.054146
v 14.948114 36.778957 -104.058777
v 10.172797 30.678173 -119.723785
v 12.874263 32.263363 -116.063049
v 18.186960 35.853378 -104.082184
v 12.688899 29.758286 -119.715698
v 15.602036 31.206747 -116.075104
v 21.376328 34.748856 -104.111023
v 15.131777 28.639097 -119.705223
v 18.246063 29.956444 -116.089958
v 24.482479 33.402634 -104.140511
v 17.488466 27.322891 -119.693451
v 20.781622 28.500591 -116.105148
v 29.924423 29.318913 -104.166641
v 27.364296 31.585161 -104.161224
v 19.709435 25.817625 -119.684639
v 23.147970 26.773441 -116.115814
v 32.084064 26.670424 -104.157478
v 21.784317 24.126392 -119.679420
v 25.307917 24.788862 -116.118599
v 23.705751 22.238440 -119.679237
v 27.230505 22.574245 -116.113884
v 33.781094 23.721880 -104.133484
v 25.451582 20.186783 -119.683372
v 28.889629 20.161509 -116.101524
v 35.041721 20.583815 -104.103531
v 26.997797 17.991533 -119.692932
v 30.286804 17.593493 -116.086098
v 36.101738 17.381252 -104.075684
v 28.350187 15.680226 -119.703773
v 31.489500 14.927106 -116.071762
v 36.982174 14.131410 -104.053947
v 29.518297 13.254282 -119.713799
v 32.496395 12.180813 -116.060562
v 37.680702 10.843163 -104.037903
v 30.486567 10.750969 -119.722198
v 33.300133 9.370635 -116.052299
v 38.195206 7.525461 -104.026230
v 31.253136 8.169713 -119.728683
v 33.894554 6.513142 -116.046288
v 38.523876 4.187341 -104.018875
v 31.807852 5.548635 -119.733292
v 34.275131 3.625456 -116.042503
v 38.665180 0.837884 -104.015785
v 32.150299 2.883672 -119.735970
v 34.438820 0.724929 -116.040909
v 38.618015 -2.513824 -104.016808
v 32.275524 0.210009 -119.736938
v 34.384178 -2.176019 -116.041435
v 38.382843 -5.858750 -104.022011
v 32.181004 -2.488401 -119.736298
v 34.111786 -5.072310 -116.044113
v 37.961018 -9.187791 -104.031532
v 31.872772 -5.151065 -119.733826
v 33.623745 -7.947049 -116.049026
v 37.354240 -12.491887 -104.045334
v 31.349546 -7.781384 -119.729546
v 32.924000 -10.782994 -116.056129
v 36.564461 -15.762042 -104.063988
v 30.616507 -10.360783 -119.723244
v 32.017803 -13.563264 -116.065735
v 35.593899 -18.989340 -104.089043
v 29.674324 -12.887601 -119.714943
v 30.911959 -16.271530 -116.078636
v 34.445053 -22.164972 -104.118576
v 28.543804 -15.321028 -119.704315
v 29.614637 -18.892275 -116.093849
v 32.993271 -25.228384 -104.146988
v 27.222792 -17.652752 -119.692696
v 28.094208 -21.390783 -116.108482
v 31.058279 -28.037825 -104.163971
v 25.694944 -19.870468 -119.684113
v 26.300398 -23.708618 -116.117226
v 28.689545 -30.504587 -104.165764
v 23.976845 -21.948017 -119.679222
v 24.255537 -25.811941 -116.118149
v 25.957911 -32.553722 -104.152710
v 22.087038 -23.848364 -119.679405
v 21.988277 -27.670912 -116.111427
v 22.948517 -34.127853 -104.126106
v 20.038641 -25.567230 -119.683846
v 19.531357 -29.260811 -116.097725
v 19.788029 -35.323441 -104.096184
v 17.818504 -27.106167 -119.693726
v 16.935171 -30.605383 -116.082314
v 16.572821 -36.338795 -104.069618
v 15.484168 -28.452896 -119.704636
v 14.247365 -31.759914 -116.068634
v 13.312541 -37.173962 -104.049477
v 13.060911 -29.602575 -119.714531
v 10.016087 -37.826664 -104.034584
v 10.560577 -30.551273 -119.722755
v 6.147924 -35.823170 -112.176620
v 3.077049 -36.135906 -112.171280
v 3.230037 -37.552650 -108.153732
v 18.443361 28.151403 -124.333000
v 22.919588 24.644503 -124.333000
v 28.820427 -17.379356 -124.333000
v 25.434752 -22.039337 -124.333000
v 31.361883 -12.210294 -124.333000
v 21.304033 -26.053736 -124.333000
v 32.984680 -6.683562 -124.333000
v 16.549271 -29.304958 -124.333000
v 33.641273 -0.961054 -124.333000
v 11.309742 -31.697773 -124.333000
v 33.312439 4.789606 -124.333000
v -5.666056 -33.174610 -124.333000
v 32.007809 10.399967 -124.333000
v -21.074263 -26.239941 -124.333000
v -16.355772 -29.413395 -124.333000
v 8.054169 32.677048 -124.333000
v 2.437793 33.566593 -124.333000
v -14.182254 30.520857 -124.333000
v -8.841416 32.472885 -124.333000
v -28.588844 -17.757732 -124.333000
v -31.170408 -12.691127 -124.333000
v -23.508400 24.083483 -124.333000
v -27.227467 19.781912 -124.333000
v -33.409618 4.056662 -124.333000
v -33.615700 -1.625987 -124.333000
v -30.169249 14.915611 -124.333000
v -32.249763 9.623502 -124.333000
v -19.118219 27.697521 -124.333000
v -32.862125 -7.262217 -124.333000
v -3.248176 33.497887 -124.333000
v -25.191130 -22.317392 -124.333000
v 13.440615 30.854641 -124.333000
v -11.170359 -31.747160 -124.333000
v 26.741512 20.434053 -124.333000
v 29.800022 15.640259 -124.333000
v 0.000000 -33.654999 -124.333000
v 5.738925 -33.162083 -124.333000
v 26.741512 -20.434053 -120.523003
v 23.303005 -23.211239 -120.523003
v 22.919588 -24.644503 -120.523003
v 5.738925 33.162083 -120.523003
v 0.000000 33.654999 -120.523003
v 4.865919 32.343895 -120.523003
v 32.323902 -5.007609 -120.523003
v 31.164534 -10.015764 -120.523003
v 32.007809 -10.399967 -120.523003
v -16.355772 29.413395 -120.523003
v -15.172629 29.074102 -120.523003
v -11.170359 31.747160 -120.523003
v 13.440615 -30.854641 -120.523003
v 10.165558 -31.117413 -120.523003
v 8.054169 -32.677048 -120.523003
v -4.614299 -32.380539 -120.523003
v -9.650138 -31.277311 -120.523003
v -8.841416 -32.472885 -120.523003
v -26.767492 19.035873 -120.523003
v -25.191130 22.317392 -120.523003
v -28.588844 17.757732 -120.523003
v -32.697262 -0.396944 -120.523003
v -33.615700 1.625987 -120.523003
v -33.409618 -4.056662 -120.523003
v -30.169249 -14.915611 -120.523003
v -30.995499 -10.538087 -120.523003
v -32.249763 -9.623502 -120.523003
v -27.227467 -19.781912 -120.523003
v -29.004635 -15.304000 -120.523003
v -32.238037 -5.538618 -120.523003
v -32.362381 4.745399 -120.523003
v -32.862125 7.262217 -120.523003
v -31.170408 12.691127 -120.523003
v -29.361031 14.579927 -120.523003
v 5.129438 -32.304562 -120.523003
v 2.437793 -33.566593 -120.523003
v -0.000174 -32.701317 -120.523003
v -21.074263 26.239941 -120.523003
v -19.585527 26.385176 -120.523003
v -23.491043 23.018896 -120.523003
v 18.443361 -28.151403 -120.523003
v 19.381262 -26.534830 -120.523003
v 14.931264 -29.188942 -120.523003
v -5.666056 33.174610 -120.523003
v -0.274795 32.698784 -120.523003
v -10.411814 31.036125 -120.523003
v 29.245003 -14.817851 -120.523003
v 29.800022 -15.640259 -120.523003
v 26.629091 -19.242025 -120.523003
v -31.237251 9.777852 -120.523003
v -3.248176 -33.497887 -120.523003
v 33.312439 -4.789606 -120.523003
v 32.700008 0.151395 -120.523003
v 33.641273 0.961054 -120.523003
v 32.281284 5.278014 -120.523003
v 32.984680 6.683562 -120.523003
v 31.071489 10.305388 -120.523003
v 31.361883 12.210294 -120.523003
v 29.121929 15.070580 -120.523003
v 28.820427 17.379356 -120.523003
v 26.453186 19.495377 -120.523003
v 25.434752 22.039337 -120.523003
v 23.100168 23.411879 -120.523003
v 21.304033 26.053736 -120.523003
v 19.127430 26.704241 -120.523003
v 16.549271 29.304958 -120.523003
v 14.680653 29.311502 -120.523003
v 11.309742 31.697773 -120.523003
v 9.887453 31.204706 -120.523003
v -5.398225 32.261574 -120.523003
v -23.508400 -24.083483 -120.523003
v -26.307091 -19.694765 -120.523003
v -18.926683 -26.849590 -120.523003
v -22.918224 -23.587954 -120.523003
v -19.118219 -27.697521 -120.523003
v -14.455665 -29.419743 -120.523003
v -14.182254 -30.520857 -120.523003
v 34.910759 0.997320 -121.792999
v 34.569515 -4.970345 -121.792999
v 34.910759 -0.997320 -123.063004
v -3.370749 34.761959 -123.063004
v 0.000000 34.924999 -121.792999
v 2.529785 34.833256 -123.063004
v 34.229382 -6.935772 -123.063004
v 33.215649 -10.792418 -121.792999
v 31.118402 -15.855618 -121.792999
v 32.545353 -12.671059 -123.063004
v 28.254919 -20.528400 -121.792999
v 29.907990 -18.035181 -123.063004
v 26.394554 -22.871012 -123.063004
v 24.695704 -24.695704 -121.792999
v 20.528400 -28.254919 -121.792999
v 22.107960 -27.036896 -123.063004
v 17.173773 -30.410807 -123.063004
v 15.855618 -31.118402 -121.792999
v 11.736525 -32.893913 -123.063004
v 5.955488 -34.413483 -123.063004
v 10.792418 -33.215649 -121.792999
v 5.463474 -34.495014 -121.792999
v 0.000000 -34.924999 -123.063004
v 0.000000 -34.924999 -121.792999
v 34.569515 4.970345 -123.063004
v 33.215649 10.792418 -123.063004
v 34.229382 6.935772 -121.792999
v 32.545353 12.671059 -121.792999
v 30.924551 16.230457 -123.063004
v 27.750626 21.205151 -123.063004
v 29.907990 18.035181 -121.792999
v 23.784479 25.574484 -123.063004
v 26.394554 22.871012 -121.792999
v 22.107960 27.036896 -121.792999
v 17.173773 30.410807 -121.792999
v 19.139338 29.213720 -123.063004
v 13.947808 32.018967 -123.063004
v 11.736525 32.893913 -121.792999
v 8.358100 33.910145 -123.063004
v 5.955488 34.413483 -121.792999
v -19.839661 28.742712 -123.063004
v -16.622463 30.715620 -121.792999
v -14.717434 31.672586 -123.063004
v -9.175056 33.698280 -123.063004
v -11.340129 33.032669 -121.792999
v -5.748466 34.448669 -121.792999
v -29.238039 19.102165 -121.792999
v -28.254919 20.528400 -123.063004
v -31.307711 15.478465 -123.063004
v -21.451380 27.560732 -121.792999
v -24.395510 24.992294 -123.063004
v -25.695158 23.654058 -121.792999
v -34.670357 4.209743 -123.063004
v -34.884216 -1.687345 -123.063004
v -34.805714 2.884084 -121.792999
v -33.466736 9.986652 -123.063004
v -33.856304 8.573581 -121.792999
v -31.983383 14.029213 -121.792999
v -29.667667 -18.427835 -123.063004
v -31.983383 -14.029213 -121.792999
v -32.346649 -13.170037 -123.063004
v -33.856304 -8.573581 -121.792999
v -34.805714 -2.884084 -121.792999
v -34.102203 -7.536263 -123.063004
v -21.451380 -27.560732 -121.792999
v -25.695158 -23.654058 -121.792999
v -21.869518 -27.230127 -123.063004
v -29.238039 -19.102165 -121.792999
v -26.141737 -23.159559 -123.063004
v -16.972971 -30.523333 -123.063004
v -16.622463 -30.715620 -121.792999
v -11.591882 -32.945164 -123.063004
v -11.340129 -33.032669 -121.792999
v -5.748466 -34.448669 -121.792999
v -5.879869 -34.426483 -123.063004
v 16.007446 -24.433292 -140.335007
v 21.276297 -22.877537 -140.335007
v 17.121006 -26.132999 -140.335007
v 22.075445 19.128483 -140.335007
v 26.754057 16.133289 -140.335007
v 25.013956 15.083970 -140.335007
v 29.113297 11.334838 -140.335007
v 27.219748 10.597613 -140.335007
v 23.611128 20.459160 -140.335007
v 19.776575 24.185732 -140.335007
v 30.619740 6.204363 -140.335007
v 28.628212 5.800828 -140.335007
v 18.490294 22.612677 -140.335007
v 15.362720 27.203850 -140.335007
v 31.229259 0.892148 -140.335007
v 29.198088 0.834122 -140.335007
v 14.363519 25.434492 -140.335007
v 9.816003 27.511274 -140.335007
v 10.498856 29.425102 -140.335007
v 28.912683 -4.157016 -140.335007
v 30.924002 -4.446200 -140.335007
v -5.259810 30.796055 -140.335007
v 0.000000 29.209999 -140.335007
v -4.917709 28.793058 -140.335007
v -19.563278 24.358585 -140.335007
v -15.183094 27.304510 -140.335007
v -14.195576 25.528606 -140.335007
v 7.476700 -30.334164 -140.335007
v 2.263008 -31.159931 -140.335007
v 2.115820 -29.133270 -140.335007
v -12.309126 -26.489799 -140.335007
v -8.207504 -30.144642 -140.335007
v -13.165414 -28.332569 -140.335007
v -27.053562 11.014940 -140.335007
v -26.539078 16.484537 -140.335007
v -24.812958 15.412372 -140.335007
v -25.275309 -18.363586 -140.335007
v -23.631386 -17.169207 -140.335007
v -20.403517 -20.902645 -140.335007
v -31.205517 1.509407 -140.335007
v -29.175890 1.411234 -140.335007
v -28.997026 -3.520876 -140.335007
v -29.937515 -8.933515 -140.335007
v -27.990360 -8.352473 -140.335007
v -26.184631 -12.945625 -140.335007
v -28.006170 -13.846190 -140.335007
v -17.747478 -25.711662 -140.335007
v -21.822891 -22.356743 -140.335007
v -31.014210 -3.765807 -140.335007
v -30.505972 6.741530 -140.335007
v -28.521845 6.303056 -140.335007
v -16.593172 -24.039358 -140.335007
v -28.935549 11.781197 -140.335007
v -2.819172 -29.073637 -140.335007
v -3.015288 -31.096151 -140.335007
v -7.673683 -28.184015 -140.335007
v -23.384974 20.717278 -140.335007
v -18.290869 22.774288 -140.335007
v -21.863998 19.369812 -140.335007
v 12.476949 -28.642422 -140.335007
v 11.665440 -26.779501 -140.335007
v 6.990410 -28.361210 -140.335007
v -10.369465 29.470947 -140.335007
v -9.695028 27.554138 -140.335007
v 24.824196 -18.968971 -140.335007
v 23.209614 -17.735216 -140.335007
v 25.864170 -13.574564 -140.335007
v 19.892473 -21.389568 -140.335007
v 27.780361 -9.026386 -140.335007
v 27.663418 -14.518882 -140.335007
v 0.000000 31.242001 -140.335007
v 5.327455 30.784424 -140.335007
v 4.980953 28.782185 -140.335007
v 29.712908 -9.654309 -140.335007
v -4.552424 -31.937292 -120.255249
v 5.560161 -31.780384 -120.254715
v 0.515993 -32.250458 -120.256638
v 10.494622 -30.535877 -120.249161
v 19.488241 -25.887428 -120.227745
v 15.154568 -28.565292 -120.239716
v 23.288668 -22.564100 -120.223763
v 26.502535 -18.621613 -120.229874
v 29.020872 -14.236618 -120.241943
v 30.854815 -9.492475 -120.250626
v 31.937721 -4.549840 -120.255379
v 31.778372 5.571970 -120.254707
v 32.250233 0.529209 -120.256638
v 30.535456 10.495859 -120.249161
v 25.894209 19.479027 -120.227768
v 28.556717 15.171271 -120.239677
v 22.548553 23.303698 -120.223763
v 18.631205 26.495979 -120.229843
v 9.500847 30.852306 -120.250618
v 14.220550 29.028522 -120.241982
v 4.546494 31.937292 -120.255371
v -0.510457 32.250500 -120.256638
v -5.555089 31.781261 -120.254723
v -15.148958 28.568226 -120.239731
v -19.464170 25.905117 -120.227806
v -10.479721 30.540878 -120.249184
v -23.286442 22.566412 -120.223763
v -26.483625 18.649263 -120.229797
v -29.018200 14.242187 -120.241936
v -30.845703 9.522802 -120.250587
v -31.937361 4.552372 -120.255379
v -32.250729 -0.496077 -120.256638
v -31.778811 -5.569428 -120.254715
v -30.543016 -10.473312 -120.249191
v -28.560064 -15.164713 -120.239693
v -25.902147 -19.468252 -120.227791
v -22.558630 -23.293955 -120.223763
v -18.638739 -26.490852 -120.229828
v -14.237184 -29.020576 -120.241943
v -9.507724 -30.850258 -120.250603
v 28.898069 -3.356437 -0.067281
v 28.518793 14.403979 -1.375581
v 31.334135 0.980301 -1.049692
v 31.142080 -3.600243 -1.041151
v 31.949064 0.998475 -1.607227
v 29.875227 0.937182 -0.269587
v 29.695555 -3.443082 -0.267333
v 30.636646 0.959686 -0.599808
v 31.752815 -3.666598 -1.594425
v 30.306093 10.142813 -1.496396
v 31.464918 5.618661 -1.575191
v 26.105051 18.390001 -1.224038
v 19.611324 25.192701 -1.186814
v 30.176813 5.402750 -0.587402
v 15.732408 27.802887 -1.328236
v 29.076725 9.758980 -0.556975
v 29.432102 5.277922 -0.263949
v 27.380867 13.870895 -0.510551
v 25.095303 17.721540 -0.452704
v 26.736759 13.569151 -0.229080
v 7.118150 31.158812 -1.554484
v 23.102610 22.025349 -1.148929
v 15.155364 26.701784 -0.492433
v 18.496927 23.698357 -0.196510
v 18.894804 24.231888 -0.438560
v -11.223886 29.920866 -1.470169
v 11.116160 28.592373 -0.543601
v 14.830328 26.081556 -0.220874
v 6.845864 29.886152 -0.579395
v 2.421994 30.556555 -0.597696
v 6.688795 29.152018 -0.260311
v 2.519496 31.864759 -1.601778
v -22.856977 22.279873 -1.147905
v -2.069332 30.582243 -0.598378
v 2.365460 29.798033 -0.268627
v -10.801197 28.711123 -0.546874
v -6.339684 29.227692 -0.261296
v -6.488836 29.964684 -0.581563
v -6.747242 31.241522 -1.560094
v -19.332918 25.408611 -1.194280
v -15.417756 27.979939 -1.339859
v -28.353699 14.724174 -1.364585
v -25.898640 18.676981 -1.214258
v -30.192110 10.475855 -1.488630
v -31.792341 -3.307752 -1.597033
v -24.900314 17.997259 -0.448986
v -21.536263 20.997860 -0.189844
v -22.006634 21.454447 -0.423802
v -28.968546 10.079984 -0.553983
v -26.585684 13.872895 -0.227172
v -27.224258 14.180362 -0.506339
v -29.495708 -12.293089 -1.441315
v -31.935213 1.369994 -1.606340
v -31.396893 5.985931 -1.570604
v -30.975925 -7.873328 -1.542052
v -30.112217 5.756146 -0.585628
v -30.623487 1.316824 -0.599464
v -29.369858 5.623363 -0.263143
v -17.707706 -26.577290 -1.249784
v -29.712515 -7.572910 -0.574591
v -29.731733 -3.105930 -0.267792
v -30.487762 -3.179977 -0.595858
v -26.320295 -15.818352 -0.482436
v -27.630569 -11.570152 -0.240513
v -28.307673 -11.832601 -0.535775
v -27.400694 -16.417480 -1.302066
v -4.809971 -31.599216 -1.584207
v -21.412916 -23.672583 -1.153818
v -24.681482 -20.246925 -1.172087
v -20.186996 -22.294790 -0.190856
v -20.623770 -22.785673 -0.426043
v -17.066044 -25.540541 -0.462502
v -16.707481 -24.961203 -0.207332
v -13.151985 -27.728107 -0.519949
v -13.659822 -28.884840 -1.400096
v -9.351070 -30.560753 -1.513759
v -0.158658 -31.964361 -1.608201
v 9.045213 -30.653019 -1.520051
v -0.152483 -30.651178 -0.600185
v -4.517577 -29.554991 -0.265535
v -4.624761 -30.304346 -0.590892
v -8.792218 -28.604914 -0.253170
v -8.996093 -29.318422 -0.563670
v 21.166595 -23.893806 -1.156714
v 4.480056 -31.647840 -1.587454
v 4.307424 -30.350521 -0.592149
v -0.148900 -29.889235 -0.269759
v 13.370296 -29.020811 -1.409242
v 24.456244 -20.516933 -1.166843
v 8.503912 -28.689310 -0.254272
v 8.701468 -29.405996 -0.566097
v 12.872390 -27.857100 -0.523458
v 17.424198 -26.766020 -1.261491
v 27.218027 -16.715990 -1.290295
v 30.881493 -8.234690 -1.535622
v 12.589568 -27.196085 -0.234929
v 16.793468 -25.718267 -0.466961
v 16.440598 -25.132088 -0.209349
v 20.387558 -22.996658 -0.427141
v 28.898302 -7.740210 -0.257001
v 28.134333 -7.549725 -0.064664
v 26.800898 -11.587920 -0.060088
v 24.918255 -15.409083 -0.053866
v 22.487722 -18.913248 -0.048504
v 25.546104 -15.765876 -0.214317
v 23.532318 -19.764244 -0.430981
v 19.956255 -22.499964 -0.191352
v 23.020288 -19.347111 -0.193087
v 29.360918 -12.610001 -1.432193
v 30.289587 -8.087107 -1.001961
v 26.147038 -16.107372 -0.477944
v 28.179777 -12.138433 -0.532270
v 28.802578 -12.387085 -0.933186
v 4.207485 -29.599483 -0.266106
v -12.863797 -27.071684 -0.233338
v -23.746506 -19.505085 -0.432971
v -25.713358 -15.481778 -0.216350
v -23.228083 -19.093750 -0.193985
v -28.984692 -7.399846 -0.258129
v -29.862543 1.285979 -0.269431
v -28.267694 9.853230 -0.248773
v -24.344435 17.618782 -0.201221
v -18.627401 24.436565 -0.441395
v -14.531364 26.243616 -0.222887
v -14.850992 26.869724 -0.496877
v -18.235342 23.896397 -0.197791
v -10.559556 28.019545 -0.245547
v -2.152714 31.891800 -1.603537
v -2.020976 29.822790 -0.268937
v 11.550464 29.795734 -1.461665
v 10.868105 27.905064 -0.244063
v 21.765022 20.760033 -0.190020
v 22.241434 21.210703 -0.424190
v 24.532511 17.348967 -0.202902
v 28.371967 9.538941 -0.250131
v 30.450220 -3.525074 -0.594848
v 29.070210 0.913389 -0.067852
v 28.645712 5.146107 -0.066424
v 30.860376 5.517328 -1.028325
v 27.629982 9.307279 -0.062924
v 29.726801 9.961946 -0.975854
v 26.061682 13.252897 -0.057598
v 27.979401 14.151291 -0.895627
v 23.945932 16.960648 -0.050983
v 25.623013 18.070889 -0.795375
v 21.269823 20.291590 -0.047730
v 22.690105 21.635132 -0.745840
v 18.082794 23.143026 -0.049369
v 19.268692 24.733250 -0.770813
v 14.490259 25.432642 -0.055524
v 15.458264 27.279772 -0.864261
v 10.607286 27.182390 -0.061388
v 11.345461 29.227715 -0.952763
v 6.523067 28.377403 -0.065502
v 6.990222 30.560883 -1.014524
v 2.305702 28.996244 -0.067609
v 2.473799 31.251631 -1.046056
v -1.969858 29.019966 -0.067687
v -2.113638 31.278093 -1.047229
v -6.182274 28.449900 -0.065752
v -6.625871 30.641802 -1.018262
v -10.305402 27.292152 -0.061764
v -11.024449 29.350075 -0.958415
v -14.196812 25.588272 -0.056032
v -15.148644 27.452785 -0.871958
v -17.827154 23.334005 -0.049692
v -18.995661 24.943945 -0.775737
v -21.047358 20.523285 -0.047686
v -22.449644 21.884476 -0.745166
v -23.765266 17.224447 -0.050558
v -25.421843 18.352348 -0.788919
v -25.916677 13.550776 -0.057116
v -27.818048 14.466264 -0.888339
v -27.530037 9.614571 -0.062581
v -29.615328 10.289243 -0.970689
v -28.586086 5.483173 -0.066219
v -30.793818 5.878061 -1.025267
v -29.058056 1.253370 -0.067813
v -31.320580 1.345080 -1.049100
v -28.932728 -3.027673 -0.067397
v -31.180759 -3.247852 -1.042890
v -28.217102 -7.217326 -0.064949
v -30.381966 -7.732094 -1.006243
v -26.919170 -11.294411 -0.060490
v -28.934361 -12.075507 -0.939244
v -25.078960 -15.129976 -0.054380
v -26.886784 -16.132494 -0.846942
v -22.688763 -18.665836 -0.048731
v -24.234091 -19.891951 -0.761102
v -19.732916 -21.784456 -0.047941
v -21.034998 -23.247845 -0.749061
v -16.333412 -24.356810 -0.052101
v -17.401749 -26.082945 -0.812377
v -12.561478 -26.383072 -0.058675
v -13.419385 -28.337181 -0.911884
v -8.577434 -27.853224 -0.063694
v -9.183947 -29.975863 -0.987406
v -4.723088 -30.991783 -1.034336
v -4.404356 -28.763422 -0.066825
v -0.155765 -31.349104 -1.050342
v -0.145111 -29.083633 -0.067896
v 4.399086 -31.039360 -1.036502
v 4.101903 -28.806042 -0.066970
v 8.883430 -30.066107 -0.991594
v 8.295734 -27.934092 -0.063973
v 13.134665 -28.470093 -0.917953
v 12.292777 -26.502420 -0.059077
v 17.123613 -26.266697 -0.820113
v 16.072309 -24.520298 -0.052611
v 20.793566 -23.464220 -0.750970
v 19.507816 -21.983538 -0.048067
v 24.014036 -20.156683 -0.757645
v 26.708311 -16.426331 -0.839155
v 27.507248 -11.869928 -0.238924
v 29.622868 -7.920869 -0.572108
v -28.623079 7.221891 -118.467491
v -27.400856 11.184335 -118.383949
v -28.287199 9.449291 -117.975945
v -6.032649 28.528675 -119.996033
v -2.000041 29.117382 -120.542137
v -1.997405 29.078186 -120.025429
v -28.321014 7.147604 -119.461594
v -27.034023 11.039048 -119.909035
v -27.085207 11.059319 -119.382904
v -27.175806 -12.493954 -117.900208
v -26.641476 -13.005645 -118.330704
v -28.061142 -10.152246 -117.960670
v -29.313698 3.146785 -118.511955
v -29.654274 2.113550 -118.064476
v -29.458813 -0.972207 -118.520638
v -29.391106 4.582897 -118.048553
v -24.686665 -16.668541 -118.194725
v -24.881884 -16.944729 -117.747757
v -23.461473 -18.986542 -117.690071
v -29.019064 3.115855 -119.503181
v -28.279091 7.137293 -119.982033
v -29.165581 -0.962716 -119.511276
v -28.982244 3.111990 -120.020515
v -29.051497 -5.101549 -118.495491
v -29.595724 -2.854334 -118.060791
v -27.756271 -9.003284 -119.951904
v -26.317738 -12.852686 -119.332359
v -26.260916 -12.825838 -119.862007
v -28.760143 -7.766558 -118.007431
v -28.109880 -9.114850 -118.432884
v -28.754131 -5.050535 -119.487808
v -29.129766 -0.961557 -120.028000
v -28.715410 -5.043893 -120.006294
v -27.802088 -9.017739 -119.429085
v -24.345669 -16.446362 -119.201790
v -24.275637 -16.400730 -119.740044
v -22.233902 -19.968908 -118.108223
v -26.276369 -12.833140 -120.395096
v -21.905621 -19.676924 -119.117546
v -21.832811 -19.612164 -119.660942
v -8.087133 -28.272169 -121.285004
v -8.162381 -28.152840 -121.002159
v -4.155095 -29.090967 -121.284996
v -24.275312 -16.400518 -120.284744
v -8.133062 -28.048977 -120.489799
v -12.016338 -26.758413 -120.938309
v -18.912937 -22.432276 -119.671043
v -15.619056 -24.764368 -119.769554
v -18.906153 -22.424099 -120.222061
v -21.823736 -19.604092 -120.212875
v -11.976761 -26.667435 -120.416489
v -11.968623 -26.648727 -119.885719
v -8.124497 -28.018633 -119.967140
v -15.665819 -24.841406 -120.846550
v -18.953808 -22.481524 -120.768112
v -15.621087 -24.767715 -120.311493
v -20.042343 -22.607460 -117.668396
v -19.251944 -22.840773 -118.119186
v -13.749312 -26.621149 -117.856651
v -12.131210 -27.022474 -118.357491
v -15.864780 -25.169168 -118.227341
v -18.072388 -24.142830 -117.708939
v -12.046725 -26.828264 -118.844604
v -8.222950 -28.367409 -118.450363
v -8.169937 -28.179607 -118.936249
v -6.662923 -29.015726 -118.024422
v -4.171417 -29.207890 -118.471237
v -4.146601 -29.030119 -118.919182
v -25.283060 14.726772 -119.801682
v -25.346720 14.762521 -119.267677
v -4.204393 -29.444122 -118.051697
v -25.679892 14.949618 -118.263054
v -26.457947 14.084516 -117.848602
v -29.272554 -5.329752 -118.040672
v -23.460991 18.458570 -118.136650
v -25.277685 16.308067 -117.763901
v -23.047798 18.140511 -119.687080
v -23.041283 18.135494 -120.236649
v -29.722424 -0.366744 -118.068710
v -20.362122 21.140614 -119.655113
v -20.353102 21.131216 -120.207573
v -13.733951 25.814638 -119.834526
v -13.764781 25.874634 -119.302872
v -17.278391 23.790163 -119.172035
v -17.227428 23.717886 -119.712143
v -20.430313 21.211657 -119.111351
v -17.519472 24.132063 -118.164055
v -18.685030 23.690937 -117.696846
v -20.736214 21.530352 -118.101898
v -17.224836 23.714211 -120.259422
v -13.739995 25.826399 -120.370285
v -16.603006 25.083548 -117.764404
v -13.933426 26.202814 -118.299797
v -9.981936 27.429415 -119.932655
v -9.998994 27.477665 -119.408333
v -9.990889 27.454737 -120.458778
v -6.040919 28.568758 -119.476715
v -1.999836 29.114346 -119.508499
v -6.039801 28.563341 -120.515755
v -2.019584 29.408051 -118.517654
v -4.951324 29.335276 -118.044716
v -6.102679 28.868114 -118.483635
v -10.109070 27.789034 -118.410866
v -7.387486 28.852444 -118.013504
v 6.136772 28.548828 -119.475494
v 2.088771 29.107773 -119.508095
v 6.128337 28.508593 -119.994904
v -20.606697 22.106096 -117.662506
v -14.418211 26.291218 -117.839722
v 2.109420 29.401573 -118.517212
v 0.000000 29.725307 -118.068596
v 6.199590 28.848413 -118.482330
v 4.912047 29.340622 -118.045273
v 10.063320 27.400541 -119.930939
v 10.080609 27.449009 -119.406487
v 17.604342 24.074005 -118.161301
v 16.491711 25.162630 -117.761269
v 14.006665 26.166622 -118.297249
v 13.805572 25.777830 -119.832253
v 13.836737 25.838083 -119.300438
v 27.065081 10.960142 -119.910896
v 25.323614 14.654048 -119.804192
v 27.087307 10.968872 -120.439186
v 25.386999 14.689415 -119.270363
v 23.180220 18.119520 -119.147339
v 29.322123 3.063085 -118.512466
v 29.340189 4.923194 -118.044876
v 28.645695 7.126267 -118.468994
v 28.343882 7.053075 -119.462997
v 28.990814 3.029238 -120.020958
v 29.027573 3.032994 -119.503662
v 28.701197 -5.126072 -120.005524
v 29.126238 -1.065322 -120.027824
v 28.737309 -5.132371 -120.524277
v 29.724152 0.001251 -118.068817
v 29.455338 -1.077121 -118.520439
v 29.627728 2.481138 -118.062805
v 28.197432 9.735126 -117.969849
v 28.862825 7.341530 -118.014221
v 11.888803 -26.683237 -119.887817
v 8.052580 -28.071712 -120.490967
v 8.044051 -28.041176 -119.968437
v 22.166941 -20.044676 -118.107346
v 19.195906 -22.886305 -118.120239
v 20.478069 -22.223667 -117.663498
v -2.099171 -29.655237 -118.064529
v 12.049850 -27.056370 -118.359871
v 8.141342 -28.389538 -118.451851
v 9.727091 -28.201130 -117.970116
v -0.000000 -29.725304 -118.068596
v 2.457905 -29.629515 -118.063293
v -0.042085 -29.474129 -118.521515
v 12.049593 -27.360329 -117.912819
v -0.041828 -29.291426 -119.006111
v 4.067830 -29.205799 -118.505272
v 4.042804 -29.021976 -118.990181
v -4.135550 -28.950949 -120.823563
v -4.124850 -28.874300 -120.348694
v -0.041678 -29.185043 -120.545128
v -0.041622 -29.145321 -120.028763
v -4.123108 -28.861820 -119.866669
v -0.041673 -29.181034 -119.512100
v -0.041839 -29.299332 -121.050247
v 16.496284 -25.149038 -117.767761
v 18.563601 -23.779095 -117.701035
v 15.782458 -25.216600 -118.230736
v -4.130401 -28.914062 -119.387215
v 7.339577 -28.863132 -118.014191
v 4.027568 -28.910063 -119.496941
v 11.897002 -26.702234 -120.418381
v 14.311461 -26.343185 -117.843292
v 8.056254 -28.084869 -119.446915
v 4.022449 -28.872469 -120.014748
v 11.912006 -26.736998 -119.360085
v 15.538890 -24.812557 -119.772614
v 18.858335 -22.477356 -119.672005
v 15.541140 -24.816292 -120.314270
v 15.579145 -24.879335 -119.236588
v 18.919121 -22.550995 -119.129311
v 24.647156 -16.731680 -118.192261
v 23.786505 -18.563473 -117.696693
v 24.235767 -16.462059 -119.737808
v 21.766815 -19.686138 -119.660141
v 24.306002 -16.508089 -119.199409
v 21.839491 -19.751261 -119.116692
v 28.083426 -9.201268 -118.431076
v 26.604673 -13.086478 -118.328110
v 27.358328 -12.054537 -117.911636
v 26.347496 -14.317911 -117.838470
v 28.864407 -7.334907 -118.014442
v 29.037535 -5.184737 -118.494598
v 26.280554 -12.932193 -119.329887
v 26.334993 14.328606 -117.842865
v 27.431349 11.104020 -118.386070
v 27.354145 12.065760 -117.912460
v 27.757196 -9.097278 -120.474678
v 27.729319 -9.088391 -119.950325
v 23.780167 18.564268 -117.699272
v 23.520180 18.379267 -118.138695
v 25.150162 16.500719 -117.765587
v 29.628387 -2.466075 -118.063042
v 29.165812 -1.066740 -120.544289
v 25.719805 14.875111 -118.265854
v 28.302128 7.042950 -119.983337
v 29.029308 3.033171 -120.538124
v 27.116034 10.980157 -119.384911
v 28.334881 7.050893 -120.504349
v 22.208584 20.493046 -117.664284
v 20.788750 21.480003 -118.101685
v 23.106718 18.063360 -119.688950
v 25.331390 14.658387 -120.342850
v 20.413542 21.091173 -119.654915
v 20.481947 21.162062 -119.111137
v 23.100407 18.058538 -120.238350
v 2.463348 29.628555 -118.063210
v 17.361393 23.732168 -119.169357
v 18.556702 23.793549 -117.696205
v 17.309906 23.659723 -119.709625
v -2.488828 29.626230 -118.063087
v -9.788432 28.180182 -117.968689
v 12.038088 27.365582 -117.912628
v 10.191799 27.760693 -118.408905
v 7.333730 28.864817 -118.014511
v 4.904430 -29.342123 -118.045151
v 4.027559 -28.910000 -120.532555
v 3.846205 -29.131292 -121.285004
v -0.150949 -29.378632 -121.285004
v 8.088923 -28.201843 -118.937714
v 4.042783 -29.021826 -121.039330
v 7.786516 -28.353569 -121.285004
v 22.221939 -20.480373 -117.663765
v 11.966095 -26.862316 -118.846962
v 8.081645 -28.175789 -121.003174
v 11.594290 -27.059977 -121.285004
v 25.167517 -16.494034 -117.757759
v 15.660974 -25.015076 -118.718620
v 11.936409 -26.793537 -120.939957
v 15.198985 -25.274565 -121.285004
v 28.203968 -9.715402 -117.970329
v 19.032560 -22.688419 -118.607880
v 18.899244 -22.526913 -120.768883
v 15.585827 -24.890421 -120.848976
v 18.851665 -22.469273 -120.222939
v 18.531898 -23.018444 -121.285004
v 29.340851 -4.912826 -118.045357
v 21.973955 -19.871748 -118.594902
v 21.812279 -19.726875 -120.759392
v 21.757679 -19.677952 -120.212143
v 21.500690 -20.296997 -121.285004
v 24.444221 -16.598679 -118.680168
v 24.235170 -16.461668 -120.282715
v 24.304195 -16.506907 -120.821335
v 24.028624 -17.169434 -121.285004
v 26.223463 -12.905017 -119.859711
v 26.408594 -12.993142 -118.815498
v 26.325613 -12.953641 -120.917824
v 26.238605 -12.912225 -120.393021
v 26.084877 -13.718020 -121.285004
v 27.894245 -9.140964 -118.917259
v 27.858335 -9.129517 -120.989006
v 27.775335 -9.103060 -119.427383
v 27.662504 -10.021763 -121.285004
v 28.852947 -5.152541 -118.979713
v 28.847553 -5.151600 -121.032143
v 28.740019 -5.132844 -119.486969
v 28.742632 -6.151692 -121.285004
v 29.272566 -1.070568 -119.005051
v 29.279932 -1.070832 -121.049522
v 29.162075 -1.066607 -119.511093
v 29.300404 -2.170464 -121.285004
v 29.138807 3.044358 -118.997238
v 29.322147 1.852506 -121.285004
v 28.459242 7.081051 -118.954567
v 29.142214 3.044706 -121.044167
v 28.806082 5.841869 -121.285004
v 20.466978 22.235029 -117.663605
v 27.239040 11.028477 -118.872864
v 28.441406 7.076726 -121.014824
v 27.764704 9.726693 -121.285004
v 25.520090 14.763676 -118.753632
v 25.410120 14.702316 -120.873985
v 27.182194 11.006145 -120.958092
v 26.221756 13.436089 -121.285004
v 14.307848 26.351595 -117.838821
v 23.319155 18.225674 -118.626442
v 23.161407 18.105145 -120.782417
v 24.200670 16.911139 -121.285004
v 9.714375 28.204100 -117.970161
v 20.608038 21.292732 -118.589195
v 20.404476 21.081779 -120.207390
v 20.454945 21.134081 -120.755219
v 21.710251 20.066622 -121.285004
v 17.460327 23.871370 -118.649139
v 18.780003 22.821314 -121.285004
v 17.352978 23.720329 -120.798904
v 17.307085 23.655756 -120.257133
v 13.904284 25.968679 -118.784859
v 13.811499 25.789289 -120.368233
v 13.854368 25.872173 -120.896172
v 15.477059 25.119637 -121.285004
v 10.123755 27.569954 -118.895409
v 10.072266 27.425619 -120.457237
v 10.107240 27.523659 -120.973816
v 11.890716 26.934801 -121.285004
v 6.160696 28.662926 -118.967674
v 6.158317 28.651541 -121.023857
v 6.135572 28.543087 -120.514748
v 8.098787 28.268589 -121.285004
v 2.086229 29.071554 -120.025063
v 2.096557 29.218573 -119.001900
v 2.096981 29.224314 -121.047371
v 2.088986 29.110689 -120.541809
v 4.160785 29.090006 -121.285004
v -2.007282 29.225094 -119.002319
v -2.007684 29.231073 -121.047653
v 0.154222 29.378830 -121.285004
v -6.064432 28.682730 -118.968956
v -6.062215 28.671986 -121.024734
v -3.857724 29.130507 -121.285004
v -12.147714 27.320557 -117.910110
v -10.041687 27.598431 -118.897339
v -10.025643 27.553049 -120.975159
v -7.802719 28.349852 -121.285004
v -23.909967 18.396378 -117.700745
v -13.831784 26.005022 -118.787392
v -13.782761 25.909622 -120.897964
v -11.610212 27.053377 -121.285004
v -27.461475 11.799748 -117.918633
v -17.376522 23.929329 -118.651901
v -17.270660 23.779198 -120.800903
v -15.213031 25.266005 -121.285004
v -22.355610 20.331671 -117.665176
v -20.556030 21.342632 -118.589417
v -23.121357 18.197134 -119.145340
v -18.541220 23.010956 -121.285004
v -20.403448 21.183668 -120.755371
v -28.933298 7.034835 -118.018959
v -23.260202 18.304012 -118.624390
v -21.508436 20.287838 -121.285004
v -23.101936 18.182184 -120.780922
v -25.480026 14.837381 -118.750847
v -24.034998 17.160017 -121.285004
v -25.368874 14.774961 -120.872002
v -25.290510 14.730957 -120.340584
v -27.208401 11.108111 -118.870766
v -26.089931 13.707376 -121.285004
v -27.150579 11.085211 -120.956627
v -27.055986 11.047747 -120.437508
v -28.436518 7.176009 -118.953087
v -27.665802 10.011293 -121.285004
v -28.417959 7.171445 -121.013802
v -28.311649 7.145300 -120.503181
v -29.130348 3.127537 -118.996735
v -28.744135 6.141829 -121.285004
v -29.133499 3.127868 -121.043823
v -29.020672 3.116024 -120.537727
v -29.276054 -0.966292 -119.005249
v -29.300634 2.160563 -121.285004
v -29.283520 -0.966533 -121.049660
v -29.169369 -0.962839 -120.544441
v -28.866974 -5.069894 -118.980591
v -29.321405 -1.861121 -121.285004
v -28.862019 -5.069044 -121.032745
v -28.751640 -5.050108 -120.524971
v -21.847601 -20.884878 -117.660889
v -27.920830 -9.055203 -118.919037
v -28.804598 -5.850229 -121.285004
v -27.885771 -9.044142 -120.990242
v -27.784380 -9.012152 -120.476097
v -26.111528 -14.770391 -117.828102
v -26.445559 -12.913078 -118.818069
v -27.762094 -9.735403 -121.285004
v -26.363726 -12.874414 -120.919640
v -15.967747 -25.465694 -117.782425
v -24.483768 -16.536341 -118.682632
v -26.217514 -13.445848 -121.285004
v -24.344677 -16.445713 -120.823112
v -9.072865 -28.401871 -117.983528
v -11.430257 -27.604044 -117.929398
v -22.040409 -19.796808 -118.595779
v -24.194063 -16.921320 -121.285004
v -21.878588 -19.652880 -120.760040
v -18.974026 -22.505884 -119.128281
v -19.087946 -22.643158 -118.606827
v -21.700134 -20.077969 -121.285004
v -15.659790 -24.831472 -119.233307
v -15.742343 -24.967468 -118.715233
v -11.876439 -26.941284 -121.285004
v -18.768005 -22.832027 -121.285004
v -11.992119 -26.702740 -119.357826
v -15.465533 -25.126528 -121.285004
v -8.136878 -28.062494 -119.445518
v -36.366669 -3.235442 -25.400000
v -36.366669 -3.247267 -95.503998
v -36.448242 0.012072 -25.400000
v 22.256073 32.466190 -95.503998
v 24.938913 31.202829 -25.400000
v 22.256073 32.466190 -25.400000
v 35.712635 -9.695012 -25.400000
v 36.121952 -6.470144 -95.503998
v 35.714092 -9.680703 -95.503998
v 36.121246 -6.477331 -25.400000
v 36.366669 -3.235442 -95.503998
v -36.120689 -6.482240 -95.503998
v -36.121952 -6.470144 -25.400000
v 36.366398 -3.248297 -25.400000
v 36.448242 0.012072 -95.503998
v 36.449078 -0.000000 -25.400000
v -35.714092 -9.680703 -25.400000
v -35.712257 -9.698297 -95.503998
v 36.366669 3.247267 -95.503998
v 36.366398 3.248297 -25.400000
v 36.120689 6.482240 -95.503998
v -35.143085 -12.878943 -25.400000
v -35.142590 -12.883709 -95.503998
v 36.121246 6.477331 -25.400000
v 35.712257 9.698297 -95.503998
v 35.713547 9.687103 -25.400000
v -34.411690 -16.038475 -95.503998
v -34.411690 -16.038475 -25.400000
v 35.142590 12.883709 -95.503998
v 35.143299 12.877614 -25.400000
v 34.411690 16.038475 -95.503998
v -33.519558 -19.162596 -25.400000
v -33.519558 -19.162596 -95.503998
v 34.411232 16.042536 -25.400000
v 33.519558 19.162596 -95.503998
v 33.519165 19.166052 -25.400000
v -32.466190 -22.256073 -95.503998
v -32.466190 -22.256073 -25.400000
v 32.466190 22.256073 -95.503998
v -36.448242 -0.012072 -95.503998
v -31.202829 -24.938913 -95.503998
v -31.202829 -24.938913 -25.400000
v -29.489227 -27.377777 -95.503998
v -27.377777 -29.489227 -95.503998
v -29.489227 -27.377777 -25.400000
v -24.938913 -31.202829 -95.503998
v -27.377777 -29.489227 -25.400000
v -22.256073 -32.466190 -95.503998
v -24.938913 -31.202829 -25.400000
v -22.256073 -32.466190 -25.400000
v -19.162596 -33.519558 -25.400000
v -19.166052 -33.519165 -95.503998
v -16.038475 -34.411690 -25.400000
v -16.042536 -34.411232 -95.503998
v -12.877614 -35.143299 -95.503998
v -12.883709 -35.142590 -25.400000
v -9.698297 -35.712257 -25.400000
v -9.687103 -35.713547 -95.503998
v -6.477331 -36.121246 -95.503998
v -6.482240 -36.120689 -25.400000
v -3.248297 -36.366398 -95.503998
v 0.000000 -36.449078 -95.503998
v -3.247267 -36.366669 -25.400000
v 3.248297 -36.366398 -95.503998
v -0.012072 -36.448242 -25.400000
v 3.235442 -36.366669 -25.400000
v 6.470144 -36.121952 -25.400000
v 6.477331 -36.121246 -95.503998
v 9.680703 -35.714092 -25.400000
v 9.695012 -35.712635 -95.503998
v 12.885522 -35.142387 -95.503998
v 12.878943 -35.143085 -25.400000
v 16.042536 -34.411232 -95.503998
v 16.038475 -34.411690 -25.400000
v 19.166052 -33.519165 -95.503998
v 22.256073 -32.466190 -95.503998
v 19.162596 -33.519558 -25.400000
v 22.256073 -32.466190 -25.400000
v -36.366669 3.247267 -25.400000
v -36.366669 3.235442 -95.503998
v -36.120689 6.482240 -25.400000
v -35.712257 9.698297 -25.400000
v -36.121952 6.470144 -95.503998
v -35.714092 9.680703 -95.503998
v -35.142590 12.883709 -25.400000
v -35.143085 12.878943 -95.503998
v -34.411690 16.038475 -25.400000
v -33.519558 19.162596 -25.400000
v -34.411690 16.038475 -95.503998
v -33.519558 19.162596 -95.503998
v -32.466190 22.256073 -25.400000
v -32.466190 22.256073 -95.503998
v -31.202829 24.938913 -25.400000
v -29.489227 27.377777 -25.400000
v -31.202829 24.938913 -95.503998
v -29.489227 27.377777 -95.503998
v -27.377777 29.489227 -95.503998
v -27.377777 29.489227 -25.400000
v -24.938913 31.202829 -95.503998
v -24.938913 31.202829 -25.400000
v -22.256073 32.466190 -25.400000
v -22.256073 32.466190 -95.503998
v -19.162596 33.519558 -95.503998
v -19.162596 33.519558 -25.400000
v -16.038475 34.411690 -95.503998
v -16.038475 34.411690 -25.400000
v -12.878943 35.143085 -25.400000
v -12.883709 35.142590 -95.503998
v -9.698297 35.712257 -95.503998
v -9.680703 35.714092 -25.400000
v -6.482240 36.120689 -95.503998
v -6.470144 36.121952 -25.400000
v -3.235442 36.366669 -25.400000
v -3.247267 36.366669 -95.503998
v 0.012072 36.448242 -25.400000
v -0.012072 36.448242 -95.503998
v 3.247267 36.366669 -25.400000
v 6.482240 36.120689 -25.400000
v 3.235442 36.366669 -95.503998
v 6.470144 36.121952 -95.503998
v 9.698297 35.712257 -25.400000
v 9.680703 35.714092 -95.503998
v 12.883709 35.142590 -25.400000
v 16.038475 34.411690 -25.400000
v 12.878943 35.143085 -95.503998
v 16.038475 34.411690 -95.503998
v 19.162596 33.519558 -25.400000
v 19.162596 33.519558 -95.503998
v 27.377777 29.489227 -95.503998
v 27.377777 29.489227 -25.400000
v 24.938913 31.202829 -95.503998
v 32.466190 22.256073 -25.400000
v 29.489227 27.377777 -95.503998
v 31.202829 24.938913 -25.400000
v 29.489227 27.377777 -25.400000
v 34.411232 -16.042536 -25.400000
v 34.411690 -16.038475 -95.503998
v 33.519165 -19.166052 -25.400000
v 35.142387 -12.885522 -25.400000
v 35.143085 -12.878943 -95.503998
v 32.466190 -22.256073 -25.400000
v 33.519558 -19.162596 -95.503998
v 32.466190 -22.256073 -95.503998
v 31.202829 -24.938913 -25.400000
v 29.489227 -27.377777 -25.400000
v 31.202829 -24.938913 -95.503998
v 29.489227 -27.377777 -95.503998
v 27.377777 -29.489227 -25.400000
v 27.377777 -29.489227 -95.503998
v 24.938913 -31.202829 -95.503998
v 24.938913 -31.202829 -25.400000
v 31.202829 24.938913 -95.503998
v -23.713785 15.982052 -3.048000
v -14.590384 24.539141 -3.048000
v -25.669289 12.272418 -3.048000
v 26.819778 9.226865 -3.048000
v 27.818644 5.123291 -3.048000
v 5.812508 27.693611 -3.048000
v -18.123304 22.221149 -3.048000
v -21.188789 19.355394 -3.048000
v -27.096338 8.307017 -3.048000
v -10.771557 26.282177 -3.048000
v -6.733216 27.498211 -3.048000
v -27.963026 4.199730 -3.048000
v 28.241430 0.944313 -3.048000
v 1.627330 28.211338 -3.048000
v -2.574994 28.146114 -3.048000
v 25.279263 13.136965 -3.048000
v 9.869078 26.606909 -3.048000
v 17.341572 22.797932 -3.048000
v 20.530220 20.058636 -3.048000
v 23.190670 16.795815 -3.048000
v 13.746241 24.972832 -3.048000
v 28.078882 -3.267434 -3.048000
v 8.525674 -27.033508 -3.048000
v 4.508728 -27.918095 -3.048000
v 27.364279 -7.298388 -3.048000
v 26.120367 -11.190964 -3.048000
v 22.091164 -18.289513 -3.048000
v 15.994045 -23.713299 -3.048000
v 24.361765 -14.894040 -3.048000
v 12.358895 -25.631023 -3.048000
v 19.267275 -21.266808 -3.048000
v -28.256245 -0.000000 -3.048000
v 0.434300 -28.253101 -3.048000
v -27.977861 -4.092087 -3.048000
v -7.690141 -27.264626 -3.048000
v -27.156574 -8.092181 -3.048000
v -3.653031 -28.034485 -3.048000
v -15.254674 -24.156290 -3.048000
v -18.614729 -21.826780 -3.048000
v -23.942568 -15.618161 -3.048000
v -11.561602 -25.971239 -3.048000
v -25.796717 -11.978341 -3.048000
v -21.543287 -18.950979 -3.048000
v 32.104496 22.395929 -21.545525
v 30.779030 25.041140 -21.564383
v -35.461006 -4.773540 -17.633978
v -34.662197 -1.525790 -13.862034
v -34.481266 -4.577276 -13.871649
v 24.400190 -31.153059 -21.560825
v 26.863890 -29.494175 -21.571732
v 29.014206 27.434259 -21.573034
v 26.863890 29.494175 -21.571732
v 21.560120 27.890581 -10.473608
v 20.027285 26.063730 -6.991940
v 19.091635 29.177418 -10.421964
v 21.665489 32.381096 -21.540375
v 24.400190 31.153059 -21.560825
v 22.141445 24.479969 -7.017979
v 23.812923 26.271387 -10.499564
v 18.547855 33.436913 -21.527964
v 15.387065 34.326599 -21.516443
v 14.386467 32.662205 -13.956868
v 14.995082 33.692780 -17.694603
v 17.335896 31.732412 -13.992959
v 12.190381 35.048920 -21.504873
v 8.964709 35.602825 -21.494883
v -29.474037 -18.418230 -10.409041
v -30.556240 -15.684795 -10.361032
v -28.780197 -14.595086 -6.870916
v 13.598186 -31.255878 -10.327867
v 17.335896 -31.732412 -13.992959
v 14.386467 -32.662205 -13.956868
v 25.815931 24.339430 -10.502489
v 24.042444 22.638283 -7.020869
v 18.547855 -33.436913 -21.527964
v 21.665489 -32.381096 -21.540375
v 28.879950 19.739141 -10.436628
v 27.067631 18.324108 -6.955070
v 27.517178 22.143831 -10.482289
v 25.693483 20.573812 -7.000695
v 31.473539 18.065739 -14.002396
v 30.036173 17.059107 -10.384377
v 30.345896 20.920673 -14.045630
v 31.033520 14.296787 -10.338698
v 32.445755 15.127967 -13.965723
v 11.878758 34.430168 -17.671160
v 11.397422 33.419907 -13.923490
v 33.188480 19.331587 -21.530869
v 31.897699 -0.000000 -7.212136
v 29.946102 -0.000000 -3.951548
v 31.533195 2.694554 -6.721393
v 33.873436 9.135654 -13.902016
v 34.323307 6.100434 -13.879767
v 32.965694 5.769367 -10.236349
v 34.119823 16.180908 -21.519373
v 34.884090 12.992534 -21.507685
v 36.163971 3.270360 -21.483719
v 35.907143 6.530475 -21.489016
v 36.163971 -3.270361 -21.483719
v 36.259525 -0.000000 -21.589211
v 34.594284 3.051976 -13.865697
v 33.245068 2.885364 -10.220166
v 35.480190 9.773480 -21.497160
v 35.570652 3.183772 -17.629627
v 34.783485 -0.000000 -14.180641
v 33.513485 -0.000000 -10.631611
v 33.246788 12.147829 -13.931426
v 32.502090 8.640351 -10.262360
v 31.856964 11.486413 -10.297202
v 8.378633 34.002563 -13.895740
v 8.733663 34.996365 -17.651363
v 2.288913 34.633888 -13.863571
v 2.388164 35.609070 -17.628063
v 5.339192 34.407894 -13.875444
v 5.567442 35.389816 -17.636738
v -0.796149 35.653019 -17.626236
v -0.762765 34.679195 -13.861100
v 5.716784 35.987335 -21.487406
v 2.453461 36.201488 -21.482901
v -3.814818 34.543404 -13.868394
v -3.978940 35.521294 -17.631603
v -7.152681 35.214779 -17.643358
v -6.860862 34.227531 -13.884601
v -0.818173 36.244400 -21.481937
v -7.343099 35.816315 -21.490803
v -4.086619 36.115761 -21.484749
v -0.720782 33.332623 -10.214968
v -3.606978 33.192604 -10.223243
v -10.580753 35.346985 -21.499590
v -9.891222 33.733261 -13.908744
v -6.488792 32.866970 -10.241966
v -13.792770 34.708748 -21.510571
v 32.502090 -8.640351 -10.262360
v 34.323307 -6.100434 -13.879767
v 33.873436 -9.135654 -13.902016
v -16.972404 33.902603 -21.522263
v -12.896242 33.062767 -13.939670
v -9.354641 32.357719 -10.270290
v -20.112509 32.929691 -21.533873
v -12.192808 31.667665 -10.307071
v -15.866846 32.218586 -13.974681
v -23.075842 31.816475 -21.551531
v -14.992406 30.800274 -10.349756
v -18.792257 31.204226 -14.012110
v -25.665867 30.377638 -21.567379
v -21.568312 30.046976 -14.059221
v -17.740660 29.760319 -10.396525
v -27.983503 28.510296 -21.573709
v -20.356625 28.572460 -10.450998
v -24.039019 28.599710 -14.095465
v -29.949032 26.273911 -21.569838
v -22.714153 27.122721 -10.489472
v -26.264585 26.774294 -14.109362
v -31.499107 23.744514 -21.556585
v -28.177254 24.620937 -14.100944
v -24.849321 25.341660 -10.503974
v -32.660553 20.890512 -21.537025
v -26.707241 23.270821 -10.495225
v -29.722330 22.205393 -14.070763
v -33.674957 17.761427 -21.525110
v -28.242510 20.964003 -10.463247
v -30.924541 19.515297 -14.022163
v -31.980783 16.602880 -13.983741
v -29.474037 18.418230 -10.409041
v -30.556240 15.684796 -10.361032
v -32.867889 13.642507 -13.948167
v -34.522915 14.590983 -21.513498
v -33.582077 10.645176 -13.915912
v -31.467281 12.896796 -10.317308
v -35.203224 11.386420 -21.502167
v -32.202049 10.067158 -10.278764
v -34.120605 7.620315 -13.889930
v -35.714870 8.154546 -21.492762
v -34.662197 1.525790 -13.862034
v -35.636532 1.592247 -17.626928
v -34.481266 4.577277 -13.871649
v -36.056881 4.902130 -21.485981
v -35.714870 -8.154546 -21.492762
v -36.056881 -4.902130 -21.485981
v -36.228302 1.636029 -21.482304
v -34.522915 -14.590982 -21.513498
v -33.674957 -17.761425 -21.525110
v -33.893082 -14.219125 -17.688551
v -33.582077 -10.645176 -13.915912
v -32.867889 -13.642507 -13.948167
v -28.242510 -20.964003 -10.463247
v -26.416420 -19.469645 -6.981521
v -26.707241 -23.270821 -10.495225
v -32.660553 -20.890512 -21.537025
v -23.075842 -31.816475 -21.551531
v -25.665869 -30.377638 -21.567379
v -28.177254 -24.620937 -14.100944
v -29.722330 -22.205393 -14.070763
v -16.972404 -33.902603 -21.522263
v -13.792770 -34.708748 -21.510571
v -22.714153 -27.122721 -10.489472
v -21.568312 -30.046976 -14.059221
v -24.039019 -28.599710 -14.095465
v -12.896242 -33.062767 -13.939670
v -15.866846 -32.218586 -13.974681
v -14.992406 -30.800274 -10.349756
v -3.814818 -34.543404 -13.868394
v -6.860862 -34.227531 -13.884601
v -6.488792 -32.866970 -10.241966
v -4.086619 -36.115761 -21.484749
v -7.343099 -35.816315 -21.490803
v 2.163661 -33.285900 -10.217754
v 5.339192 -34.407894 -13.875444
v 2.288913 -34.633888 -13.863571
v 2.453461 -36.201488 -21.482901
v 5.716784 -35.987335 -21.487406
v 11.397421 -33.419907 -13.923490
v 10.777799 -32.035114 -10.287750
v 12.190381 -35.048920 -21.504873
v 15.387065 -34.326599 -21.516443
v 25.186697 -27.731565 -14.105103
v 22.830460 -29.372522 -14.080502
v 21.560120 -27.890581 -10.473608
v 28.998148 -23.442081 -14.088670
v 27.263588 -25.735004 -14.107923
v 25.815931 -24.339430 -10.502489
v 23.812923 -26.271387 -10.499564
v 32.104496 -22.395929 -21.545525
v 33.188480 -19.331587 -21.530869
v 27.517178 -22.143831 -10.482289
v 30.345896 -20.920673 -14.045630
v 31.473539 -18.065739 -14.002396
v 30.036173 -17.059107 -10.384377
v 32.445755 -15.127967 -13.965723
v 34.119823 -16.180908 -21.519373
v 31.033520 -14.296787 -10.338698
v 33.246788 -12.147829 -13.931426
v 34.884090 -12.992534 -21.507685
v 33.245068 -2.885364 -10.220166
v 31.246626 -5.386838 -6.737611
v 31.533195 -2.694554 -6.721393
v 29.898102 -1.723418 -3.949704
v 29.753824 -3.449413 -3.944009
v 32.965694 -5.769367 -10.236349
v 30.771240 -8.063231 -6.764368
v 35.307732 -6.360530 -17.639870
v 35.480190 -9.773481 -21.497160
v 35.907143 -6.530476 -21.489016
v 35.570652 -3.183772 -17.629627
v 35.704353 -0.000000 -17.849424
v 28.879950 -19.739141 -10.436628
v 30.110310 -10.709688 -6.801030
v 29.014206 -27.434259 -21.573034
v 30.779030 -25.041140 -21.564383
v 20.234703 -30.634548 -14.032617
v 19.091635 -29.177418 -10.421964
v 16.373758 -30.301510 -10.372560
v 8.378633 -34.002563 -13.895740
v 5.049151 -33.052898 -10.231346
v 7.924481 -32.635120 -10.254986
v 8.964709 -35.602825 -21.494883
v -0.762765 -34.679195 -13.861100
v -0.720782 -33.332623 -10.214968
v -31.499107 -23.744514 -21.556585
v -29.949032 -26.273911 -21.569838
v -20.112509 -32.929691 -21.533873
v -3.606978 -33.192604 -10.223243
v -26.264585 -26.774294 -14.109362
v -0.818173 -36.244400 -21.481937
v -9.891222 -33.733261 -13.908744
v -12.192808 -31.667665 -10.307071
v -9.354641 -32.357719 -10.270290
v -10.580753 -35.346985 -21.499590
v -20.356625 -28.572460 -10.450998
v -18.792257 -31.204226 -14.012110
v -17.740660 -29.760319 -10.396525
v -24.849321 -25.341660 -10.503974
v -27.983503 -28.510296 -21.573709
v -30.924541 -19.515297 -14.022163
v -31.996437 -20.354441 -17.738844
v -31.980783 -16.602880 -13.983741
v -27.676126 -17.108561 -6.925194
v -33.028496 -17.308620 -17.712950
v -35.203224 -11.386419 -21.502167
v -34.120605 -7.620315 -13.889930
v -35.110985 -7.943769 -17.647194
v -34.587830 -11.094893 -17.665771
v -36.228302 -1.636029 -21.482304
v -35.636532 -1.592247 -17.626928
v 35.307732 6.360529 -17.639870
v 29.572353 4.803990 -3.936707
v 29.852442 2.412092 -3.948021
v 34.870949 9.522233 -17.655855
v 31.246626 5.386838 -6.737611
v 29.105818 7.175694 -3.917617
v 30.110310 10.709688 -6.801030
v 30.771240 8.063231 -6.764368
v 34.261803 12.660836 -17.676783
v 28.453976 9.522550 -3.890815
v 29.267843 13.313542 -6.846005
v 33.481895 15.768745 -17.700708
v 27.632023 11.782380 -3.857160
v 28.249332 15.860666 -6.897290
v 32.533237 18.837530 -17.725487
v 26.634811 13.975188 -3.816722
v 31.431166 21.821774 -17.755846
v 25.463108 16.088991 -3.772539
v 30.096764 24.422359 -17.790365
v 28.998148 23.442081 -14.088670
v 24.117207 18.118574 -3.727566
v 28.342093 26.779957 -17.806044
v 27.263588 25.735004 -14.107923
v 22.600382 20.008993 -3.705186
v 26.217335 28.817949 -17.803719
v 25.186697 27.731565 -14.105103
v 20.916416 21.772526 -3.698169
v 23.791925 30.471106 -17.783812
v 22.830460 29.372522 -14.080502
v 19.086636 23.374884 -3.712536
v 21.108078 31.712561 -17.745996
v 17.725336 27.373924 -6.939741
v 20.234703 30.634548 -14.032617
v 17.117918 24.818995 -3.744192
v 18.074511 32.786079 -17.719149
v 15.229980 28.520113 -6.883915
v 16.373758 30.301510 -10.372560
v 15.059290 26.071608 -3.787306
v 12.900730 27.149670 -3.836791
v 12.667336 29.495193 -6.834106
v 13.598186 31.255878 -10.327867
v 10.666257 28.062616 -3.873872
v 10.051545 30.292755 -6.790999
v 10.777800 32.035114 -10.287750
v 8.362268 28.801725 -3.905066
v 7.396394 30.907618 -6.756720
v 7.924481 32.635120 -10.254986
v 6.021287 29.357420 -3.927866
v 4.714756 31.336073 -6.732551
v 5.049151 33.052898 -10.231346
v 3.636546 29.731533 -3.943167
v 2.020543 31.575089 -6.719023
v 2.163661 33.285900 -10.217754
v 1.219500 29.920441 -3.950675
v -0.673028 31.623020 -6.716315
v -1.207686 29.922951 -3.950639
v -3.368418 31.479380 -6.724438
v -10.309352 34.734764 -17.660662
v -3.611483 29.735586 -3.943204
v -6.057962 31.145365 -6.743332
v -13.441001 34.082764 -17.682594
v -5.997266 29.361650 -3.928105
v -8.728170 30.623272 -6.772640
v -16.539984 33.260448 -17.706823
v -8.354795 28.802675 -3.905158
v -11.365184 29.916512 -6.811582
v -10.660288 28.064669 -3.874871
v -13.956202 29.029478 -6.858281
v -19.597548 32.270008 -17.732031
v -12.893009 27.152475 -3.837538
v -16.486933 27.967966 -6.911047
v -18.901661 26.751177 -6.969288
v -22.489992 31.138948 -17.766764
v -17.116142 24.813530 -3.748666
v -15.047860 26.067968 -3.795107
v -21.108553 25.306000 -7.007915
v -25.037155 29.696262 -17.795853
v -19.074865 23.382256 -3.714737
v -23.121124 23.589319 -7.022327
v -27.322342 27.843222 -17.807238
v -20.914162 21.772291 -3.699260
v -24.901337 21.631304 -7.013665
v -29.269693 25.635914 -17.800310
v -22.599670 20.013411 -3.702960
v -26.416420 19.469645 -6.981521
v -30.818720 23.147261 -17.776012
v -24.123100 18.111214 -3.726888
v -27.676126 17.108561 -6.925194
v -31.996437 20.354441 -17.738844
v -25.468601 16.099733 -3.764093
v -28.780197 14.595086 -6.870916
v -33.028496 17.308620 -17.712950
v -26.634497 13.981698 -3.814178
v -29.711445 12.017809 -6.822619
v -33.893082 14.219125 -17.688551
v -27.630634 11.786929 -3.856047
v -30.463766 9.390980 -6.781524
v -34.587830 11.094893 -17.665771
v -28.456743 9.513756 -3.890720
v -31.032343 6.727893 -6.749705
v -32.756763 7.207230 -10.248183
v -35.110985 7.943769 -17.647194
v -29.102583 7.193696 -3.917404
v -31.413664 4.041897 -6.728158
v -33.128544 4.328307 -10.226974
v -35.461006 4.773540 -17.633978
v -29.569572 4.821472 -3.936586
v -31.605036 1.346622 -6.717330
v -33.315094 1.442068 -10.216018
v -29.850084 2.426095 -3.947924
v -31.605036 -1.346622 -6.717330
v -33.315094 -1.442068 -10.216018
v -29.946108 0.000001 -3.951557
v -31.413664 -4.041897 -6.728158
v -33.128544 -4.328307 -10.226974
v -29.847010 -2.464447 -3.947797
v -29.558186 -4.895000 -3.936125
v -31.032343 -6.727893 -6.749705
v -32.756763 -7.207230 -10.248183
v -29.079636 -7.291657 -3.916542
v -30.463766 -9.390980 -6.781524
v -32.202049 -10.067158 -10.278764
v -28.412298 -9.649861 -3.889127
v -29.711445 -12.017808 -6.822619
v -31.467281 -12.896796 -10.317308
v -27.559320 -11.954353 -3.854149
v -26.527124 -14.188616 -3.812524
v -30.818720 -23.147261 -17.776012
v -25.328039 -16.316605 -3.765905
v -29.269693 -25.635912 -17.800310
v -23.943800 -18.346804 -3.726153
v -24.901339 -21.631304 -7.013665
v -27.322342 -27.843222 -17.807238
v -22.364580 -20.274040 -3.702754
v -23.121124 -23.589319 -7.022327
v -25.037155 -29.696262 -17.795853
v -20.630613 -22.043674 -3.698961
v -21.108553 -25.306000 -7.007915
v -22.489992 -31.138948 -17.766764
v -18.750006 -23.642477 -3.716668
v -18.901661 -26.751177 -6.969288
v -16.539984 -33.260448 -17.706823
v -19.597548 -32.270008 -17.732031
v -16.740986 -25.064537 -3.751662
v -16.486933 -27.967966 -6.911047
v -13.441001 -34.082764 -17.682594
v -14.602708 -26.311663 -3.803312
v -13.956202 -29.029478 -6.858281
v -10.309352 -34.734764 -17.660662
v -12.398268 -27.375292 -3.844524
v -11.365184 -29.916512 -6.811582
v -7.152681 -35.214779 -17.643358
v -10.112225 -28.258280 -3.882684
v -8.728170 -30.623272 -6.772640
v -3.978940 -35.521294 -17.631603
v -7.772211 -28.959515 -3.911485
v -6.057962 -31.145365 -6.743332
v -0.796149 -35.653019 -17.626236
v -5.374729 -29.477177 -3.932846
v -3.368418 -31.479380 -6.724438
v 2.388164 -35.609070 -17.628063
v -2.935581 -29.805511 -3.946086
v -0.673028 -31.623020 -6.716315
v 5.567442 -35.389816 -17.636738
v -0.475737 -29.942699 -3.951511
v 2.020543 -31.575089 -6.719023
v 8.733662 -34.996365 -17.651363
v 1.970200 -29.883556 -3.949176
v 4.714755 -31.336073 -6.732551
v 4.409033 -29.630861 -3.938972
v 7.396394 -30.907618 -6.756720
v 11.878757 -34.430168 -17.671160
v 6.835904 -29.184855 -3.920852
v 10.051544 -30.292755 -6.790999
v 14.995082 -33.692780 -17.694603
v 11.513743 -27.739754 -3.861428
v 9.205724 -28.554195 -3.894999
v 15.229980 -28.520113 -6.883915
v 12.667336 -29.495193 -6.834106
v 18.074511 -32.786079 -17.719149
v 13.744919 -26.748907 -3.821372
v 17.725334 -27.373924 -6.939741
v 21.108078 -31.712561 -17.745996
v 15.901992 -25.579382 -3.775466
v 20.027285 -26.063730 -6.991940
v 23.791925 -30.471106 -17.783812
v 17.957378 -24.225515 -3.736027
v 22.141445 -24.479969 -7.017979
v 26.217335 -28.817949 -17.803719
v 19.907360 -22.692621 -3.703575
v 24.042444 -22.638283 -7.020869
v 28.342093 -26.779957 -17.806044
v 21.695734 -20.996433 -3.697789
v 25.693483 -20.573812 -7.000695
v 30.096762 -24.422359 -17.790365
v 23.331415 -19.142456 -3.711743
v 27.067631 -18.324108 -6.955070
v 31.431166 -21.821775 -17.755846
v 24.791288 -17.153606 -3.745706
v 28.249332 -15.860667 -6.897290
v 32.533237 -18.837530 -17.725487
v 26.074127 -15.050705 -3.790066
v 29.267843 -13.313542 -6.846005
v 33.481895 -15.768745 -17.700708
v 27.169413 -12.863641 -3.835389
v 31.856964 -11.486413 -10.297202
v 34.261803 -12.660836 -17.676783
v 28.087029 -10.598464 -3.875455
v 34.870949 -9.522233 -17.655855
v 28.828814 -8.262957 -3.906165
v 34.594284 -3.051976 -13.865697
v 29.384359 -5.880104 -3.929009
v -29.363445 -22.811504 -107.030190
v -27.880474 -21.534536 -110.728676
v -30.637093 -20.217823 -107.083252
v -1.443185 33.392929 -111.020676
v -1.349391 31.720881 -114.625511
v 1.443185 33.392929 -111.020676
v -29.186632 -19.069704 -110.786087
v -31.746056 -17.325678 -107.129753
v -33.438137 -18.545877 -99.440750
v -34.329117 -15.385790 -99.454849
v -30.328531 -16.362282 -110.843262
v -28.566801 -15.222318 -114.438614
v -31.298475 -13.594213 -110.894745
v -35.052547 -12.189611 -99.468536
v -27.715456 -25.167459 -107.002945
v -26.249697 -23.786451 -110.699753
v -32.380882 -21.662607 -99.425407
v -31.151440 -24.397120 -99.402458
v -35.607342 -8.964279 -99.480171
v -8.642799 -32.565796 -110.968895
v -12.145130 -33.276592 -107.201057
v -9.135095 -33.910252 -107.234489
v 0.000000 -36.253990 -99.499580
v -19.715378 -28.883957 -110.769630
v -23.422909 -28.986876 -107.021126
v -20.902664 -30.345274 -107.068642
v -22.392906 -32.103893 -99.419525
v -25.038073 -30.777143 -99.398453
v -27.431326 -29.011562 -99.388786
v -18.054026 -31.484520 -107.118660
v -17.045305 -30.058937 -110.829567
v -19.329403 -33.189358 -99.437141
v -15.121613 -32.466873 -107.161598
v -14.291214 -31.072445 -110.882339
v -5.772403 -33.037445 -110.998055
v -6.100808 -34.365257 -107.259621
v -11.486156 -31.909637 -110.929611
v -9.772979 -35.484509 -99.477524
v -12.991654 -34.887459 -99.465240
v -16.179476 -34.122032 -99.451317
v -2.887414 -33.321686 -111.016083
v -3.052428 -34.639355 -107.275406
v -6.530215 -35.912159 -99.486946
v -29.491676 -26.860901 -99.390228
v -22.117786 -27.503426 -110.718987
v -25.715994 -27.246416 -106.999840
v -3.270253 -36.169418 -99.493011
v -24.313236 -25.792534 -110.696510
v -3.183659 -35.591560 -103.425568
v 0.000000 -34.730980 -107.280876
v 0.000000 -33.418434 -111.016663
v 0.000000 -31.746780 -114.622566
v -2.699732 -31.647396 -114.621048
v 0.000000 -35.681320 -103.425209
v 3.270253 -36.169418 -99.493011
v -35.992485 -5.716568 -99.488792
v -32.090813 -10.778444 -110.940292
v -29.563202 -12.669465 -114.495270
v -36.206997 -2.453382 -99.493935
v -32.701126 -7.927253 -110.977180
v -30.378613 -10.059148 -114.543724
v -31.007463 -7.405682 -114.581947
v -33.126171 -5.052072 -111.003639
v -36.249985 0.818147 -99.495026
v -36.121128 4.086480 -99.491837
v -33.363232 -2.165273 -111.018753
v -31.445751 -4.722619 -114.608749
v -35.821182 7.342788 -99.484886
v -31.690248 -2.024568 -114.623650
v -33.410763 0.721358 -111.021835
v -31.739275 0.674450 -114.626617
v -33.268311 3.609400 -111.012665
v -31.592346 3.374629 -114.617699
v -32.937000 6.491848 -110.991776
v -35.351086 10.580172 -99.474701
v -31.250662 6.066876 -114.596809
v -32.418938 9.356632 -110.959976
v 8.642799 -32.565796 -110.968895
v 6.100808 -34.365257 -107.259621
v 9.135095 -33.910252 -107.234489
v -34.711845 13.791771 -99.461838
v -33.904491 16.970802 -99.447800
v -30.716629 8.737052 -114.564224
v -31.717142 12.191486 -110.918427
v -32.930210 20.110106 -99.433411
v -30.835381 14.985041 -110.869621
v -29.993902 11.370564 -114.520653
v -31.815493 23.072798 -99.412857
v -29.087250 13.953973 -114.467857
v -29.778694 17.724344 -110.815491
v -30.375515 25.662813 -99.395088
v -28.002764 16.472754 -114.407585
v -28.571209 20.332243 -110.753784
v -28.507534 27.980644 -99.388039
v -27.105820 22.687803 -110.710976
v -26.758455 18.876331 -114.341774
v -26.270882 29.946707 -99.392342
v -25.290884 21.080219 -114.298378
v -25.316967 24.823704 -110.694870
v -23.741455 31.497789 -99.407211
v -23.563150 23.093670 -114.282181
v -23.244314 26.687704 -110.704567
v -20.887877 32.660713 -99.429520
v -20.938995 28.236561 -110.740211
v -21.602697 24.882463 -114.291908
v -17.759642 33.676521 -99.444290
v -19.443375 26.416969 -114.328094
v -18.399208 29.487894 -110.801003
v -17.090698 27.704695 -114.391411
v -15.675463 30.587378 -110.856598
v -14.590273 28.832533 -114.453461
v -12.894238 31.513397 -110.906784
v -14.589851 34.525726 -99.458366
v -12.021697 29.784254 -114.508232
v -10.068550 32.260597 -110.950432
v -11.385749 35.207096 -99.471703
v -7.210201 32.824879 -110.984810
v -9.399336 30.553497 -114.554314
v -8.154179 35.719570 -99.482628
v -4.331021 33.203133 -111.008514
v -6.737085 31.135048 -114.589745
v -4.901955 36.062145 -99.490425
v 4.901955 36.062145 -99.490425
v 8.154179 35.719570 -99.482628
v -1.635978 36.233860 -99.494614
v 14.589851 34.525726 -99.458366
v 17.759642 33.676521 -99.444290
v 6.737085 31.135048 -114.589745
v 10.068550 32.260597 -110.950432
v 7.210201 32.824879 -110.984810
v 23.741455 31.497789 -99.407211
v 26.270882 29.946707 -99.392342
v 15.675463 30.587378 -110.856598
v 14.590273 28.832533 -114.453461
v 18.399208 29.487894 -110.801003
v 28.571209 20.332243 -110.753784
v 27.105820 22.687805 -110.710976
v 25.290884 21.080219 -114.298378
v 25.316967 24.823706 -110.694870
v 23.244314 26.687704 -110.704567
v 21.602697 24.882463 -114.291908
v 29.087250 13.953973 -114.467857
v 31.717142 12.191486 -110.918427
v 30.835381 14.985041 -110.869621
v 32.930210 20.110106 -99.433411
v 31.815493 23.072798 -99.412857
v 34.711845 13.791771 -99.461838
v 35.351086 10.580173 -99.474701
v 34.268387 6.861095 -107.254181
v 32.937000 6.491848 -110.991776
v 34.587887 3.815315 -107.272392
v 36.121128 4.086480 -99.491837
v 35.821182 7.342788 -99.484886
v 34.450817 -5.339655 -107.264488
v 34.679413 -2.289286 -107.277779
v 33.363232 -2.165273 -111.018753
v 36.206997 -2.453382 -99.493935
v 35.992485 -5.716568 -99.488792
v 33.451630 -11.395388 -107.210106
v 32.090813 -10.778444 -110.940292
v 32.685638 -14.381186 -107.171852
v 35.052547 -12.189611 -99.468536
v 34.329117 -15.385789 -99.454849
v 29.363445 -22.811504 -107.030190
v 30.637093 -20.217823 -107.083252
v 29.186632 -19.069704 -110.786087
v 31.151440 -24.397120 -99.402458
v 32.380882 -21.662607 -99.425407
v 25.715994 -27.246416 -106.999840
v 27.715458 -25.167459 -107.002945
v 26.249697 -23.786451 -110.699753
v 27.880474 -21.534536 -110.728676
v 22.392906 -32.103893 -99.419525
v 19.329403 -33.189358 -99.437141
v 24.313236 -25.792534 -110.696510
v 23.422909 -28.986876 -107.021126
v 20.902664 -30.345274 -107.068642
v 19.715378 -28.883957 -110.769630
v 18.054026 -31.484520 -107.118660
v 16.179476 -34.122032 -99.451317
v 12.991654 -34.887459 -99.465240
v 5.395305 -31.354250 -114.603149
v 2.699732 -31.647396 -114.621048
v 15.121614 -32.466873 -107.161598
v 14.291214 -31.072445 -110.882339
v 12.145130 -33.276592 -107.201057
v 11.486156 -31.909637 -110.929611
v 10.716303 -30.192051 -114.532494
v 8.072420 -30.867971 -114.573441
v 6.530215 -35.912159 -99.486946
v 9.772980 -35.484509 -99.477524
v 3.183659 -35.591560 -103.425568
v 6.360099 -35.327084 -103.413986
v 22.117786 -27.503426 -110.718987
v 17.045305 -30.058937 -110.829567
v 27.431326 -29.011562 -99.388786
v 25.038073 -30.777143 -99.398453
v 29.491678 -26.860901 -99.390228
v 31.746056 -17.325678 -107.129753
v 31.298475 -13.594213 -110.894745
v 30.328531 -16.362282 -110.843262
v 32.418938 9.356632 -110.959976
v 33.768494 9.890253 -107.226860
v 33.438137 -18.545877 -99.440750
v 36.249985 0.818147 -99.495026
v 33.126171 -5.052072 -111.003639
v 34.040844 -8.378405 -107.241600
v 32.701126 -7.927253 -110.977180
v 35.607342 -8.964278 -99.480171
v 33.268311 3.609400 -111.012665
v 34.725246 0.762905 -107.280525
v 33.410763 0.721358 -111.021835
v 33.090546 12.892784 -107.191635
v 33.904491 16.970802 -99.447800
v 29.993902 11.370564 -114.520653
v 26.758455 18.876333 -114.341774
v 29.778694 17.724344 -110.815491
v 28.002764 16.472755 -114.407585
v -4.049008 31.525124 -114.613594
v 1.635978 36.233860 -99.494614
v 23.563150 23.093670 -114.282181
v 30.375515 25.662813 -99.395088
v 4.331021 33.203133 -111.008514
v 4.049008 31.525124 -114.613594
v 28.507532 27.980644 -99.388039
v 11.385749 35.207096 -99.471703
v 17.090698 27.704697 -114.391411
v 20.938995 28.236561 -110.740211
v 19.443373 26.416969 -114.328094
v 20.887877 32.660713 -99.429520
v 9.399335 30.553497 -114.554314
v 12.894238 31.513397 -110.906784
v 12.021697 29.784254 -114.508232
v 1.349391 31.720881 -114.625511
v -5.395305 -31.354250 -114.603149
v -6.360098 -35.327084 -103.413986
v -8.072420 -30.867971 -114.573441
v -9.521113 -34.887753 -103.395760
v -10.716303 -30.192051 -114.532494
v -12.658486 -34.275139 -103.371719
v -13.313635 -29.330837 -114.481804
v -15.764473 -33.490967 -103.343834
v -15.849887 -28.290173 -114.423317
v -18.830553 -32.537373 -103.314270
v -18.299707 -27.082449 -114.357590
v -21.811707 -31.429737 -103.278679
v -20.545961 -25.682865 -114.306519
v -24.411909 -30.090385 -103.240486
v -22.610041 -24.018101 -114.283813
v -26.769777 -28.332890 -103.223145
v -24.458038 -22.112844 -114.287056
v -28.809271 -26.207001 -103.225700
v -26.058325 -20.000145 -114.316383
v -30.465754 -23.781528 -103.247780
v -27.396084 -17.703489 -114.374802
v -31.712624 -21.098549 -103.289795
v -32.791508 -18.068283 -103.321869
v -33.702988 -14.991364 -103.351013
v -32.685638 -14.381186 -107.171852
v -34.444450 -11.876775 -103.378204
v -33.451630 -11.395388 -107.210106
v -35.013893 -8.732759 -103.400894
v -34.040844 -8.378405 -107.241600
v -35.409653 -5.567121 -103.417534
v -34.450817 -5.339655 -107.264488
v -35.630207 -2.388091 -103.427322
v -34.679413 -2.289286 -107.277779
v -35.674416 0.796129 -103.429367
v -34.725246 0.762905 -107.280525
v -35.541908 3.978776 -103.423340
v -34.587887 3.815315 -107.272392
v -35.233585 7.152119 -103.410019
v -34.268387 6.861095 -107.254181
v -34.750782 10.307982 -103.390251
v -33.768494 9.890253 -107.226860
v -34.095104 13.438241 -103.364998
v -33.090546 12.892784 -107.191635
v -33.268349 16.535107 -103.336594
v -32.237301 15.859307 -107.151169
v -32.272820 19.589773 -103.306435
v -31.212467 18.778936 -107.107254
v -31.136063 22.479803 -103.266663
v -30.043209 21.549973 -107.053719
v -29.688988 25.026699 -103.234398
v -28.586535 24.019728 -107.013588
v -27.833599 27.312397 -103.221832
v -26.756294 26.245979 -106.998260
v -25.625492 29.261656 -103.229462
v -24.601616 28.162470 -107.007530
v -23.136957 30.814529 -103.256439
v -22.186726 29.715750 -107.040985
v -20.345816 31.997889 -103.298294
v -19.500256 30.929968 -107.095467
v -17.303091 33.035179 -103.329292
v -16.594053 31.997005 -107.140572
v -14.215910 33.904377 -103.358078
v -13.638189 32.893547 -107.181885
v -11.093235 34.603008 -103.384392
v -10.643717 33.615612 -107.218727
v -7.943050 35.129181 -103.405647
v -7.620349 34.160236 -107.248161
v -4.773307 35.481266 -103.420654
v -4.577780 34.525036 -107.268745
v -1.592203 35.657829 -103.428596
v -1.526056 34.708050 -107.279488
v 1.592203 35.657829 -103.428596
v 1.526056 34.708050 -107.279488
v 4.773307 35.481266 -103.420654
v 4.577780 34.525036 -107.268745
v 7.943050 35.129181 -103.405647
v 7.620349 34.160236 -107.248161
v 11.093235 34.603008 -103.384392
v 10.643717 33.615612 -107.218727
v 14.215910 33.904377 -103.358078
v 13.638189 32.893547 -107.181885
v 17.303091 33.035179 -103.329292
v 16.594053 31.997005 -107.140572
v 20.345816 31.997889 -103.298294
v 19.500256 30.929968 -107.095467
v 23.136957 30.814529 -103.256439
v 22.186726 29.715750 -107.040985
v 25.625492 29.261656 -103.229462
v 24.601616 28.162470 -107.007530
v 27.833599 27.312397 -103.221832
v 26.756294 26.245979 -106.998260
v 29.688988 25.026699 -103.234398
v 28.586535 24.019728 -107.013588
v 31.136063 22.479803 -103.266663
v 30.043209 21.549973 -107.053719
v 32.272820 19.589773 -103.306435
v 31.212467 18.778936 -107.107254
v 33.268349 16.535107 -103.336594
v 32.237301 15.859307 -107.151169
v 34.095104 13.438241 -103.364998
v 34.750782 10.307982 -103.390251
v 30.716629 8.737052 -114.564224
v 35.233585 7.152119 -103.410019
v 31.250662 6.066876 -114.596809
v 35.541908 3.978776 -103.423340
v 31.592346 3.374629 -114.617699
v 35.674416 0.796129 -103.429367
v 31.739275 0.674450 -114.626617
v 35.630207 -2.388091 -103.427322
v 31.690248 -2.024568 -114.623650
v 35.409653 -5.567120 -103.417534
v 31.445751 -4.722619 -114.608749
v 35.013893 -8.732759 -103.400894
v 31.007463 -7.405682 -114.581947
v 34.444450 -11.876775 -103.378204
v 30.378613 -10.059148 -114.543724
v 33.702988 -14.991364 -103.351013
v 29.563202 -12.669465 -114.495270
v 32.791508 -18.068283 -103.321869
v 28.566801 -15.222318 -114.438614
v 31.712626 -21.098549 -103.289795
v 27.396084 -17.703489 -114.374802
v 30.465754 -23.781528 -103.247780
v 26.058325 -20.000145 -114.316383
v 28.809271 -26.207001 -103.225700
v 24.458038 -22.112844 -114.287056
v 26.769777 -28.332890 -103.223145
v 22.610041 -24.018101 -114.283813
v 24.411909 -30.090385 -103.240486
v 20.545963 -25.682865 -114.306519
v 21.811707 -31.429737 -103.278679
v 18.299707 -27.082449 -114.357590
v 18.830553 -32.537373 -103.314270
v 15.849887 -28.290173 -114.423317
v 15.764473 -33.490967 -103.343834
v 13.313635 -29.330837 -114.481804
v 12.658487 -34.275139 -103.371719
v 9.521113 -34.887753 -103.395760
v 5.772403 -33.037445 -110.998055
v 2.887414 -33.321686 -111.016083
v 3.052428 -34.639355 -107.275406
v 18.031170 -22.331182 -121.285004
v 28.057791 -6.046916 -121.285004
v 9.561778 -27.062468 -121.285004
v 4.850662 -28.289148 -121.285004
v 11.822390 26.154079 -121.285004
v 25.628757 12.921748 -121.285004
v -28.057791 -6.046916 -121.285004
v -28.676138 -1.218147 -121.285004
v -25.628757 12.921748 -121.285004
v -7.232275 27.775871 -121.285004
v -18.031170 -22.331182 -121.285004
v 0.000000 -28.702000 -121.285004
v -4.850662 -28.289148 -121.285004
v -9.561778 -27.062468 -121.285004
v -13.997820 -25.057251 -121.285004
v -21.545797 -18.962687 -121.285004
v -24.440590 -15.048668 -121.285004
v -26.632271 -10.701727 -121.285004
v -28.469526 3.645665 -121.285004
v -27.443897 8.404599 -121.285004
v -23.076326 17.067162 -121.285004
v -19.860029 20.721584 -121.285004
v -16.072397 23.779884 -121.285004
v -11.822390 26.154079 -121.285004
v -2.434100 28.598600 -121.285004
v 2.434100 28.598600 -121.285004
v 7.232275 27.775871 -121.285004
v 16.072397 23.779884 -121.285004
v 19.860029 20.721584 -121.285004
v 23.076326 17.067162 -121.285004
v 27.443897 8.404599 -121.285004
v 28.469526 3.645665 -121.285004
v 28.676138 -1.218147 -121.285004
v 26.632271 -10.701727 -121.285004
v 24.440590 -15.048668 -121.285004
v 21.545797 -18.962687 -121.285004
v 13.997820 -25.057251 -121.285004
v -28.603968 -2.370192 -139.826996
v -28.603968 2.370192 -139.826996
v -0.000000 28.702000 -139.826996
v -27.823727 -7.045925 -139.826996
v -26.284527 -11.529462 -139.826996
v -24.028353 -15.698506 -139.826996
v -21.116747 -19.439335 -139.826996
v -17.629133 -22.649910 -139.826996
v -13.660642 -25.242655 -139.826996
v -9.319524 -27.146847 -139.826996
v -4.724194 -28.310543 -139.826996
v -0.000000 -28.702000 -139.826996
v -27.823727 7.045925 -139.826996
v -26.284527 11.529462 -139.826996
v -24.028353 15.698506 -139.826996
v -21.116747 19.439335 -139.826996
v -17.629133 22.649910 -139.826996
v -13.660642 25.242655 -139.826996
v -9.319524 27.146847 -139.826996
v -4.724194 28.310543 -139.826996
v 9.645289 27.032818 -139.826996
v 14.113718 24.992153 -139.826996
v 4.894328 28.281626 -139.826996
v 24.578930 14.821640 -139.826996
v 21.691525 18.795813 -139.826996
v 18.168724 22.219412 -139.826996
v 28.130329 5.699944 -139.826996
v 28.690294 0.819616 -139.826996
v 26.746361 10.413307 -139.826996
v 25.573509 -13.030743 -139.826996
v 27.297224 -8.869406 -139.826996
v 28.409855 -4.084721 -139.826996
v 16.869740 -23.220999 -139.826996
v 20.294724 -20.296003 -139.826996
v 23.220011 -16.871140 -139.826996
v 13.029463 -25.574118 -139.826996
v 8.868516 -27.297468 -139.826996
v 4.489408 -28.348690 -139.826996
v 14.725426 25.881382 -3.482399
v -28.602207 -2.995301 -3.108654
v -28.725199 1.239878 -3.109028
v 24.356783 17.232634 -3.448013
v 21.619747 20.622749 -3.423261
v 21.066919 20.099787 -3.090956
v 23.705280 16.801334 -3.093883
v 25.783802 13.122719 -3.099836
v 18.374170 23.533745 -3.435742
v 26.525772 13.470309 -3.498041
v 27.323738 9.211664 -3.104629
v 28.132324 9.464120 -3.538012
v 29.172722 5.234445 -3.564121
v 28.320568 5.091607 -3.107778
v 29.431173 -3.414357 -3.570499
v 29.607449 0.929268 -3.574745
v 29.027418 -3.370490 -3.285939
v 29.200518 0.917241 -3.287923
v 28.568195 -3.320597 -3.108550
v 28.737125 0.903545 -3.109064
v 17.913029 22.915380 -3.092430
v 14.350423 25.165810 -3.097969
v 10.499722 26.884350 -3.103247
v 10.784653 27.673834 -3.526513
v 6.634431 28.897921 -3.557256
v 6.454576 28.057280 -3.106949
v 2.345611 29.531710 -3.572938
v -6.287972 28.972174 -3.559116
v 2.280979 28.664537 -3.108845
v -1.948710 28.687817 -3.108915
v -2.003989 29.556000 -3.573521
v -6.117213 28.128422 -3.107173
v -10.200565 26.992109 -3.103585
v -10.478048 27.786270 -3.529328
v -14.427831 26.040808 -3.486238
v -14.059208 25.318726 -3.098427
v -17.659800 23.103426 -3.092721
v -18.114088 23.729336 -3.438202
v -24.171408 17.500975 -3.444788
v -20.847109 20.328907 -3.090916
v -21.392948 20.858749 -3.422923
v -26.377226 13.772526 -3.494408
v -25.641361 13.418216 -3.099402
v -23.527706 17.062702 -3.093501
v -28.029945 9.776310 -3.535440
v -27.225634 9.516084 -3.104320
v -28.262060 5.425216 -3.107594
v -29.111656 5.577180 -3.562600
v -29.466667 -3.079968 -3.571364
v -28.733732 -7.340172 -3.553136
v -29.595003 1.275135 -3.574451
v -25.519085 -15.374043 -3.473758
v -27.899967 -7.141916 -3.106452
v -26.625912 -11.180742 -3.102439
v -23.068890 -18.967442 -3.430889
v -27.404200 -11.482409 -3.519779
v -16.179859 -24.108711 -3.094890
v -19.546907 -21.575405 -3.091146
v -22.467749 -18.490477 -3.091857
v -16.594599 -24.778814 -3.456504
v -12.768673 -26.855013 -3.506146
v -0.147639 -29.621193 -3.575069
v -8.722525 -28.361002 -3.543762
v -4.480144 -29.293280 -3.567110
v -4.357534 -28.436073 -3.108140
v -8.488750 -27.542854 -3.105322
v 4.058237 -28.477894 -3.108270
v 8.209767 -27.622223 -3.105573
v 4.172547 -29.336927 -3.568187
v 12.170519 -26.216677 -3.101167
v 12.495950 -26.977278 -3.509170
v 19.324266 -21.771822 -3.091258
v 15.920243 -24.269512 -3.095344
v 16.328884 -24.946844 -3.460329
v 22.269501 -18.735470 -3.091653
v 19.824635 -22.348042 -3.425823
v 25.354467 -15.656973 -3.469872
v 22.863325 -19.219238 -3.429161
v 28.648952 -7.678039 -3.551005
v 24.660299 -15.262493 -3.096478
v 27.283041 -11.780415 -3.516761
v 27.818739 -7.471037 -3.106194
v 26.509777 -11.471692 -3.102077
v 26.918369 -11.634821 -3.260908
v 28.259390 -7.580906 -3.276843
v 8.436248 -28.443840 -3.545846
v -0.143544 -28.750301 -3.109103
v -12.436967 -26.099466 -3.100805
v -20.053665 -22.144941 -3.424871
v -24.818247 -14.985399 -3.096940
v 28.773647 5.167552 -3.282961
v 27.752178 9.345431 -3.270790
v 26.174911 13.305942 -3.252220
v 24.046524 17.027241 -3.229082
v 21.355581 20.372856 -3.217676
v 18.154192 23.238768 -3.223424
v 14.547700 25.542250 -3.244973
v 10.650469 27.302040 -3.265440
v 6.550116 28.503832 -3.279758
v 2.315383 29.126141 -3.287078
v -1.978137 29.149994 -3.287351
v -6.207943 28.576736 -3.280625
v -10.347426 27.412428 -3.266749
v -14.253223 25.698774 -3.246751
v -17.897453 23.430861 -3.224558
v -21.132113 20.605556 -3.217521
v -23.864727 17.292166 -3.227594
v -26.029072 13.604893 -3.250536
v -27.651665 9.653922 -3.269593
v -28.713688 5.505997 -3.282251
v -29.188295 1.258649 -3.287786
v -29.062271 -3.040361 -3.286343
v -28.342627 -7.247173 -3.277836
v -27.037319 -11.340205 -3.262310
v -25.186529 -15.189627 -3.240974
v -22.781939 -18.739765 -3.221188
v -19.811567 -21.872852 -3.218417
v -16.397324 -24.460073 -3.233001
v -12.612000 -26.498148 -3.255980
v -8.612712 -27.976688 -3.273468
v -4.422750 -28.892017 -3.284357
v -0.145724 -29.214016 -3.288074
v 4.119047 -28.934877 -3.284859
v 8.329894 -28.058014 -3.274439
v 12.342307 -26.618183 -3.257383
v 16.134613 -24.624836 -3.234767
v 19.585621 -22.072796 -3.218855
v 22.579800 -18.988260 -3.220392
v 25.024895 -15.469686 -3.239177
v -24.522478 -24.731581 -121.306717
v -19.990086 -28.520159 -121.306717
v 6.340374 33.546806 -120.619576
v 0.579736 34.135796 -120.619576
v -14.882617 -31.488264 -121.306717
v -14.588848 -30.866714 -120.619576
v -19.595501 -27.957199 -120.619576
v -9.347001 -33.550507 -121.306717
v -9.162500 -32.888252 -120.619576
v -3.542490 -34.647564 -121.306717
v -3.472565 -33.963657 -120.619576
v 2.363932 -34.747875 -121.306717
v 2.317271 -34.061985 -120.619576
v 8.202349 -33.848553 -121.306717
v 8.040442 -33.180416 -120.619576
v 13.804799 -31.975468 -121.306717
v 13.532305 -31.344303 -120.619576
v 19.010109 -29.182508 -121.306717
v 18.634869 -28.606472 -120.619576
v 23.201340 -25.045687 -120.619576
v 23.668533 -25.550020 -121.306717
v 23.481537 -25.348156 -120.894974
v 27.100351 -20.764381 -120.619576
v 27.646059 -21.182505 -121.306717
v 27.427635 -21.015148 -120.894974
v 30.584690 -16.077572 -120.894974
v 30.828255 -16.205606 -121.306717
v 30.219734 -15.885724 -120.619576
v 32.469753 -10.550062 -120.619576
v 32.861881 -10.677472 -120.894974
v 33.123581 -10.762504 -121.306717
v -28.349401 -20.231522 -121.306717
v -24.038427 -24.243404 -120.619576
v -27.789812 -19.832170 -120.619576
v -30.741734 -14.850402 -120.619576
v -31.360765 -15.149437 -121.306717
v -32.809273 -9.441414 -120.619576
v -33.469936 -9.631532 -121.306717
v -34.616238 -3.836544 -121.306717
v -33.932945 -3.760814 -120.619576
v -34.766693 2.068814 -121.306717
v -34.080433 2.027977 -120.619576
v -33.916977 7.914656 -121.306717
v -33.247486 7.758428 -120.619576
v -31.458071 13.265682 -120.619576
v -34.492012 2.052469 -120.894974
v -28.763664 18.391308 -120.619576
v -33.649006 7.852124 -120.894974
v -32.091526 13.532807 -121.306717
v -25.241779 22.987848 -120.619576
v -31.837982 13.425888 -120.894974
v -29.342865 18.761644 -121.306717
v -20.993734 26.923071 -120.619576
v -25.750061 23.450745 -121.306717
v -29.111036 18.613415 -120.894974
v -16.141737 30.083765 -120.619576
v -25.546618 23.265467 -120.894974
v -21.416475 27.465208 -121.306717
v -10.825373 32.379005 -120.619576
v -21.247271 27.248213 -120.894974
v -16.466776 30.689547 -121.306717
v -5.197581 33.742760 -120.619576
v -16.336678 30.447079 -120.894974
v -11.043358 33.031006 -121.306717
v -5.302242 34.422222 -121.306717
v -10.956107 32.770035 -120.894974
v 6.416945 33.951942 -120.894974
v 12.158610 32.636959 -121.306717
v 6.468047 34.222324 -121.306717
v 22.160275 26.511013 -120.894974
v 26.531519 22.562834 -121.306717
v 22.336750 26.722137 -121.306717
v 21.895844 26.194668 -120.619576
v 17.153973 29.518297 -120.619576
v 34.166172 6.758385 -121.306717
v 32.532551 12.435283 -121.306717
v 32.275520 12.337035 -120.894974
v 29.371584 17.403984 -120.619576
v 31.890388 12.189822 -120.619576
v 34.129642 0.869551 -120.619576
v 33.785675 -4.910894 -120.619576
v 34.193695 -4.970201 -120.894974
v 34.466000 -5.009782 -121.306717
v 33.896233 6.704989 -120.894974
v 34.816895 0.887061 -121.306717
v 34.541817 0.880052 -120.894974
v 33.491764 6.624981 -120.619576
v 29.963026 17.754440 -121.306717
v 29.726295 17.614168 -120.894974
v 26.007812 22.117466 -120.619576
v 26.321901 22.384573 -120.894974
v 17.361135 29.874781 -120.894974
v 17.499393 30.112692 -121.306717
v 11.918612 31.992739 -120.619576
v 12.062549 32.379105 -120.894974
v 0.591409 34.823170 -121.306717
v 0.586737 34.548042 -120.894974
v -5.260351 34.150261 -120.894974
v 18.859917 -28.951946 -120.894974
v 13.695731 -31.722839 -120.894974
v 8.137545 -33.581123 -120.894974
v 2.345256 -34.473343 -120.894974
v -3.514502 -34.373825 -120.894974
v -9.273153 -33.285435 -120.894974
v -14.765034 -31.239485 -120.894974
v -19.832151 -28.294830 -120.894974
v -24.328732 -24.536184 -120.894974
v -28.125422 -20.071678 -120.894974
v -31.112993 -15.029746 -120.894974
v -33.205502 -9.555435 -120.894974
v -34.342747 -3.806233 -120.894974
v 32.532551 -12.435283 -123.549286
v 29.963026 -17.754440 -123.549286
v 29.726295 -17.614168 -123.961029
v 12.158610 -32.636959 -123.549286
v 6.468047 -34.222324 -123.549286
v 6.416945 -33.951942 -123.961029
v -24.522478 24.731581 -123.549286
v -19.990086 28.520159 -123.549286
v -19.832151 28.294830 -123.961029
v -16.466776 -30.689547 -123.549286
v -21.416475 -27.465208 -123.549286
v -21.247271 -27.248213 -123.961029
v 32.275520 -12.337035 -123.961029
v 34.166172 -6.758385 -123.549286
v 31.890388 -12.189822 -124.236427
v 33.491764 -6.624981 -124.236427
v 0.579736 -34.135796 -124.236427
v -5.197581 -33.742760 -124.236427
v 34.129642 -0.869551 -124.236427
v 34.541817 -0.880052 -123.961029
v 34.816895 -0.887061 -123.549286
v 34.466000 5.009782 -123.549286
v 33.785675 4.910894 -124.236427
v 34.193695 4.970201 -123.961029
v 33.896233 -6.704989 -123.961029
v 32.470291 10.550237 -124.236191
v 32.861881 10.677472 -123.961029
v 29.371584 -17.403984 -124.236427
v 26.531519 -22.562834 -123.549286
v 26.321901 -22.384573 -123.961029
v 22.160275 -26.511013 -123.961029
v 22.336750 -26.722137 -123.549286
v 26.007812 -22.117466 -124.236427
v 17.499393 -30.112692 -123.549286
v 17.361135 -29.874781 -123.961029
v 21.895844 -26.194668 -124.236427
v 12.062549 -32.379105 -123.961029
v 17.153973 -29.518297 -124.236427
v 11.918612 -31.992739 -124.236427
v 6.340374 -33.546806 -124.236427
v 0.591409 -34.823170 -123.549286
v 0.586737 -34.548042 -123.961029
v -5.260351 -34.150261 -123.961029
v -5.302242 -34.422222 -123.549286
v -11.043358 -33.031006 -123.549286
v -10.956107 -32.770035 -123.961029
v -25.750061 -23.450745 -123.549286
v -25.546618 -23.265467 -123.961029
v -10.825373 -32.379005 -124.236427
v -16.141737 -30.083765 -124.236427
v -33.916977 -7.914656 -123.549286
v -33.649006 -7.852124 -123.961029
v -32.091526 -13.532807 -123.549286
v -28.763664 -18.391308 -124.236427
v -25.241779 -22.987848 -124.236427
v -33.205502 9.555435 -123.961029
v -34.616238 3.836544 -123.549286
v -33.469936 9.631532 -123.549286
v -33.247486 -7.758428 -124.236427
v -34.080433 -2.027977 -124.236427
v -28.349401 20.231522 -123.549286
v -24.328732 24.536184 -123.961029
v -30.741734 14.850402 -124.236427
v -32.809273 9.441414 -124.236427
v -9.347001 33.550507 -123.549286
v -9.273153 33.285435 -123.961029
v -14.882617 31.488264 -123.549286
v -24.038427 24.243404 -124.236427
v -19.595501 27.957199 -124.236427
v 8.137545 33.581123 -123.961029
v 2.363932 34.747875 -123.549286
v 8.202349 33.848553 -123.549286
v -9.162500 32.888252 -124.236427
v -3.472565 33.963657 -124.236427
v 18.859917 28.951946 -123.961029
v 13.804799 31.975468 -123.549286
v 19.010109 29.182508 -123.549286
v 13.695731 31.722839 -123.961029
v 18.634869 28.606472 -124.236427
v 23.201340 25.045687 -124.236427
v 23.668533 25.550020 -123.549286
v 23.481537 25.348156 -123.961029
v 30.584690 16.077572 -123.961029
v 27.646059 21.182505 -123.549286
v 30.828255 16.205606 -123.549286
v 27.100351 20.764381 -124.236427
v 30.219734 15.885724 -124.236427
v 33.123802 10.762576 -123.548721
v 27.427635 21.015148 -123.961029
v 13.532305 31.344303 -124.236427
v 8.040442 33.180416 -124.236427
v 2.317271 34.061985 -124.236427
v -3.514502 34.373825 -123.961029
v -3.542490 34.647564 -123.549286
v 2.345256 34.473343 -123.961029
v -14.588848 30.866714 -124.236427
v -14.765034 31.239485 -123.961029
v -20.993734 -26.923071 -124.236427
v -27.789812 19.832170 -124.236427
v -31.360765 15.149437 -123.549286
v -31.112993 15.029746 -123.961029
v -28.125422 20.071678 -123.961029
v -33.932945 3.760814 -124.236427
v -34.492012 -2.052469 -123.961029
v -34.766693 -2.068814 -123.549286
v -34.342747 3.806233 -123.961029
v -31.458071 -13.265682 -124.236427
v -29.111036 -18.613415 -123.961029
v -29.342865 -18.761644 -123.549286
v -31.837982 -13.425888 -123.961029
v -16.336678 -30.447079 -123.961029
v -0.410700 32.823723 -129.358521
v -0.770722 32.658085 -129.348175
v -0.452891 33.006878 -128.942383
v -0.849425 32.818333 -128.474213
v -0.373650 32.823380 -128.072876
v -0.439757 33.006817 -128.485977
v -1.202004 32.521561 -128.920853
v -1.069003 32.397236 -129.339600
v -1.281140 32.062664 -129.333511
v 0.018467 32.880512 -128.084625
v -1.443404 32.140831 -128.913910
v -1.430229 32.140804 -128.457520
v -1.243864 32.062515 -128.047867
v 0.006552 33.071484 -128.499207
v -0.733578 32.657784 -128.062531
v -1.031782 32.397003 -128.053955
v -1.188839 32.521519 -128.464447
v -0.862577 32.818390 -128.930603
v -0.006564 33.071419 -128.955582
v -0.018480 32.880142 -129.370255
v 11.106766 30.578583 -128.105591
v 5.639709 32.040657 -127.945641
v 20.842342 24.980127 -128.421661
v 24.846354 21.001637 -128.580383
v 16.201864 28.211870 -128.262070
v 31.999523 5.868606 -129.054337
v 30.511429 11.289940 -128.897537
v 28.092451 16.408052 -128.737427
v 30.677923 -10.829359 -129.529312
v 32.083794 -5.388897 -129.372742
v 32.532288 0.245582 -129.213364
v 25.157022 -20.628483 -129.846817
v 21.216999 -24.662704 -130.005081
v 28.336611 -15.982694 -129.689362
v 11.564941 -30.408258 -130.321335
v 16.623491 -27.965508 -130.164902
v -5.102507 -32.130585 -130.796829
v 0.511804 -32.529190 -130.639481
v 6.122538 -31.951910 -130.481110
v -15.729948 -28.477688 -131.113510
v -20.420858 -25.325848 -131.272812
v -10.594518 -30.759815 -130.956894
v -30.318325 -11.798694 -131.748779
v -27.814129 -16.875553 -131.588669
v -24.494074 -21.411455 -131.431931
v -32.169086 4.853859 -132.224182
v -32.523605 -0.790633 -132.064514
v -31.897665 -6.399142 -131.905899
v -30.854469 10.315605 -132.380630
v -28.600245 15.506001 -132.540558
v -25.495104 20.209148 -132.698517
v -21.627058 24.303917 -132.856247
v -17.087868 27.684198 -133.016235
v -12.070076 30.211311 -133.172729
v -6.656987 31.844851 -133.332275
v -1.051398 32.516220 -133.491089
v 4.564180 32.211464 -133.648056
v 10.078974 30.932577 -133.808167
v 16.155027 28.238716 -130.140884
v 11.056005 30.596973 -129.984421
v 11.171655 30.894165 -129.723312
v 32.304638 5.972071 -130.672043
v 31.989744 5.921681 -130.933167
v 30.794176 11.444391 -130.515244
v 5.712193 32.569065 -128.633759
v 5.697867 32.571121 -129.137131
v 5.687408 32.356453 -128.206802
v 11.208471 30.881336 -128.366760
v 21.010674 25.254839 -130.039368
v 20.800865 25.014677 -130.300491
v 16.320080 28.511581 -129.879776
v 28.065191 16.454638 -130.616257
v 25.059637 21.243114 -130.198090
v 28.344143 16.609180 -130.355133
v 24.811474 21.042831 -130.459198
v 32.850700 0.294713 -130.831070
v 32.092690 -5.335673 -131.251556
v 32.531834 0.299546 -131.092194
v 30.492657 11.340542 -130.776367
v 28.637215 -16.098610 -131.307068
v 25.191196 -20.586733 -131.725647
v 28.363079 -15.935676 -131.568192
v 30.994070 -10.891416 -131.147018
v 30.695843 -10.778462 -131.408142
v 32.405903 -5.395623 -130.990448
v 11.615345 -30.389040 -132.200150
v 16.669840 -27.937904 -132.043732
v 16.826523 -28.215660 -131.782608
v 21.257868 -24.627487 -131.883896
v 25.433140 -20.794487 -131.464539
v 21.460300 -24.873898 -131.622787
v 0.565734 -32.528294 -132.518295
v 0.563510 -32.847187 -132.257187
v -5.049235 -32.139000 -132.675659
v 11.721912 -30.689610 -131.939041
v 6.228394 -32.256199 -132.098816
v 6.175505 -31.941715 -132.359940
v -15.843210 -28.779299 -132.731232
v -20.378853 -25.359661 -133.151642
v -15.682723 -28.503723 -132.992340
v -10.654183 -31.076418 -132.574615
v -10.543513 -30.777334 -132.835724
v -5.106389 -32.452736 -132.414551
v -30.298731 -11.848920 -133.627594
v -27.786123 -16.921625 -133.467499
v -28.062450 -17.080812 -133.206375
v -24.458553 -21.452023 -133.310760
v -20.584610 -25.603304 -132.890533
v -24.703354 -21.656399 -133.049637
v -32.522251 -0.844522 -133.943344
v -32.841152 -0.845032 -133.682236
v -32.177082 4.800552 -134.102997
v -30.598471 -11.957798 -133.366486
v -32.201031 -6.507602 -133.523621
v -31.887016 -6.451991 -133.784729
v -30.871519 10.264472 -134.259460
v -31.171591 10.372430 -133.998337
v -28.625893 15.458598 -134.419373
v -32.491253 4.855278 -133.841888
v -25.528547 20.166885 -134.577347
v -28.902719 15.616920 -134.158264
v -25.773897 20.370605 -134.316238
v -17.133699 27.655855 -134.895065
v -21.667286 24.268061 -134.735077
v -21.873817 24.511047 -134.473969
v -12.231658 30.490028 -134.790451
v -12.120097 30.191278 -135.051559
v -17.294996 27.930958 -134.633957
v -6.767868 32.147339 -134.949982
v -6.709718 31.833782 -135.211105
v 4.510833 32.218975 -135.526871
v 4.562730 32.533627 -135.265762
v 10.027621 30.949263 -135.686996
v -1.105246 32.514435 -135.369904
v -1.108313 32.833321 -135.108795
v 4.604669 32.743561 -134.839554
v 4.619056 32.741982 -134.336182
v 10.213300 31.454845 -134.975967
v -1.103154 33.047340 -134.682587
v -1.069364 32.835091 -133.752258
v 4.601401 32.528660 -133.909225
v -1.088711 33.048264 -134.179214
v 10.178054 31.265553 -134.104980
v 16.436995 28.690922 -129.453568
v 16.449766 28.684113 -128.950195
v 21.156878 25.411224 -129.613159
v 5.648925 32.362709 -129.563354
v 5.586527 32.049973 -129.824463
v 11.255972 31.090944 -129.297104
v 25.230669 21.371876 -129.771881
v 28.534798 16.706558 -129.928925
v 30.998823 11.507244 -130.089035
v 32.517052 5.998754 -130.245834
v 33.064526 0.284255 -130.404861
v 32.614693 -5.442933 -130.564240
v 31.191605 -10.973947 -130.720810
v 28.817455 -16.214128 -130.880859
v 25.590767 -20.939350 -131.038330
v 21.590544 -25.043804 -131.196579
v 16.925362 -28.405560 -131.356400
v 11.786610 -30.893681 -131.512833
v 6.256763 -32.468395 -131.672607
v 0.554802 -33.061092 -131.830978
v -5.151834 -32.661942 -131.988327
v -10.735203 -31.274576 -132.148407
v -15.957123 -28.960558 -132.305023
v -20.728170 -25.762115 -132.464325
v -24.872225 -21.787983 -132.623428
v -28.251451 -17.181364 -132.780167
v -30.802038 -12.024064 -132.940277
v -32.412971 -6.537808 -133.097412
v -33.055122 -0.838158 -133.256027
v -32.700802 4.899105 -133.415680
v -31.370474 10.451653 -133.572128
v -29.084867 15.729405 -133.732056
v -25.933899 20.512840 -133.890030
v -22.006889 24.678747 -134.047760
v -17.396990 28.119183 -134.207748
v -12.299747 30.692995 -134.364243
v -6.799787 32.359028 -134.523773
v 10.142899 31.276596 -135.390640
v 21.168276 25.402306 -129.109787
v 11.269724 31.086433 -128.793716
v 25.240356 21.361122 -129.268509
v 28.542486 16.694296 -129.425552
v 31.004271 11.493835 -129.585663
v 32.520111 5.984608 -129.742462
v 33.065090 0.269793 -129.901489
v 32.612747 -5.457274 -130.060867
v 31.187220 -10.987740 -130.217438
v 28.810745 -16.226954 -130.377487
v 25.581947 -20.950825 -130.534943
v 21.579876 -25.053583 -130.693207
v 16.913160 -28.413343 -130.853027
v 11.773251 -30.899250 -131.009460
v 6.242641 -32.471565 -131.169235
v 0.540345 -33.061775 -131.327606
v -5.166193 -32.660122 -131.484955
v -10.749028 -31.270296 -131.645020
v -15.970006 -28.953962 -131.801636
v -20.739719 -25.753391 -131.960938
v -24.882088 -21.777391 -132.120056
v -28.259344 -17.169231 -132.276794
v -30.807711 -12.010749 -132.436905
v -32.416264 -6.523714 -132.594025
v -33.055931 -0.823707 -132.752640
v -32.699097 4.913477 -132.912308
v -31.366320 10.465516 -133.068756
v -29.078373 15.742340 -133.228683
v -25.925270 20.524460 -133.386642
v -21.996384 24.688705 -133.544373
v -17.384920 28.127169 -133.704376
v -12.286483 30.698786 -133.860855
v -6.785720 32.362434 -134.020401
v 10.225758 31.450865 -134.519577
v 16.354141 28.492609 -128.523239
v 21.040936 25.230255 -128.682831
v 25.085194 21.213671 -128.841553
v 28.364244 16.575775 -128.998596
v 30.808182 11.408006 -129.158707
v 32.312172 5.933817 -129.315506
v 32.851505 0.255733 -129.474533
v 32.399948 -5.434154 -129.633911
v 30.981575 -10.928347 -129.790482
v 28.618507 -16.132816 -129.950531
v 25.408815 -20.824957 -130.107986
v 21.431080 -24.899710 -130.266235
v 16.793272 -28.236019 -130.426071
v 11.685655 -30.703945 -130.582504
v 6.190201 -32.264038 -130.742279
v 0.524538 -32.848312 -130.900650
v -5.144971 -32.447124 -131.057999
v -10.691209 -31.064203 -131.218063
v -15.877583 -28.760895 -131.374680
v -20.615278 -25.579231 -131.533981
v -24.729397 -21.627382 -131.693100
v -28.083109 -17.047747 -131.849838
v -30.613085 -11.921652 -132.009949
v -32.209202 -6.469479 -132.167068
v -32.842609 -0.806070 -132.325684
v -32.485943 4.893903 -132.485352
v -31.159712 10.409565 -132.641800
v -28.884586 15.651434 -132.801727
v -25.750080 20.401474 -132.959686
v -21.845034 24.537344 -133.117416
v -17.262089 27.951868 -133.277405
v -12.195644 30.504967 -133.433899
v -6.729812 32.155815 -133.593445
v 10.727579 30.314972 -133.831375
v 10.473206 30.697611 -133.821030
v 10.421885 30.714287 -135.699860
v 10.675998 30.332216 -135.710190
v 11.292264 30.125797 -135.017258
v 11.090827 30.108927 -135.426910
v 10.533562 31.090384 -134.116257
v 10.824825 30.821600 -134.126602
v 10.630270 31.251545 -134.532394
v 10.789406 30.832790 -135.412247
v 10.992466 30.492609 -135.420822
v 10.498218 31.101505 -135.401901
v 10.949187 30.949697 -135.000565
v 10.617760 31.255545 -134.988800
v 11.192843 30.558474 -134.553925
v 11.126325 30.097548 -134.141266
v 11.304803 30.121752 -134.560867
v 11.027938 30.481329 -134.135178
v 11.180310 30.562504 -135.010330
v 10.961712 30.945684 -134.544174
vn -0.8620 0.0461 -0.5048
vn -0.9168 -0.0667 -0.3938
vn -0.8568 -0.0973 -0.5064
vn 0.1127 0.8446 -0.5235
vn 0.0013 0.9259 -0.3778
vn -0.0235 0.8532 -0.5210
vn -0.8276 -0.2374 -0.5086
vn -0.8924 -0.2170 -0.3956
vn -0.8437 -0.3613 -0.3971
vn -0.7756 -0.3703 -0.5112
vn -0.7719 -0.4953 -0.3986
vn -0.7024 -0.4917 -0.5147
vn -0.6107 -0.5988 -0.5182
vn -0.6788 -0.6158 -0.3999
vn -0.5674 -0.7192 -0.4010
vn -0.5038 -0.6885 -0.5217
vn -0.4404 -0.8027 -0.4021
vn -0.3854 -0.7592 -0.5245
vn -0.2594 -0.8101 -0.5259
vn -0.3012 -0.8644 -0.4027
vn -0.1543 -0.9019 -0.4034
vn -0.1281 -0.8414 -0.5250
vn -0.0040 -0.9145 -0.4046
vn 0.0075 -0.8528 -0.5222
vn -0.1579 -0.8364 0.5249
vn -0.0216 -0.8521 0.5230
vn -0.0000 -0.6874 -0.7262
vn -0.9161 0.0854 -0.3919
vn -0.8427 0.1886 -0.5043
vn -0.8902 0.2356 -0.3899
vn -0.8000 0.3256 -0.5040
vn -0.8401 0.3792 -0.3877
vn -0.7671 0.5126 -0.3857
vn -0.7345 0.4535 -0.5049
vn -0.6486 0.5682 -0.5064
vn -0.6732 0.6323 -0.3835
vn -0.5451 0.6667 -0.5082
vn -0.5612 0.7345 -0.3814
vn -0.4340 0.8169 -0.3798
vn -0.4268 0.7460 -0.5113
vn -0.2979 0.8043 -0.5142
vn -0.2954 0.8773 -0.3783
vn -0.1620 0.8401 -0.5177
vn -0.1487 0.9139 -0.3778
vn 0.2816 0.8217 -0.4955
vn 0.3119 0.8703 -0.3812
vn 0.1587 0.9121 -0.3780
vn 0.7648 0.4006 -0.5045
vn 0.8156 0.2728 -0.5103
vn 0.8622 0.3356 -0.3793
vn 0.7111 -0.4892 0.5050
vn 0.7837 -0.3646 0.5030
vn 0.5872 -0.3608 -0.7246
vn 0.8603 -0.0874 0.5023
vn 0.6891 -0.0283 -0.7241
vn 0.6743 -0.1445 -0.7242
vn 0.5339 0.6711 0.5144
vn 0.4766 0.4986 -0.7240
vn 0.6387 0.5749 0.5114
vn 0.6594 0.2030 -0.7239
vn 0.7946 0.3359 0.5057
vn 0.6155 0.3115 -0.7239
vn 0.3726 0.7775 -0.5066
vn 0.7243 0.6106 0.3202
vn 0.2386 0.8252 -0.5120
vn 0.2872 0.8036 0.5213
vn 0.2835 0.6286 -0.7242
vn 0.4152 0.7478 0.5181
vn 0.5918 0.6454 0.4829
vn -0.0633 0.6898 -0.7212
vn 0.0585 0.6865 -0.7248
vn -0.0240 0.8653 0.5007
vn 0.3106 0.8138 0.4911
vn 0.1118 0.8458 -0.5217
vn -0.6742 -0.1450 -0.7242
vn -0.6891 -0.0291 -0.7241
vn -0.8609 -0.0670 0.5043
vn -0.8611 0.0768 0.5026
vn -0.6843 0.0878 -0.7239
vn -0.8367 0.2187 0.5021
vn -0.7893 -0.3430 0.5092
vn -0.6397 -0.2569 -0.7244
vn -0.8366 -0.2083 0.5066
vn -0.5870 -0.3611 -0.7246
vn -0.7202 -0.4671 0.5130
vn -0.5173 -0.4551 -0.7248
vn -0.6324 -0.5774 0.5164
vn -0.4327 -0.5357 -0.7251
vn -0.5285 -0.6709 0.5202
vn -0.4124 -0.7456 0.5234
vn -0.3358 -0.6009 -0.7253
vn -0.1161 -0.6778 -0.7260
vn -0.2291 -0.6488 -0.7257
vn -0.2882 -0.8007 0.5253
vn -0.6597 0.2023 -0.7238
vn -0.6161 0.3107 -0.7238
vn -0.7890 0.3547 0.5017
vn -0.5548 0.4105 -0.7237
vn -0.7188 0.4804 0.5026
vn -0.6285 0.5924 0.5040
vn -0.4774 0.4983 -0.7237
vn -0.3864 0.5718 -0.7237
vn -0.5209 0.6875 0.5059
vn -0.2842 0.6289 -0.7237
vn -0.3992 0.7626 0.5090
vn -0.2675 0.8163 0.5120
vn -0.1739 0.6678 -0.7238
vn -0.1302 0.8472 0.5151
vn 0.1474 0.8392 0.5235
vn -0.0442 0.8691 -0.4927
vn -0.4689 0.8148 0.3409
vn -0.5581 0.8202 0.1256
vn 0.1528 0.8381 0.5237
vn 0.1734 0.6670 -0.7246
vn 0.4704 0.7092 0.5252
vn 0.3855 0.5718 -0.7241
vn 0.6841 0.0886 -0.7240
vn 0.8626 0.0572 0.5026
vn 0.8401 0.1995 0.5045
vn 0.7265 0.4625 0.5082
vn 0.5541 0.4110 -0.7239
vn 0.8337 -0.2290 0.5026
vn 0.6399 -0.2564 -0.7244
vn 0.4328 -0.5356 -0.7251
vn 0.6194 -0.5997 0.5066
vn 0.5174 -0.4549 -0.7248
vn 0.2291 -0.6487 -0.7257
vn 0.3876 -0.7660 0.5128
vn 0.3358 -0.6008 -0.7254
vn 0.5102 -0.6930 0.5093
vn 0.2554 -0.8176 0.5160
vn 0.1172 -0.8462 0.5199
vn 0.1161 -0.6777 -0.7261
vn 0.4204 -0.8131 -0.4027
vn 0.2741 -0.8156 -0.5095
vn 0.2851 -0.8687 -0.4051
vn 0.9166 -0.1322 -0.3773
vn 0.9253 0.0262 -0.3782
vn 0.8524 0.0102 -0.5228
vn 0.5453 -0.7374 -0.3987
vn 0.6229 -0.5977 -0.5048
vn 0.5193 -0.6903 -0.5037
vn 0.7923 0.4777 -0.3795
vn 0.7090 -0.4895 -0.5076
vn 0.8277 -0.4135 -0.3795
vn 0.7752 -0.3689 -0.5129
vn 0.8196 -0.2419 -0.5193
vn 0.8819 -0.2839 -0.3764
vn 0.8441 -0.1140 -0.5239
vn 0.6991 0.6059 -0.3795
vn 0.6002 0.6235 -0.5010
vn 0.6920 0.5188 -0.5019
vn 0.9070 0.1837 -0.3789
vn 0.8445 0.1410 -0.5167
vn 0.4916 0.7109 -0.5030
vn 0.4550 0.8059 -0.3789
vn 0.5856 0.7164 -0.3793
vn 0.7994 0.5871 -0.1279
vn 0.8021 0.5893 0.0971
vn -0.3321 0.7975 0.5037
vn -0.1973 0.8148 0.5451
vn 0.0112 0.8559 0.5170
vn -0.3610 0.7992 -0.4805
vn -0.2267 0.8209 -0.5242
vn -0.5805 0.8079 -0.1018
vn -0.4947 0.8094 -0.3165
vn 0.6568 -0.6435 -0.3931
vn 0.7519 -0.5342 -0.3864
vn 0.4014 -0.7636 -0.5057
vn 0.1412 -0.8454 -0.5151
vn 0.1430 -0.9027 -0.4059
vn 0.5621 0.6597 -0.4988
vn 0.6966 0.6324 -0.3388
vn 0.4398 0.7202 -0.5366
vn -0.2204 0.4993 0.8379
vn -0.4054 0.3550 0.8424
vn -0.0092 0.5654 0.8248
vn -0.2681 0.4992 -0.8240
vn -0.4535 0.3549 -0.8175
vn -0.0573 0.5657 -0.8226
vn -0.9946 0.1009 -0.0242
vn -0.9945 0.1013 0.0253
vn -0.9881 0.1515 0.0266
vn 0.9269 0.3739 -0.0335
vn 0.9265 0.3747 0.0349
vn 0.9537 0.2991 0.0331
vn 0.9536 -0.2994 -0.0333
vn 0.9537 -0.2991 0.0331
vn 0.9265 -0.3747 0.0349
vn 0.9676 0.2507 -0.0295
vn 0.9792 0.2010 0.0288
vn 0.9791 0.2013 -0.0274
vn -0.9985 0.0503 -0.0234
vn -0.9984 0.0507 0.0244
vn -0.9997 -0.0002 -0.0233
vn -0.9984 -0.0505 0.0244
vn -0.9997 0.0001 0.0241
vn -0.9984 -0.0509 -0.0237
vn 0.9791 -0.2012 0.0289
vn 0.9881 -0.1515 -0.0262
vn 0.9881 -0.1513 0.0273
vn 0.9946 -0.1012 -0.0247
vn -0.9945 -0.1014 -0.0247
vn -0.9946 -0.1011 0.0253
vn 0.9984 -0.0506 -0.0237
vn 0.9946 -0.1007 0.0265
vn 0.9984 -0.0508 0.0260
vn -0.9881 -0.1517 -0.0262
vn -0.9881 -0.1514 0.0266
vn 0.9997 -0.0001 -0.0233
vn 0.9997 -0.0002 0.0251
vn 0.9984 0.0505 -0.0235
vn -0.9791 -0.2013 0.0283
vn -0.9791 -0.2016 -0.0282
vn 0.9946 0.1011 -0.0243
vn 0.9984 0.0507 0.0254
vn 0.9945 0.1010 0.0261
vn -0.9536 -0.2994 -0.0333
vn -0.9676 -0.2507 0.0304
vn -0.9675 -0.2509 -0.0305
vn 0.9881 0.1514 -0.0256
vn 0.9881 0.1512 0.0273
vn -0.9264 -0.3749 -0.0363
vn -0.9536 -0.2992 0.0329
vn 0.9676 0.2504 0.0308
vn 0.9537 0.2991 -0.0320
vn -0.9268 -0.3740 0.0348
vn -0.8636 -0.5028 -0.0382
vn -0.7646 -0.6432 -0.0397
vn -0.8637 -0.5028 0.0361
vn -0.6430 -0.7650 0.0376
vn -0.7647 -0.6433 0.0377
vn -0.6430 -0.7649 -0.0395
vn -0.5025 -0.8638 -0.0375
vn -0.3748 -0.9265 -0.0345
vn -0.3738 -0.9269 0.0339
vn -0.5024 -0.8639 0.0358
vn -0.2991 -0.9537 -0.0324
vn -0.2990 -0.9537 0.0326
vn -0.2506 -0.9676 0.0303
vn -0.2505 -0.9677 -0.0300
vn -0.2011 -0.9792 -0.0278
vn -0.2013 -0.9791 0.0283
vn -0.1513 -0.9881 -0.0262
vn -0.1513 -0.9881 0.0266
vn -0.1010 -0.9946 -0.0250
vn -0.1011 -0.9946 0.0254
vn -0.0506 -0.9984 -0.0244
vn -0.0505 -0.9984 0.0246
vn 0.3748 -0.9265 -0.0345
vn 0.2993 -0.9536 0.0338
vn 0.2991 -0.9537 -0.0324
vn 0.0001 -0.9997 -0.0244
vn 0.0508 -0.9984 -0.0248
vn 0.0506 -0.9984 0.0248
vn 0.0001 -0.9997 0.0244
vn 0.1007 -0.9946 -0.0254
vn 0.1012 -0.9945 0.0258
vn 0.1515 -0.9881 0.0272
vn 0.1513 -0.9881 -0.0262
vn 0.2012 -0.9792 -0.0279
vn 0.2506 -0.9676 -0.0300
vn 0.2013 -0.9791 0.0290
vn 0.2508 -0.9675 0.0312
vn 0.3748 -0.9264 0.0366
vn -0.9882 0.1512 -0.0255
vn -0.9792 0.2011 -0.0273
vn -0.9791 0.2015 0.0284
vn -0.9676 0.2508 0.0304
vn -0.9676 0.2506 -0.0295
vn -0.9536 0.2992 0.0329
vn -0.9537 0.2991 -0.0320
vn -0.9269 0.3739 -0.0335
vn -0.9268 0.3740 0.0348
vn -0.8637 0.5028 0.0361
vn -0.8638 0.5025 -0.0356
vn -0.7647 0.6433 0.0377
vn -0.7649 0.6430 -0.0374
vn -0.6433 0.7647 -0.0375
vn -0.6430 0.7650 0.0376
vn -0.5024 0.8639 0.0358
vn -0.5028 0.8637 -0.0358
vn -0.3738 0.9269 0.0339
vn -0.3741 0.9268 -0.0344
vn -0.2990 0.9537 0.0326
vn -0.2506 0.9676 0.0303
vn -0.2993 0.9536 -0.0323
vn -0.2011 0.9792 0.0282
vn -0.2509 0.9676 -0.0297
vn -0.2015 0.9791 -0.0275
vn -0.1512 0.9881 0.0265
vn -0.1009 0.9946 0.0253
vn -0.1515 0.9881 -0.0256
vn -0.0503 0.9984 0.0246
vn -0.1013 0.9946 -0.0242
vn -0.0507 0.9984 -0.0233
vn 0.0002 0.9997 0.0244
vn 0.0508 0.9984 0.0248
vn -0.0001 0.9997 -0.0230
vn 0.1014 0.9945 0.0258
vn 0.0505 0.9985 -0.0233
vn 0.1011 0.9946 -0.0242
vn 0.1514 0.9881 -0.0255
vn 0.1516 0.9881 0.0272
vn 0.2016 0.9790 0.0291
vn 0.2013 0.9791 -0.0274
vn 0.2509 0.9675 0.0312
vn 0.2508 0.9676 -0.0297
vn 0.2993 0.9536 -0.0323
vn 0.2993 0.9536 0.0338
vn 0.3748 0.9264 0.0366
vn 0.3741 0.9268 -0.0344
vn 0.5028 0.8636 0.0384
vn 0.5028 0.8637 -0.0358
vn 0.6433 0.7647 -0.0375
vn 0.6432 0.7646 0.0399
vn 0.7649 0.6429 0.0396
vn 0.7649 0.6430 -0.0375
vn 0.8638 0.5024 0.0377
vn 0.8638 0.5025 -0.0356
vn 0.9791 -0.2014 -0.0281
vn 0.9264 -0.3749 -0.0363
vn 0.9675 -0.2509 -0.0305
vn 0.9676 -0.2506 0.0308
vn 0.7649 -0.6429 0.0396
vn 0.8636 -0.5028 -0.0382
vn 0.8638 -0.5024 0.0377
vn 0.6432 -0.7646 0.0399
vn 0.7646 -0.6432 -0.0397
vn 0.6430 -0.7649 -0.0395
vn 0.5025 -0.8638 -0.0375
vn 0.5028 -0.8636 0.0384
vn 0.0151 -0.0369 0.9992
vn 0.0193 -0.0325 0.9993
vn 0.0332 -0.0192 0.9993
vn -0.0121 0.0397 0.9991
vn -0.0388 0.0137 0.9992
vn -0.0415 0.0086 0.9991
vn 0.0283 -0.0233 0.9993
vn 0.0374 -0.0149 0.9992
vn 0.0235 -0.0278 0.9993
vn 0.0104 -0.0402 0.9991
vn 0.0049 -0.0423 0.9991
vn 0.0405 -0.0101 0.9991
vn -0.0427 -0.0030 0.9991
vn -0.0412 -0.0086 0.9991
vn -0.0068 -0.0421 0.9991
vn 0.0420 -0.0049 0.9991
vn -0.0384 -0.0136 0.9992
vn -0.0122 -0.0399 0.9991
vn -0.0009 -0.0429 0.9991
vn -0.0299 -0.0219 0.9993
vn -0.0207 -0.0318 0.9993
vn -0.0344 -0.0178 0.9993
vn -0.0169 -0.0364 0.9992
vn -0.0252 -0.0265 0.9993
vn -0.0428 0.0029 0.9991
vn -0.0165 0.0361 0.9992
vn -0.0068 0.0422 0.9991
vn -0.0303 0.0226 0.9993
vn -0.0207 0.0318 0.9993
vn -0.0253 0.0271 0.9993
vn -0.0350 0.0181 0.9992
vn 0.0437 -0.0007 0.9990
vn -0.0011 0.0433 0.9991
vn 0.0048 0.0429 0.9991
vn 0.0410 0.0106 0.9991
vn 0.0377 0.0154 0.9992
vn 0.0153 0.0381 0.9992
vn 0.0104 0.0411 0.9991
vn 0.0430 0.0051 0.9991
vn 0.0336 0.0195 0.9992
vn 0.0290 0.0242 0.9993
vn 0.0244 0.0292 0.9993
vn 0.0197 0.0341 0.9992
vn -0.2201 0.9682 0.1190
vn -0.1692 0.9792 0.1122
vn -0.9853 0.1307 0.1100
vn -0.9764 0.1821 0.1161
vn -0.2957 0.8399 0.4552
vn -0.2849 0.8897 0.3567
vn -0.3354 0.8626 0.3787
vn -0.6822 -0.7119 0.1667
vn -0.7933 -0.5865 0.1635
vn -0.9505 -0.2825 0.1292
vn -0.9294 -0.3410 0.1409
vn -0.2856 -0.8891 0.3577
vn -0.2266 -0.9457 0.2331
vn -0.2355 -0.9110 0.3385
vn -0.4131 -0.8161 0.4041
vn -0.3283 -0.9064 0.2659
vn -0.3358 -0.8620 0.3798
vn -0.2765 -0.9284 0.2483
vn -0.3226 -0.9359 0.1412
vn -0.2704 -0.9539 0.1304
vn -0.8475 -0.4450 0.2893
vn -0.7996 -0.4397 0.4091
vn -0.8533 -0.3520 0.3847
vn -0.5522 -0.8175 0.1636
vn -0.9536 0.0293 0.2996
vn -0.9125 0.0911 0.3989
vn -0.9487 0.0863 0.3043
vn -0.9126 -0.0899 0.3987
vn -0.9488 -0.0853 0.3040
vn -0.9393 -0.1412 0.3128
vn -0.2347 0.9115 0.3377
vn -0.2450 0.8666 0.4348
vn -0.6267 0.6495 0.4305
vn -0.7204 0.5472 0.4261
vn -0.5898 0.6086 0.5308
vn -0.2760 0.9289 0.2468
vn -0.1909 0.8881 0.4180
vn -0.1820 0.9291 0.3221
vn -0.1176 0.9873 0.1071
vn -0.2260 0.9461 0.2318
vn 0.0436 0.9528 0.3004
vn 0.1004 0.9467 0.3062
vn 0.0413 0.9784 0.2026
vn -0.2702 0.9544 0.1272
vn -0.0654 0.9924 0.1038
vn -0.0677 0.9766 0.2041
vn -0.0711 0.9505 0.3025
vn -0.0138 0.9541 0.2991
vn -0.5025 0.6883 0.5233
vn -0.5221 0.7407 0.4227
vn -0.5529 0.8173 0.1619
vn -0.4172 0.8963 0.1503
vn -0.8528 0.3520 0.3858
vn -0.8830 0.2977 0.3630
vn -0.7967 0.3599 0.4856
vn -0.8004 0.4377 0.4096
vn -0.6707 0.5227 0.5263
vn -0.9289 0.3409 0.1444
vn -0.8806 0.4474 0.1563
vn -0.9500 0.2827 0.1325
vn -0.3226 0.9365 0.1377
vn -0.7935 0.5859 0.1648
vn -0.6827 0.7115 0.1665
vn -0.1273 0.9421 0.3102
vn -0.1215 0.9701 0.2102
vn -0.1744 0.9599 0.2195
vn 0.0395 0.9939 0.1033
vn -0.0130 0.9947 0.1024
vn -0.0132 0.9794 0.2015
vn 0.1558 0.9358 0.3162
vn 0.0955 0.9736 0.2073
vn 0.0918 0.9901 0.1061
vn 0.8725 0.2318 0.4302
vn 0.9163 0.2217 0.3335
vn 0.8956 0.2726 0.3516
vn 0.1436 0.9834 0.1108
vn 0.2095 0.9204 0.3302
vn 0.2609 0.9006 0.3477
vn 0.2010 0.9531 0.2265
vn 0.8298 0.3918 0.3974
vn 0.7617 0.4944 0.4189
vn 0.7722 0.3944 0.4981
vn 0.2454 0.9613 0.1249
vn 0.2951 0.9460 0.1341
vn 0.4543 0.7269 0.5150
vn 0.5177 0.6027 0.6072
vn 0.5448 0.6511 0.5285
vn 0.5843 0.5347 0.6105
vn 0.6291 0.5686 0.5300
vn 0.1949 0.9738 0.1171
vn 0.2518 0.9375 0.2404
vn 0.3097 0.8766 0.3684
vn 0.3703 0.8422 0.3919
vn 0.3009 0.9184 0.2568
vn 0.3634 0.9201 0.1460
vn 0.4814 0.8623 0.1571
vn 0.6191 0.7681 0.1637
vn 0.6734 0.6015 0.4297
vn 0.7071 0.4797 0.5195
vn 0.7401 0.6522 0.1639
vn 0.8165 0.3315 0.4726
vn 0.8705 0.3212 0.3729
vn 0.8405 0.5183 0.1579
vn 0.8470 0.2833 0.4497
vn 0.9094 0.3894 0.1458
vn 0.9420 0.3075 0.1341
vn 0.1488 0.9651 0.2154
vn 0.9517 0.0580 0.3015
vn 0.9161 0.0613 0.3962
vn 0.9244 -0.0000 0.3814
vn 0.9816 0.1563 0.1101
vn 0.9713 0.2074 0.1166
vn 0.9074 0.1194 0.4029
vn 0.9446 0.1134 0.3079
vn 0.9327 0.1685 0.3187
vn 0.9809 -0.0000 0.1947
vn 0.9776 0.0551 0.2033
vn 0.9571 -0.0000 0.2896
vn 0.9889 0.1045 0.1053
vn 0.9933 -0.0533 0.1022
vn 0.9952 -0.0003 0.0975
vn 0.9934 0.0527 0.1023
vn 0.8927 0.1769 0.4145
vn 0.9581 0.2578 0.1246
vn 0.8829 -0.0001 0.4696
vn 0.8724 0.0640 0.4845
vn 0.8153 -0.0033 0.5791
vn -0.4139 0.7579 0.5043
vn -0.4148 0.8156 0.4034
vn -0.3449 0.8074 0.4788
vn -0.7436 0.4324 0.5100
vn 0.9774 -0.0563 0.2035
vn 0.9516 -0.0596 0.3016
vn 0.9444 -0.1144 0.3083
vn -0.9646 0.2329 0.1236
vn -0.9059 0.2483 0.3430
vn -0.8318 0.3086 0.4614
vn -0.9246 0.1963 0.3264
vn -0.8599 0.2589 0.4400
vn -0.9913 0.0788 0.1057
vn -0.9390 0.1421 0.3133
vn -0.8829 0.2058 0.4222
vn -0.9943 0.0264 0.1032
vn -0.9005 0.1496 0.4083
vn -0.9944 -0.0261 0.1028
vn -0.9914 -0.0784 0.1046
vn -0.9537 -0.0282 0.2995
vn -0.9186 0.0310 0.3940
vn -0.9855 -0.1305 0.1083
vn -0.9186 -0.0298 0.3940
vn -0.9251 -0.1954 0.3256
vn -0.9008 -0.1485 0.4081
vn -0.9767 -0.1819 0.1137
vn -0.9065 -0.2475 0.3421
vn -0.8833 -0.2047 0.4218
vn -0.9650 -0.2326 0.1208
vn -0.8836 -0.2971 0.3619
vn -0.8988 -0.3460 0.2691
vn -0.7423 -0.4347 0.5099
vn -0.7324 -0.3689 0.5722
vn -0.7970 -0.3599 0.4851
vn -0.8807 -0.4481 0.1536
vn -0.6690 -0.5249 0.5263
vn -0.6796 -0.4298 0.5945
vn -0.5201 -0.7420 0.4231
vn -0.4152 -0.8637 0.2858
vn -0.6167 -0.5002 0.6078
vn -0.5878 -0.6106 0.5308
vn -0.4165 -0.8961 0.1533
vn -0.1829 -0.9286 0.3227
vn -0.1750 -0.9595 0.2206
vn -0.1283 -0.9418 0.3107
vn -0.1222 -0.9698 0.2109
vn -0.2203 -0.9678 0.1217
vn -0.0685 -0.9765 0.2045
vn -0.0722 -0.9503 0.3027
vn -0.1694 -0.9789 0.1144
vn -0.0141 -0.9794 0.2016
vn -0.0149 -0.9541 0.2992
vn -0.1178 -0.9871 0.1087
vn -0.0133 -0.9946 0.1026
vn -0.0658 -0.9923 0.1047
vn 0.0392 -0.9939 0.1027
vn -0.1352 -0.9040 0.4055
vn 0.0915 -0.9903 0.1048
vn -0.0762 -0.9146 0.3972
vn 0.1434 -0.9837 0.1088
vn -0.0158 -0.9192 0.3936
vn 0.0426 -0.9529 0.3002
vn 0.1946 -0.9742 0.1146
vn 0.0994 -0.9469 0.3058
vn 0.0449 -0.9177 0.3947
vn 0.2452 -0.9618 0.1220
vn 0.1549 -0.9361 0.3157
vn 0.1048 -0.9102 0.4007
vn 0.1628 -0.8969 0.4112
vn 0.2086 -0.9208 0.3294
vn 0.2601 -0.9012 0.3468
vn 0.2184 -0.8780 0.4259
vn 0.2949 -0.9465 0.1307
vn 0.2708 -0.8539 0.4445
vn 0.3090 -0.8773 0.3673
vn 0.3637 -0.9206 0.1426
vn 0.3709 -0.8424 0.3910
vn 0.3197 -0.8247 0.4666
vn 0.4821 -0.8623 0.1547
vn 0.6197 -0.7678 0.1627
vn 0.4664 -0.7816 0.4142
vn 0.3764 -0.7853 0.4916
vn 0.7405 -0.6517 0.1645
vn 0.5757 -0.6966 0.4282
vn 0.4567 -0.7254 0.5150
vn 0.8406 -0.5176 0.1599
vn 0.5469 -0.6493 0.5285
vn 0.6750 -0.5997 0.4298
vn 0.9091 -0.3890 0.1491
vn 0.7628 -0.4923 0.4192
vn 0.6310 -0.5665 0.5300
vn 0.9415 -0.3076 0.1376
vn 0.8300 -0.3906 0.3982
vn 0.7087 -0.4773 0.5195
vn 0.9577 -0.2579 0.1276
vn 0.7727 -0.3930 0.4984
vn 0.8698 -0.3218 0.3740
vn 0.8950 -0.2733 0.3526
vn 0.8159 -0.3322 0.4732
vn 0.9813 -0.1565 0.1121
vn 0.9888 -0.1045 0.1064
vn 0.9709 -0.2076 0.1192
vn 0.8476 -0.1870 0.4967
vn 0.8241 -0.2440 0.5111
vn 0.8924 -0.1780 0.4147
vn 0.9158 -0.2226 0.3343
vn 0.8465 -0.2842 0.4502
vn 0.9324 -0.1694 0.3194
vn 0.9718 -0.1089 0.2090
vn 0.9160 -0.0631 0.3962
vn 0.8737 -0.0640 0.4822
vn 0.8646 -0.1267 0.4863
vn 0.9072 -0.1206 0.4030
vn 0.8039 -0.0379 0.5936
vn 0.8124 -0.0911 0.5759
vn 0.9721 0.1081 0.2084
vn 0.8047 0.1170 0.5820
vn 0.8034 0.0663 0.5918
vn 0.9628 0.1612 0.2169
vn 0.8621 0.1260 0.4907
vn 0.7735 0.1793 0.6079
vn 0.8198 0.2425 0.5188
vn 0.8442 0.1860 0.5028
vn 0.9499 0.2132 0.2285
vn 0.7651 0.2358 0.5991
vn 0.7892 0.2951 0.5385
vn 0.9336 0.2637 0.2428
vn 0.7187 0.2810 0.6360
vn 0.7526 0.3432 0.5620
vn 0.9136 0.3129 0.2596
vn 0.6913 0.3400 0.6376
vn 0.7062 0.3969 0.5863
vn 0.8772 0.3904 0.2795
vn 0.6418 0.3699 0.6717
vn 0.6485 0.4638 0.6036
vn 0.8082 0.5081 0.2977
vn 0.5896 0.4286 0.6846
vn 0.7124 0.6310 0.3072
vn 0.5420 0.4599 0.7034
vn 0.6001 0.7390 0.3062
vn 0.5738 0.6980 0.4283
vn 0.4770 0.5158 0.7116
vn 0.4741 0.8297 0.2947
vn 0.4482 0.6689 0.5931
vn 0.4643 0.7826 0.4147
vn 0.4482 0.5723 0.6867
vn 0.3664 0.8886 0.2758
vn 0.3758 0.7853 0.4920
vn 0.3852 0.7255 0.5704
vn 0.3836 0.6130 0.6908
vn 0.3204 0.8241 0.4672
vn 0.3342 0.7683 0.5460
vn 0.3495 0.6775 0.6472
vn 0.2717 0.8533 0.4450
vn 0.2841 0.8023 0.5249
vn 0.2990 0.7001 0.6485
vn 0.2194 0.8776 0.4263
vn 0.2302 0.8302 0.5078
vn 0.2465 0.7505 0.6132
vn 0.1639 0.8966 0.4114
vn 0.1723 0.8522 0.4941
vn 0.2032 0.7647 0.6115
vn 0.1330 0.7901 0.5984
vn 0.1114 0.8676 0.4847
vn 0.1059 0.9100 0.4008
vn 0.0912 0.8029 0.5891
vn 0.0485 0.8761 0.4796
vn 0.0461 0.9176 0.3948
vn 0.0170 0.8058 0.5919
vn -0.0156 0.8777 0.4789
vn -0.0146 0.9192 0.3935
vn -0.0343 0.8158 0.5773
vn -0.0792 0.8721 0.4828
vn -0.0750 0.9147 0.3971
vn -0.1005 0.7948 0.5985
vn -0.1412 0.8596 0.4912
vn -0.1340 0.9043 0.4054
vn -0.1594 0.7950 0.5852
vn -0.2005 0.8402 0.5038
vn -0.2104 0.7574 0.6181
vn -0.2563 0.8146 0.5204
vn -0.3280 0.9070 0.2642
vn -0.2724 0.7402 0.6148
vn -0.3078 0.7829 0.5407
vn -0.4165 0.8635 0.2845
vn -0.3081 0.6959 0.6487
vn -0.3561 0.7448 0.5643
vn -0.3658 0.6545 0.6616
vn -0.4141 0.6944 0.5885
vn -0.5400 0.7860 0.3011
vn -0.3968 0.6118 0.6843
vn -0.4830 0.6329 0.6051
vn -0.6595 0.6858 0.3080
vn -0.4515 0.5448 0.7066
vn -0.5521 0.5669 0.6114
vn -0.7635 0.5697 0.3043
vn -0.5033 0.5156 0.6934
vn -0.6186 0.4987 0.6071
vn -0.8479 0.4434 0.2904
vn -0.5455 0.4477 0.7085
vn -0.6822 0.4287 0.5923
vn -0.9235 0.2888 0.2525
vn -0.8983 0.3460 0.2708
vn -0.6171 0.4155 0.6683
vn -0.7344 0.3701 0.5689
vn -0.9417 0.2392 0.2367
vn -0.6460 0.3622 0.6719
vn -0.7746 0.3212 0.5448
vn -0.7027 0.3120 0.6394
vn -0.8079 0.2729 0.5223
vn -0.9564 0.1880 0.2234
vn -0.7608 0.2087 0.6145
vn -0.7258 0.2766 0.6298
vn -0.8569 0.1570 0.4909
vn -0.8367 0.2158 0.5034
vn -0.9676 0.1355 0.2130
vn -0.7817 0.1706 0.5998
vn -0.8705 0.0955 0.4828
vn -0.9752 0.0820 0.2058
vn -0.7965 0.0989 0.5965
vn -0.8771 0.0321 0.4792
vn -0.9790 0.0277 0.2020
vn -0.8155 0.0491 0.5767
vn -0.8766 -0.0319 0.4801
vn -0.9791 -0.0269 0.2018
vn -0.8047 -0.0187 0.5934
vn -0.8692 -0.0951 0.4852
vn -0.9753 -0.0812 0.2053
vn -0.8146 -0.0784 0.5747
vn -0.8548 -0.1565 0.4948
vn -0.9679 -0.1348 0.2122
vn -0.7868 -0.1346 0.6024
vn -0.8336 -0.2150 0.5089
vn -0.9568 -0.1874 0.2223
vn -0.7787 -0.2004 0.5945
vn -0.8060 -0.2697 0.5269
vn -0.8604 -0.2580 0.4395
vn -0.9422 -0.2386 0.2353
vn -0.7435 -0.2421 0.6233
vn -0.7727 -0.3199 0.5483
vn -0.8324 -0.3078 0.4608
vn -0.9241 -0.2883 0.2509
vn -0.7125 -0.3046 0.6322
vn -0.6766 -0.3371 0.6547
vn -0.6172 -0.3887 0.6841
vn -0.7625 -0.5712 0.3038
vn -0.5847 -0.4329 0.6861
vn -0.7190 -0.5492 0.4259
vn -0.6582 -0.6870 0.3080
vn -0.5142 -0.4782 0.7120
vn -0.5513 -0.5690 0.6103
vn -0.6250 -0.6512 0.4306
vn -0.5385 -0.7868 0.3017
vn -0.4811 -0.5422 0.6889
vn -0.4829 -0.6360 0.6019
vn -0.5002 -0.6899 0.5233
vn -0.4190 -0.5739 0.7036
vn -0.4146 -0.6984 0.5834
vn -0.4119 -0.7589 0.5044
vn -0.3741 -0.6435 0.6678
vn -0.3583 -0.7479 0.5588
vn -0.3453 -0.8068 0.4794
vn -0.3338 -0.6720 0.6611
vn -0.3094 -0.7853 0.5362
vn -0.2965 -0.8393 0.4557
vn -0.2760 -0.7214 0.6352
vn -0.2578 -0.8163 0.5170
vn -0.2460 -0.8661 0.4352
vn -0.2441 -0.7491 0.6159
vn -0.2016 -0.8415 0.5012
vn -0.1920 -0.8878 0.4183
vn -0.1762 -0.7746 0.6074
vn -0.1422 -0.8603 0.4896
vn -0.1302 -0.8026 0.5821
vn -0.0803 -0.8724 0.4822
vn 0.0405 -0.9785 0.2024
vn -0.0627 -0.8011 0.5952
vn -0.0166 -0.8776 0.4791
vn 0.0947 -0.9738 0.2067
vn -0.0037 -0.8203 0.5719
vn 0.0474 -0.8756 0.4807
vn 0.1481 -0.9654 0.2145
vn 0.0552 -0.8019 0.5949
vn 0.1103 -0.8666 0.4867
vn 0.2003 -0.9535 0.2253
vn 0.1228 -0.8036 0.5824
vn 0.1710 -0.8507 0.4971
vn 0.2512 -0.9380 0.2390
vn 0.1693 -0.7763 0.6072
vn 0.2287 -0.8283 0.5115
vn 0.2364 -0.7545 0.6122
vn 0.2826 -0.7997 0.5298
vn 0.3005 -0.9190 0.2551
vn 0.2739 -0.7255 0.6313
vn 0.3340 -0.7617 0.5553
vn 0.3669 -0.8889 0.2742
vn 0.3716 -0.6552 0.6578
vn 0.3354 -0.6798 0.6523
vn 0.4453 -0.6631 0.6016
vn 0.3816 -0.7182 0.5818
vn 0.4757 -0.8291 0.2937
vn 0.4156 -0.5853 0.6962
vn 0.5163 -0.6001 0.6110
vn 0.6015 -0.7380 0.3058
vn 0.4757 -0.5544 0.6829
vn 0.5855 -0.5346 0.6095
vn 0.7135 -0.6296 0.3074
vn 0.5055 -0.4847 0.7138
vn 0.6525 -0.4662 0.5974
vn 0.8089 -0.5064 0.2985
vn 0.5753 -0.4406 0.6891
vn 0.7132 -0.4002 0.5754
vn 0.8772 -0.3894 0.2809
vn 0.6045 -0.3929 0.6930
vn 0.7598 -0.3456 0.5507
vn 0.9130 -0.3134 0.2613
vn 0.6621 -0.3313 0.6722
vn 0.7945 -0.2972 0.5295
vn 0.9330 -0.2642 0.2443
vn 0.7024 -0.3100 0.6408
vn 0.8720 -0.2328 0.4306
vn 0.9495 -0.2138 0.2297
vn 0.7378 -0.2485 0.6276
vn 0.9625 -0.1619 0.2179
vn 0.7752 -0.2072 0.5968
vn 0.7838 -0.1427 0.6044
vn -0.3837 0.7409 -0.5512
vn -0.3688 0.7994 -0.4742
vn -0.3168 0.8358 -0.4485
vn -0.2658 0.8649 -0.4258
vn -0.3333 0.7818 -0.5269
vn -0.2834 0.9502 -0.1298
vn -0.3417 0.9290 -0.1423
vn -0.2112 0.8887 -0.4070
vn -0.2806 0.8158 -0.5058
vn -0.2335 0.9649 -0.1203
vn -0.4479 0.8806 -0.1549
vn -0.4422 0.6881 -0.5753
vn -0.4402 0.7460 -0.4998
vn -0.5861 0.7935 -0.1637
vn -0.4422 0.8014 -0.4029
vn -0.3485 0.8988 -0.2660
vn -0.3573 0.8541 -0.3779
vn 0.1723 -0.9358 -0.3074
vn 0.1163 -0.9482 -0.2957
vn 0.1827 -0.8985 -0.3991
vn -0.4455 0.8482 -0.2867
vn -0.5502 0.7217 -0.4200
vn -0.7418 0.5257 -0.4165
vn -0.6863 0.6603 -0.3049
vn -0.6513 0.6289 -0.4246
vn -0.8641 0.3408 -0.3703
vn -0.8637 0.4189 -0.2805
vn -0.8165 0.4198 -0.3964
vn -0.7861 0.5416 -0.2978
vn -0.8173 0.5534 -0.1606
vn -0.8963 0.4178 -0.1485
vn -0.7115 0.6829 -0.1655
vn -0.9366 0.3234 -0.1352
vn -0.8941 0.1959 -0.4026
vn -0.8718 0.2515 -0.4203
vn -0.8475 0.2073 -0.4887
vn -0.9546 0.2709 -0.1241
vn -0.8674 0.1459 -0.4757
vn -0.9108 0.1375 -0.3893
vn -0.9685 0.2207 -0.1153
vn -0.9796 0.1696 -0.1081
vn -0.9877 0.1179 -0.1028
vn -0.8209 0.2652 -0.5058
vn -0.8441 0.3035 -0.4420
vn -0.8805 0.0819 -0.4670
vn -0.9215 0.0769 -0.3806
vn -0.9929 0.0656 -0.0993
vn -0.5709 0.7638 -0.3011
vn -0.9951 0.0130 -0.0979
vn -0.9261 0.0150 -0.3769
vn -0.8862 0.0162 -0.4630
vn -0.8832 -0.2252 -0.4113
vn -0.9029 -0.1682 -0.3956
vn -0.8376 -0.2381 -0.4917
vn -0.8277 -0.3289 -0.4547
vn -0.8581 -0.2789 -0.4312
vn -0.7732 -0.3458 -0.5316
vn -0.8603 -0.1779 -0.4778
vn -0.9167 -0.1087 -0.3845
vn -0.9943 -0.0396 -0.0987
vn -0.9905 -0.0920 -0.1017
vn -0.9245 -0.0473 -0.3782
vn -0.8760 -0.1149 -0.4684
vn -0.9838 -0.1440 -0.1067
vn -0.8084 -0.2943 -0.5098
vn -0.9741 -0.1954 -0.1134
vn -0.7296 -0.3978 -0.5564
vn -0.7879 -0.3846 -0.4809
vn -0.9616 -0.2461 -0.1217
vn -0.9461 -0.2958 -0.1315
vn -0.9201 -0.3641 -0.1441
vn -0.8623 -0.4818 -0.1558
vn -0.6733 -0.4592 -0.5795
vn -0.7293 -0.4616 -0.5050
vn -0.8847 -0.0499 -0.4635
vn -0.7681 -0.6193 -0.1626
vn -0.6088 -0.5261 -0.5938
vn -0.6544 -0.5499 -0.5190
vn 0.0003 -0.9953 -0.0969
vn -0.6525 -0.7401 -0.1628
vn -0.5188 -0.8405 -0.1565
vn -0.2079 -0.9716 -0.1128
vn -0.1567 -0.9819 -0.1060
vn -0.3902 -0.9094 -0.1439
vn -0.4031 -0.7746 -0.4874
vn -0.4866 -0.7095 -0.5097
vn -0.4102 -0.7114 -0.5707
vn -0.3083 -0.9422 -0.1315
vn -0.3555 -0.7586 -0.5460
vn -0.3402 -0.8199 -0.4605
vn -0.2584 -0.9584 -0.1214
vn -0.2908 -0.8515 -0.4362
vn -0.3056 -0.7961 -0.5224
vn -0.1923 -0.8527 -0.4857
vn -0.1815 -0.8989 -0.3989
vn -0.2379 -0.8779 -0.4155
vn -0.1225 -0.9140 -0.3867
vn -0.1302 -0.8710 -0.4736
vn -0.2511 -0.8276 -0.5021
vn -0.5734 -0.6326 -0.5206
vn -0.4752 -0.6535 -0.5892
vn -0.1047 -0.9894 -0.1010
vn -0.0615 -0.9233 -0.3793
vn -0.0578 -0.9558 -0.2883
vn -0.1153 -0.9484 -0.2953
vn -0.5430 -0.5907 -0.5969
vn -0.0546 -0.9794 -0.1943
vn 0.0006 -0.9582 -0.2860
vn 0.0005 -0.9813 -0.1923
vn 0.0006 -0.9263 -0.3767
vn -0.0523 -0.9938 -0.0978
vn 0.0008 -0.8860 -0.4638
vn -0.0652 -0.8823 -0.4661
vn -0.0606 -0.9303 -0.3617
vn -0.0066 -0.9555 -0.2948
vn -0.2234 0.8434 -0.4886
vn -0.1535 0.9069 -0.3924
vn -0.1826 0.9768 -0.1123
vn -0.0935 0.9192 -0.3824
vn -0.1625 0.8645 -0.4756
vn -0.1311 0.9857 -0.1058
vn -0.0790 0.9917 -0.1012
vn -0.0318 0.9255 -0.3774
vn -0.0989 0.8787 -0.4671
vn 0.0305 0.9256 -0.3774
vn -0.0335 0.8857 -0.4631
vn -0.0265 0.9948 -0.0987
vn 0.0922 0.9194 -0.3823
vn 0.0326 0.8854 -0.4636
vn 0.0261 0.9948 -0.0982
vn 0.0786 0.9919 -0.1001
vn 0.1308 0.9859 -0.1040
vn 0.1523 0.9072 -0.3922
vn 0.0979 0.8779 -0.4686
vn 0.1435 0.9429 -0.3005
vn 0.0867 0.9527 -0.2912
vn 0.1823 0.9771 -0.1097
vn 0.2332 0.9653 -0.1172
vn 0.2832 0.9507 -0.1262
vn 0.1987 0.9284 -0.3141
vn 0.3418 0.9295 -0.1385
vn 0.2516 0.9093 -0.3315
vn 0.2101 0.8891 -0.4067
vn 0.4487 0.8807 -0.1519
vn 0.2648 0.8654 -0.4254
vn 0.3020 0.8858 -0.3525
vn 0.5869 0.7932 -0.1623
vn 0.3574 0.8546 -0.3767
vn 0.3159 0.8364 -0.4479
vn 0.7121 0.6823 -0.1657
vn 0.4444 0.8004 -0.4023
vn 0.3688 0.7998 -0.4737
vn 0.8175 0.5526 -0.1625
vn 0.4427 0.7446 -0.4997
vn 0.5524 0.7202 -0.4197
vn 0.8961 0.4171 -0.1518
vn 0.6531 0.6270 -0.4246
vn 0.5307 0.6718 -0.5167
vn 0.9360 0.3234 -0.1390
vn 0.7432 0.5234 -0.4168
vn 0.6146 0.5920 -0.5213
vn 0.9541 0.2711 -0.1275
vn 0.6927 0.5063 -0.5136
vn 0.8171 0.4179 -0.3971
vn 0.8635 0.3411 -0.3716
vn 0.7612 0.4201 -0.4940
vn 0.8914 0.2904 -0.3481
vn 0.8099 0.3542 -0.4676
vn 0.9681 0.2209 -0.1183
vn 0.8435 0.3044 -0.4425
vn 0.9139 0.2395 -0.3277
vn 0.9793 0.1699 -0.1105
vn 0.9320 0.1860 -0.3110
vn 0.8713 0.2525 -0.4207
vn 0.9875 0.1182 -0.1044
vn 0.9455 0.1305 -0.2983
vn 0.8938 0.1970 -0.4029
vn 0.9928 0.0660 -0.1002
vn 0.9105 0.1387 -0.3895
vn 0.9542 0.0734 -0.2899
vn 0.9951 0.0134 -0.0981
vn 0.9581 0.0152 -0.2862
vn 0.9214 0.0782 -0.3807
vn 0.9944 -0.0393 -0.0981
vn 0.9569 -0.0433 -0.2873
vn 0.9261 0.0162 -0.3769
vn 0.9907 -0.0917 -0.1004
vn 0.9246 -0.0461 -0.3781
vn 0.9507 -0.1010 -0.2931
vn 0.9841 -0.1437 -0.1046
vn 0.9397 -0.1575 -0.3035
vn 0.9169 -0.1074 -0.3844
vn 0.9745 -0.1951 -0.1107
vn 0.9620 -0.2459 -0.1185
vn 0.9467 -0.2957 -0.1278
vn 0.9240 -0.2121 -0.3181
vn 0.9032 -0.1670 -0.3954
vn 0.9206 -0.3644 -0.1404
vn 0.9038 -0.2645 -0.3365
vn 0.8837 -0.2241 -0.4110
vn 0.8623 -0.4827 -0.1531
vn 0.8586 -0.2780 -0.4307
vn 0.8792 -0.3141 -0.3582
vn 0.7678 -0.6200 -0.1616
vn 0.8435 -0.3762 -0.3833
vn 0.8283 -0.3281 -0.4541
vn 0.6518 -0.7405 -0.1634
vn 0.7824 -0.4708 -0.4077
vn 0.7878 -0.3853 -0.4805
vn 0.5180 -0.8405 -0.1587
vn 0.7277 -0.4642 -0.5050
vn 0.6979 -0.5785 -0.4221
vn 0.3896 -0.9091 -0.1475
vn 0.6021 -0.6767 -0.4239
vn 0.6524 -0.5523 -0.5190
vn 0.3084 -0.9416 -0.1353
vn 0.4960 -0.7639 -0.4129
vn 0.5711 -0.6347 -0.5206
vn 0.2586 -0.9579 -0.1247
vn 0.4840 -0.7113 -0.5097
vn 0.3956 -0.8311 -0.3909
vn 0.3270 -0.8715 -0.3654
vn 0.4016 -0.7752 -0.4877
vn 0.3410 -0.8192 -0.4611
vn 0.2779 -0.8974 -0.3427
vn 0.2082 -0.9712 -0.1157
vn 0.1569 -0.9817 -0.1082
vn 0.1047 -0.9892 -0.1021
vn 0.0554 -0.9793 -0.1946
vn 0.0528 -0.9938 -0.0981
vn 0.1098 -0.9735 -0.2004
vn 0.0800 -0.9300 -0.3588
vn 0.1479 -0.9444 -0.2936
vn 0.0663 -0.8822 -0.4662
vn 0.2263 -0.9189 -0.3232
vn 0.2918 -0.8510 -0.4367
vn 0.1309 -0.8714 -0.4728
vn 0.2521 -0.8289 -0.4994
vn 0.2389 -0.8775 -0.4159
vn 0.1931 -0.8535 -0.4840
vn 0.2232 -0.9007 -0.3728
vn -0.1090 -0.9738 -0.1998
vn -0.1333 -0.9477 -0.2901
vn -0.1626 -0.9643 -0.2088
vn -0.1713 -0.9362 -0.3068
vn -0.1990 -0.9067 -0.3718
vn -0.2150 -0.9513 -0.2210
vn -0.2255 -0.9194 -0.3223
vn -0.2838 -0.9058 -0.3145
vn -0.2659 -0.9346 -0.2362
vn -0.2771 -0.8981 -0.3416
vn -0.3338 -0.8556 -0.3957
vn -0.3155 -0.9143 -0.2541
vn -0.3264 -0.8722 -0.3642
vn -0.4187 -0.8331 -0.3615
vn -0.3929 -0.8775 -0.2752
vn -0.3970 -0.8308 -0.3900
vn -0.4539 -0.7770 -0.4362
vn -0.5099 -0.8084 -0.2942
vn -0.4984 -0.7626 -0.4125
vn -0.5408 -0.7279 -0.4215
vn -0.6320 -0.7128 -0.3042
vn -0.6040 -0.6750 -0.4238
vn -0.5720 -0.6763 -0.4641
vn -0.7395 -0.6011 -0.3031
vn -0.6995 -0.5765 -0.4223
vn -0.6543 -0.6041 -0.4550
vn -0.8299 -0.4759 -0.2911
vn -0.7836 -0.4684 -0.4081
vn -0.6889 -0.5675 -0.4510
vn -0.8890 -0.3689 -0.2713
vn -0.8434 -0.3755 -0.3844
vn -0.7582 -0.4842 -0.4366
vn -0.9191 -0.3034 -0.2512
vn -0.8785 -0.3148 -0.3594
vn -0.8024 -0.4509 -0.3909
vn -0.9386 -0.2539 -0.2337
vn -0.9032 -0.2653 -0.3375
vn -0.8406 -0.3642 -0.4009
vn -0.9544 -0.2027 -0.2189
vn -0.9235 -0.2130 -0.3189
vn -0.8840 -0.3232 -0.3377
vn -0.9667 -0.1501 -0.2071
vn -0.9394 -0.1585 -0.3041
vn -0.8972 -0.2318 -0.3758
vn -0.9753 -0.0963 -0.1986
vn -0.9505 -0.1021 -0.2935
vn -0.9367 -0.1770 -0.3022
vn -0.9802 -0.0417 -0.1937
vn -0.9568 -0.0444 -0.2874
vn -0.9276 -0.0889 -0.3628
vn -0.9812 0.0133 -0.1926
vn -0.9581 0.0141 -0.2861
vn -0.9579 -0.0192 -0.2864
vn -0.9784 0.0683 -0.1953
vn -0.9304 0.0581 -0.3619
vn -0.9544 0.0723 -0.2896
vn -0.9718 0.1225 -0.2017
vn -0.9453 0.1415 -0.2938
vn -0.9458 0.1294 -0.2978
vn -0.9614 0.1758 -0.2116
vn -0.9059 0.2023 -0.3720
vn -0.9325 0.1851 -0.3103
vn -0.9474 0.2279 -0.2246
vn -0.9002 0.2915 -0.3234
vn -0.9145 0.2386 -0.3268
vn -0.9299 0.2783 -0.2405
vn -0.8543 0.3370 -0.3958
vn -0.7880 0.3187 -0.5268
vn -0.8920 0.2896 -0.3469
vn -0.9075 0.3306 -0.2590
vn -0.8253 0.4235 -0.3736
vn -0.7488 0.3684 -0.5510
vn -0.8104 0.3538 -0.4670
vn -0.7755 0.4573 -0.4354
vn -0.6984 0.4260 -0.5752
vn -0.7601 0.4223 -0.4938
vn -0.7177 0.5434 -0.4354
vn -0.6382 0.4928 -0.5915
vn -0.6909 0.5089 -0.5136
vn -0.6749 0.5771 -0.4598
vn -0.5746 0.5598 -0.5970
vn -0.6125 0.5942 -0.5213
vn -0.5941 0.6545 -0.4676
vn -0.5093 0.6250 -0.5916
vn -0.5283 0.6737 -0.5167
vn -0.5661 0.6956 -0.4424
vn -0.4799 0.7599 -0.4385
vn -0.2912 0.9243 -0.2466
vn -0.4473 0.8108 -0.3775
vn -0.3027 0.8851 -0.3537
vn -0.2413 0.9429 -0.2298
vn -0.3611 0.8416 -0.4017
vn -0.2525 0.9087 -0.3325
vn -0.1897 0.9579 -0.2157
vn -0.3166 0.8904 -0.3271
vn -0.1996 0.9279 -0.3148
vn -0.1367 0.9692 -0.2047
vn -0.2285 0.8980 -0.3760
vn -0.1445 0.9426 -0.3010
vn -0.0827 0.9769 -0.1971
vn -0.1680 0.9405 -0.2954
vn -0.0878 0.9525 -0.2916
vn -0.0280 0.9808 -0.1931
vn -0.0858 0.9280 -0.3627
vn -0.0298 0.9576 -0.2866
vn 0.0271 0.9808 -0.1929
vn -0.0082 0.9580 -0.2867
vn 0.0287 0.9576 -0.2865
vn 0.0819 0.9771 -0.1965
vn 0.0612 0.9305 -0.3610
vn 0.1359 0.9695 -0.2039
vn 0.1501 0.9419 -0.3006
vn 0.1614 0.8633 -0.4782
vn 0.1890 0.9583 -0.2145
vn 0.2050 0.9058 -0.3707
vn 0.2220 0.8418 -0.4920
vn 0.2406 0.9434 -0.2283
vn 0.2972 0.8945 -0.3339
vn 0.2790 0.8137 -0.5099
vn 0.2907 0.9250 -0.2448
vn 0.3396 0.8539 -0.3944
vn 0.3313 0.7794 -0.5317
vn 0.3486 0.8993 -0.2642
vn 0.4267 0.8176 -0.3866
vn 0.3820 0.7381 -0.5562
vn 0.4472 0.8477 -0.2854
vn 0.4607 0.7748 -0.4329
vn 0.4424 0.6845 -0.5794
vn 0.6877 0.6589 -0.3050
vn 0.5726 0.7628 -0.3006
vn 0.5445 0.7081 -0.4496
vn 0.5100 0.6224 -0.5937
vn 0.7871 0.5399 -0.2985
vn 0.5821 0.6745 -0.4541
vn 0.5762 0.5581 -0.5971
vn 0.6564 0.5942 -0.4649
vn 0.6407 0.4919 -0.5895
vn 0.8639 0.4174 -0.2819
vn 0.7088 0.5642 -0.4234
vn 0.7017 0.4258 -0.5712
vn 0.9069 0.3308 -0.2609
vn 0.7611 0.4772 -0.4393
vn 0.7512 0.3702 -0.5465
vn 0.9293 0.2789 -0.2421
vn 0.8183 0.4435 -0.3656
vn 0.7900 0.3203 -0.5227
vn 0.9470 0.2285 -0.2260
vn 0.8427 0.3588 -0.4014
vn 0.8225 0.2665 -0.5024
vn 0.9610 0.1765 -0.2127
vn 0.8959 0.3097 -0.3184
vn 0.8487 0.2084 -0.4860
vn 0.9715 0.1233 -0.2025
vn 0.8989 0.2261 -0.3752
vn 0.8682 0.1469 -0.4739
vn 0.9782 0.0691 -0.1957
vn 0.9431 0.1583 -0.2925
vn 0.8807 0.0828 -0.4663
vn 0.9812 0.0142 -0.1927
vn 0.9286 0.0832 -0.3616
vn 0.8860 0.0171 -0.4633
vn 0.9803 -0.0408 -0.1934
vn 0.9567 -0.0015 -0.2911
vn 0.8841 -0.0489 -0.4648
vn 0.9755 -0.0955 -0.1980
vn 0.9311 -0.0641 -0.3591
vn 0.8749 -0.1138 -0.4707
vn 0.9670 -0.1493 -0.2062
vn 0.9379 -0.1575 -0.3092
vn 0.8587 -0.1767 -0.4810
vn 0.9549 -0.2020 -0.2177
vn 0.9059 -0.2084 -0.3687
vn 0.8356 -0.2365 -0.4958
vn 0.9391 -0.2533 -0.2322
vn 0.8880 -0.3029 -0.3458
vn 0.8060 -0.2924 -0.5147
vn 0.9198 -0.3029 -0.2494
vn 0.8538 -0.3433 -0.3915
vn 0.7705 -0.3436 -0.5370
vn 0.8893 -0.3694 -0.2696
vn 0.8094 -0.4295 -0.4005
vn 0.7263 -0.3963 -0.5616
vn 0.8292 -0.4777 -0.2901
vn 0.7737 -0.4653 -0.4299
vn 0.6694 -0.4594 -0.5838
vn 0.7383 -0.6027 -0.3027
vn 0.7026 -0.5463 -0.4559
vn 0.6061 -0.5267 -0.5960
vn 0.6304 -0.7141 -0.3044
vn 0.6743 -0.5922 -0.4411
vn 0.5412 -0.5922 -0.5970
vn 0.5081 -0.8092 -0.2951
vn 0.5903 -0.6578 -0.4677
vn 0.4741 -0.6561 -0.5871
vn 0.3918 -0.8775 -0.2767
vn 0.5609 -0.7185 -0.4112
vn 0.4100 -0.7143 -0.5672
vn 0.3159 -0.9136 -0.2559
vn 0.4746 -0.7633 -0.4383
vn 0.3571 -0.7606 -0.5422
vn 0.2664 -0.9340 -0.2378
vn 0.4383 -0.8260 -0.3544
vn 0.3070 -0.7978 -0.5189
vn 0.2157 -0.9508 -0.2224
vn 0.3563 -0.8445 -0.3997
vn 0.1633 -0.9640 -0.2098
vn 0.3006 -0.9010 -0.3128
vn 0.1237 -0.9138 -0.3868
vn 0.0627 -0.9231 -0.3793
vn 0.0589 -0.9557 -0.2885
vn 0.0575 0.0860 -0.9946
vn 0.0709 0.0752 -0.9946
vn 0.0886 -0.0567 -0.9945
vn 0.0779 -0.0718 -0.9944
vn 0.0966 -0.0400 -0.9945
vn 0.0647 -0.0836 -0.9944
vn 0.1016 -0.0224 -0.9946
vn 0.0493 -0.0941 -0.9943
vn 0.1035 -0.0041 -0.9946
vn 0.0325 -0.1018 -0.9943
vn 0.1024 0.0141 -0.9946
vn -0.0220 -0.1058 -0.9941
vn 0.0983 0.0319 -0.9946
vn -0.0699 -0.0812 -0.9942
vn -0.0555 -0.0920 -0.9942
vn 0.0262 0.1004 -0.9946
vn 0.0092 0.1035 -0.9946
vn -0.0420 0.0958 -0.9945
vn -0.0254 0.1012 -0.9945
vn -0.0923 -0.0532 -0.9943
vn -0.0997 -0.0369 -0.9943
vn -0.0715 0.0772 -0.9945
vn -0.0836 0.0644 -0.9944
vn -0.1051 0.0167 -0.9943
vn -0.1057 -0.0019 -0.9944
vn -0.0934 0.0497 -0.9944
vn -0.1007 0.0336 -0.9944
vn -0.0575 0.0877 -0.9945
vn -0.1042 -0.0196 -0.9944
vn -0.0082 0.1038 -0.9946
vn -0.0823 -0.0681 -0.9943
vn 0.0425 0.0945 -0.9946
vn -0.0394 -0.1003 -0.9942
vn 0.0824 0.0624 -0.9947
vn 0.0915 0.0478 -0.9947
vn -0.0039 -0.1083 -0.9941
vn 0.0146 -0.1067 -0.9942
vn 0.0824 -0.0623 0.9947
vn 0.1820 -0.1905 0.9647
vn 0.0709 -0.0752 0.9946
vn 0.0146 0.1066 0.9942
vn -0.0039 0.1083 0.9941
vn 0.0407 0.2491 0.9676
vn 0.2464 -0.0427 0.9682
vn 0.2398 -0.0808 0.9674
vn 0.0982 -0.0319 0.9947
vn -0.0555 0.0920 0.9942
vn -0.1135 0.2319 0.9661
vn -0.0394 0.1003 0.9942
vn 0.0425 -0.0945 0.9946
vn 0.0701 -0.2415 0.9679
vn 0.0262 -0.1004 0.9946
vn -0.0360 -0.2523 0.9670
vn -0.0740 -0.2459 0.9665
vn -0.0254 -0.1012 0.9945
vn -0.2194 0.1560 0.9631
vn -0.0823 0.0681 0.9943
vn -0.0923 0.0532 0.9943
vn -0.2540 -0.0012 0.9672
vn -0.1057 0.0019 0.9944
vn -0.1051 -0.0167 0.9943
vn -0.0934 -0.0497 0.9944
vn -0.2451 -0.0794 0.9662
vn -0.1007 -0.0336 0.9944
vn -0.0836 -0.0644 0.9944
vn -0.2323 -0.1172 0.9656
vn -0.2510 -0.0401 0.9671
vn -0.2507 0.0382 0.9673
vn -0.1042 0.0197 0.9944
vn -0.0997 0.0369 0.9943
vn -0.2337 0.1152 0.9655
vn 0.0319 -0.2462 0.9687
vn 0.0092 -0.1035 0.9946
vn -0.0062 -0.2471 0.9690
vn -0.0699 0.0812 0.9942
vn -0.1539 0.2181 0.9637
vn -0.1893 0.1900 0.9633
vn 0.0575 -0.0860 0.9946
vn 0.1461 -0.2166 0.9653
vn 0.1082 -0.2323 0.9666
vn -0.0220 0.1058 0.9941
vn 0.0019 0.2525 0.9676
vn -0.0760 0.2454 0.9664
vn 0.2285 -0.1182 0.9664
vn 0.0915 -0.0478 0.9947
vn 0.2108 -0.1566 0.9649
vn -0.2453 0.0770 0.9664
vn -0.0082 -0.1038 0.9946
vn 0.1024 -0.0141 0.9946
vn 0.2501 -0.0044 0.9682
vn 0.1035 0.0041 0.9946
vn 0.2484 0.0343 0.9681
vn 0.1016 0.0224 0.9946
vn 0.2439 0.0731 0.9670
vn 0.0966 0.0401 0.9945
vn 0.2327 0.1109 0.9662
vn 0.0886 0.0567 0.9945
vn 0.2174 0.1500 0.9645
vn 0.0779 0.0718 0.9944
vn 0.1906 0.1857 0.9639
vn 0.0647 0.0836 0.9944
vn 0.1572 0.2162 0.9636
vn 0.0493 0.0941 0.9943
vn 0.1171 0.2314 0.9658
vn 0.0325 0.1019 0.9943
vn 0.0791 0.2427 0.9669
vn -0.0370 0.2502 0.9675
vn -0.0715 -0.0772 0.9945
vn -0.2163 -0.1570 0.9636
vn -0.1520 -0.2197 0.9637
vn -0.1885 -0.1927 0.9630
vn -0.0575 -0.0877 0.9945
vn -0.1127 -0.2359 0.9652
vn -0.0420 -0.0958 0.9945
vn 0.9961 0.0399 0.0784
vn 0.9881 -0.1329 0.0778
vn 0.9961 -0.0399 -0.0784
vn -0.0851 0.9932 -0.0797
vn -0.0193 0.9952 0.0962
vn 0.0825 0.9937 -0.0757
vn 0.9742 -0.2113 -0.0795
vn 0.9510 -0.2995 0.0767
vn 0.8961 -0.4351 0.0874
vn 0.9234 -0.3739 -0.0866
vn 0.8146 -0.5696 0.1097
vn 0.8468 -0.5248 -0.0863
vn 0.7460 -0.6601 -0.0886
vn 0.7094 -0.6924 0.1312
vn 0.5850 -0.7970 0.1502
vn 0.6236 -0.7762 -0.0933
vn 0.4827 -0.8700 -0.1003
vn 0.4460 -0.8795 0.1661
vn 0.3264 -0.9390 -0.1086
vn 0.1581 -0.9806 -0.1162
vn 0.2974 -0.9379 0.1784
vn 0.1447 -0.9720 0.1854
vn -0.0172 -0.9926 -0.1202
vn -0.0073 -0.9829 0.1839
vn 0.9881 0.1329 -0.0778
vn 0.9503 0.3014 -0.0775
vn 0.9742 0.2113 0.0795
vn 0.9231 0.3757 0.0820
vn 0.8863 0.4567 -0.0768
vn 0.7972 0.5989 -0.0763
vn 0.8447 0.5287 0.0833
vn 0.6853 0.7243 -0.0758
vn 0.7414 0.6657 0.0849
vn 0.6163 0.7827 0.0868
vn 0.4732 0.8765 0.0890
vn 0.5540 0.8290 -0.0756
vn 0.4070 0.9103 -0.0755
vn 0.3164 0.9442 0.0913
vn 0.2483 0.9657 -0.0755
vn 0.1505 0.9842 0.0937
vn -0.5528 0.8290 -0.0846
vn -0.4847 0.8712 0.0781
vn -0.4068 0.9098 -0.0828
vn -0.2494 0.9650 -0.0811
vn -0.3389 0.9372 0.0821
vn -0.1825 0.9792 0.0886
vn -0.8295 0.5507 0.0925
vn -0.7947 0.6005 -0.0889
vn -0.8837 0.4590 -0.0913
vn -0.6168 0.7832 0.0783
vn -0.6833 0.7249 -0.0866
vn -0.7328 0.6753 0.0836
vn -0.9852 0.1414 -0.0965
vn -0.9947 -0.0259 -0.0993
vn -0.9888 0.0904 0.1188
vn -0.9479 0.3045 -0.0938
vn -0.9616 0.2520 0.1088
vn -0.9084 0.4063 0.0989
vn -0.8562 -0.5052 -0.1077
vn -0.9087 -0.3911 0.1462
vn -0.9294 -0.3539 -0.1050
vn -0.9620 -0.2358 0.1376
vn -0.9890 -0.0738 0.1285
vn -0.9760 -0.1925 -0.1021
vn -0.6097 -0.7747 0.1675
vn -0.7299 -0.6642 0.1612
vn -0.6388 -0.7610 -0.1129
vn -0.8306 -0.5352 0.1541
vn -0.7585 -0.6423 -0.1104
vn -0.5006 -0.8580 -0.1151
vn -0.4733 -0.8638 0.1729
vn -0.3478 -0.9303 -0.1169
vn -0.3244 -0.9291 0.1773
vn -0.1672 -0.9692 0.1807
vn -0.1847 -0.9756 -0.1183
vn -0.1868 0.2952 -0.9370
vn 0.2772 -0.3124 -0.9086
vn 0.2258 -0.3591 -0.9056
vn -0.2755 -0.2388 -0.9312
vn 0.3427 0.2067 -0.9164
vn -0.3122 -0.1883 -0.9312
vn 0.3730 0.1452 -0.9164
vn -0.3398 -0.1323 -0.9312
vn 0.3025 0.2621 -0.9164
vn 0.2533 0.3098 -0.9164
vn 0.3922 0.0795 -0.9164
vn -0.3573 -0.0724 -0.9312
vn -0.2308 -0.2822 -0.9312
vn 0.1968 0.3485 -0.9164
vn 0.4001 0.0114 -0.9164
vn -0.3645 -0.0104 -0.9312
vn -0.1793 -0.3175 -0.9312
vn -0.1225 -0.3434 -0.9312
vn 0.1345 0.3769 -0.9164
vn -0.3609 0.0519 -0.9312
vn 0.3961 -0.0570 -0.9164
vn -0.0696 0.3939 -0.9165
vn -0.0005 -0.3649 -0.9310
vn 0.0633 -0.3596 -0.9310
vn -0.2605 0.3101 -0.9143
vn -0.2020 0.3483 -0.9153
vn 0.1812 -0.3151 -0.9316
vn 0.1015 -0.4191 -0.9023
vn 0.0330 -0.4299 -0.9023
vn -0.0262 0.3439 -0.9386
vn 0.1408 0.3133 -0.9392
vn -0.1091 -0.4206 -0.9007
vn -0.1769 -0.3956 -0.9013
vn 0.3332 -0.1269 -0.9343
vn -0.3542 0.2072 -0.9119
vn 0.3085 -0.1824 -0.9336
vn -0.3411 -0.2590 -0.9037
vn 0.2767 0.2088 -0.9380
vn 0.2372 0.2511 -0.9384
vn -0.4187 0.0090 -0.9081
vn 0.3527 -0.0091 -0.9357
vn 0.3476 0.0500 -0.9363
vn -0.4030 -0.1312 -0.9057
vn 0.3328 0.1069 -0.9369
vn 0.3089 0.1603 -0.9375
vn -0.3776 -0.1976 -0.9047
vn -0.2393 -0.3595 -0.9020
vn -0.2945 -0.3135 -0.9028
vn -0.4169 -0.0616 -0.9069
vn -0.4085 0.0786 -0.9094
vn 0.3480 -0.0686 -0.9350
vn 0.1915 0.2863 -0.9388
vn -0.3868 0.1453 -0.9106
vn 0.0302 0.3407 -0.9397
vn -0.0379 -0.4339 -0.9002
vn 0.0866 0.3316 -0.9394
vn -0.3117 0.2626 -0.9132
vn 0.2317 -0.2782 -0.9322
vn 0.2745 -0.2334 -0.9328
vn 0.1666 -0.3951 -0.9034
vn -0.1351 0.3190 -0.9381
vn -0.0814 0.3351 -0.9386
vn -0.1379 0.3764 -0.9161
vn 0.1245 -0.3426 -0.9312
vn 0.3195 -0.2564 -0.9122
vn -0.2810 0.2236 -0.9333
vn -0.3202 0.1733 -0.9314
vn -0.2358 0.2637 -0.9353
vn -0.3478 0.1118 -0.9309
vn 0.3530 -0.1926 -0.9156
vn 0.0002 0.4001 -0.9165
vn 0.0682 0.3944 -0.9164
vn -0.0622 -0.3593 -0.9312
vn 0.3804 -0.1221 -0.9167
vn -0.1237 -0.8721 0.4735
vn 0.1608 -0.8699 0.4663
vn 0.0277 -0.8803 0.4736
vn 0.2894 -0.8426 0.4541
vn 0.5404 -0.7282 0.4216
vn 0.4149 -0.7969 0.4391
vn 0.6587 -0.6269 0.4162
vn 0.7505 -0.5041 0.4273
vn 0.8106 -0.3731 0.4514
vn 0.8490 -0.2427 0.4693
vn 0.8727 -0.1088 0.4759
vn 0.8697 0.1570 0.4680
vn 0.8803 0.0253 0.4737
vn 0.8415 0.2851 0.4588
vn 0.7262 0.5378 0.4282
vn 0.7950 0.4117 0.4456
vn 0.6258 0.6569 0.4205
vn 0.5042 0.7497 0.4286
vn 0.2433 0.8486 0.4698
vn 0.3733 0.8095 0.4531
vn 0.1112 0.8727 0.4755
vn -0.0207 0.8802 0.4742
vn -0.1514 0.8688 0.4714
vn -0.4082 0.7931 0.4521
vn -0.5355 0.7259 0.4317
vn -0.2807 0.8404 0.4636
vn -0.6542 0.6267 0.4235
vn -0.7482 0.5056 0.4297
vn -0.8086 0.3749 0.4534
vn -0.8485 0.2465 0.4683
vn -0.8726 0.1155 0.4746
vn -0.8796 -0.0150 0.4755
vn -0.8676 -0.1467 0.4752
vn -0.8390 -0.2776 0.4680
vn -0.7928 -0.4059 0.4546
vn -0.7259 -0.5334 0.4342
vn -0.6277 -0.6528 0.4241
vn -0.5063 -0.7468 0.4312
vn -0.3774 -0.8086 0.4514
vn -0.2500 -0.8484 0.4666
vn 0.1649 -0.0182 0.9861
vn 0.6196 0.2874 0.7304
vn 0.6107 0.0174 0.7917
vn 0.6052 -0.0659 0.7933
vn 0.7285 0.0221 0.6847
vn 0.3245 0.0093 0.9458
vn 0.3215 -0.0350 0.9463
vn 0.4739 0.0135 0.8804
vn 0.7187 -0.0788 0.6908
vn 0.6746 0.2085 0.7081
vn 0.7118 0.1195 0.6921
vn 0.5493 0.3636 0.7524
vn 0.3800 0.5158 0.7678
vn 0.4631 0.0773 0.8830
vn 0.3096 0.5914 0.7446
vn 0.4372 0.1359 0.8890
vn 0.3168 0.0528 0.9470
vn 0.3979 0.1866 0.8983
vn 0.3453 0.2313 0.9096
vn 0.2715 0.1271 0.9540
vn 0.1498 0.7032 0.6950
vn 0.4601 0.4367 0.7730
vn 0.2018 0.3825 0.9016
vn 0.1666 0.2239 0.9603
vn 0.2447 0.3287 0.9122
vn -0.2286 0.6637 0.7122
vn 0.1539 0.4260 0.8915
vn 0.1376 0.2610 0.9555
vn 0.0978 0.4563 0.8845
vn 0.0353 0.4721 0.8808
vn 0.0668 0.3122 0.9477
vn 0.0537 0.7262 0.6853
vn -0.4557 0.4389 0.7744
vn -0.0296 0.4727 0.8807
vn 0.0241 0.3232 0.9460
vn -0.1492 0.4287 0.8910
vn -0.0631 0.3133 0.9475
vn -0.0924 0.4580 0.8841
vn -0.1413 0.7040 0.6960
vn -0.3812 0.5256 0.7605
vn -0.3081 0.6048 0.7343
vn -0.6077 0.2919 0.7386
vn -0.5340 0.3631 0.7635
vn -0.6724 0.2164 0.7079
vn -0.7215 -0.0695 0.6889
vn -0.3420 0.2338 0.9101
vn -0.1972 0.1907 0.9616
vn -0.2898 0.2801 0.9152
vn -0.4347 0.1408 0.8895
vn -0.2693 0.1299 0.9543
vn -0.3945 0.1906 0.8989
vn -0.6521 -0.2503 0.7156
vn -0.7268 0.0280 0.6863
vn -0.7107 0.1263 0.6920
vn -0.6966 -0.1632 0.6986
vn -0.4616 0.0827 0.8832
vn -0.4737 0.0193 0.8805
vn -0.3159 0.0566 0.9471
vn -0.3463 -0.5532 0.7576
vn -0.4521 -0.1072 0.8855
vn -0.3220 -0.0311 0.9462
vn -0.4704 -0.0455 0.8813
vn -0.3733 -0.2094 0.9038
vn -0.2863 -0.1106 0.9517
vn -0.4193 -0.1621 0.8933
vn -0.5857 -0.3264 0.7419
vn -0.1007 -0.7165 0.6903
vn -0.4187 -0.4716 0.7761
vn -0.5013 -0.3994 0.7676
vn -0.1824 -0.2059 0.9614
vn -0.2679 -0.3025 0.9147
vn -0.2232 -0.3559 0.9075
vn -0.1521 -0.2426 0.9581
vn -0.1786 -0.4061 0.8962
vn -0.2731 -0.6293 0.7276
vn -0.1937 -0.6836 0.7037
vn -0.0036 -0.7266 0.6871
vn 0.1874 -0.6880 0.7011
vn -0.0026 -0.4743 0.8804
vn -0.0457 -0.3191 0.9466
vn -0.0668 -0.4661 0.8822
vn -0.0865 -0.3029 0.9491
vn -0.1266 -0.4429 0.8876
vn 0.4159 -0.4804 0.7722
vn 0.0936 -0.7181 0.6896
vn 0.0618 -0.4672 0.8820
vn -0.0018 -0.3247 0.9458
vn 0.2716 -0.6364 0.7219
vn 0.4933 -0.4020 0.7714
vn 0.0834 -0.3042 0.9490
vn 0.1221 -0.4449 0.8872
vn 0.1747 -0.4089 0.8957
vn 0.3445 -0.5639 0.7506
vn 0.5735 -0.3269 0.7511
vn 0.6930 -0.1703 0.7006
vn 0.1191 -0.2791 0.9529
vn 0.2207 -0.3593 0.9068
vn 0.1503 -0.2448 0.9579
vn 0.2656 -0.3051 0.9146
vn 0.3078 -0.0768 0.9483
vn 0.1577 -0.0392 0.9867
vn 0.1457 -0.0580 0.9876
vn 0.1292 -0.0739 0.9889
vn 0.1102 -0.0890 0.9899
vn 0.2521 -0.1449 0.9568
vn 0.3157 -0.2559 0.9137
vn 0.1807 -0.2077 0.9614
vn 0.2150 -0.1742 0.9610
vn 0.6454 -0.2561 0.7197
vn 0.5808 -0.1451 0.8010
vn 0.3697 -0.2127 0.9045
vn 0.4165 -0.1665 0.8938
vn 0.5386 -0.2154 0.8146
vn 0.0423 -0.3197 0.9466
vn -0.1218 -0.2772 0.9530
vn -0.3184 -0.2536 0.9134
vn -0.2545 -0.1426 0.9565
vn -0.2168 -0.1726 0.9608
vn -0.3092 -0.0732 0.9482
vn -0.3243 0.0132 0.9459
vn -0.2972 0.0961 0.9500
vn -0.2330 0.1593 0.9593
vn -0.2422 0.3317 0.9118
vn -0.1350 0.2633 0.9552
vn -0.1981 0.3861 0.9009
vn -0.1649 0.2259 0.9601
vn -0.1019 0.2928 0.9507
vn -0.0466 0.7254 0.6867
vn -0.0202 0.3236 0.9460
vn 0.2357 0.6574 0.7158
vn 0.1051 0.2911 0.9509
vn 0.1990 0.1889 0.9616
vn 0.2924 0.2775 0.9151
vn 0.2352 0.1575 0.9591
vn 0.2988 0.0928 0.9498
vn 0.4696 -0.0511 0.8814
vn 0.1655 0.0053 0.9862
vn 0.1614 0.0275 0.9865
vn 0.5971 0.0997 0.7959
vn 0.1519 0.0478 0.9872
vn 0.5647 0.1757 0.8064
vn 0.1377 0.0650 0.9883
vn 0.5153 0.2417 0.8222
vn 0.1191 0.0804 0.9896
vn 0.4484 0.3004 0.8418
vn 0.1008 0.0965 0.9902
vn 0.3803 0.3609 0.8515
vn 0.0843 0.1144 0.9898
vn 0.3179 0.4271 0.8465
vn 0.0696 0.1335 0.9886
vn 0.2617 0.4957 0.8281
vn 0.0530 0.1488 0.9874
vn 0.1990 0.5505 0.8107
vn 0.0335 0.1596 0.9866
vn 0.1262 0.5886 0.7986
vn 0.0117 0.1652 0.9862
vn 0.0455 0.6084 0.7923
vn -0.0109 0.1653 0.9862
vn -0.0381 0.6091 0.7922
vn -0.0328 0.1598 0.9866
vn -0.1192 0.5908 0.7979
vn -0.0524 0.1491 0.9874
vn -0.1930 0.5540 0.8098
vn -0.0691 0.1338 0.9886
vn -0.2569 0.5003 0.8269
vn -0.0844 0.1147 0.9898
vn -0.3148 0.4310 0.8457
vn -0.1010 0.0968 0.9902
vn -0.3768 0.3643 0.8516
vn -0.1195 0.0809 0.9895
vn -0.4441 0.3037 0.8429
vn -0.1379 0.0658 0.9883
vn -0.5109 0.2469 0.8234
vn -0.1522 0.0486 0.9872
vn -0.5616 0.1819 0.8072
vn -0.1618 0.0284 0.9864
vn -0.5952 0.1068 0.7964
vn -0.1660 0.0062 0.9861
vn -0.6103 0.0249 0.7918
vn -0.1647 -0.0164 0.9862
vn -0.6064 -0.0587 0.7930
vn -0.1579 -0.0378 0.9867
vn -0.5834 -0.1384 0.8003
vn -0.1460 -0.0568 0.9877
vn -0.5423 -0.2097 0.8136
vn -0.1296 -0.0730 0.9889
vn -0.4841 -0.2717 0.8318
vn -0.1105 -0.0884 0.9899
vn -0.4139 -0.3296 0.8485
vn -0.0930 -0.1056 0.9900
vn -0.3484 -0.3933 0.8508
vn -0.0770 -0.1244 0.9892
vn -0.2897 -0.4619 0.8383
vn -0.0617 -0.1418 0.9880
vn -0.2313 -0.5254 0.8188
vn -0.0438 -0.1550 0.9869
vn -0.1636 -0.5718 0.8039
vn -0.0862 -0.6009 0.7946
vn -0.0230 -0.1633 0.9863
vn -0.0033 -0.6111 0.7915
vn -0.0006 -0.1662 0.9861
vn 0.0797 -0.6023 0.7943
vn 0.0218 -0.1636 0.9863
vn 0.1577 -0.5744 0.8032
vn 0.0427 -0.1555 0.9869
vn 0.2263 -0.5291 0.8178
vn 0.0609 -0.1426 0.9879
vn 0.2864 -0.4663 0.8370
vn 0.0768 -0.1250 0.9892
vn 0.3453 -0.3967 0.8505
vn 0.0925 -0.1061 0.9900
vn 0.4103 -0.3327 0.8491
vn 0.4795 -0.2759 0.8331
vn 0.2845 -0.1136 0.9519
vn 0.4501 -0.1124 0.8859
vn 0.8708 -0.2162 0.4415
vn 0.8256 -0.3234 0.4625
vn 0.7881 -0.2521 0.5616
vn 0.2018 -0.9794 0.0054
vn 0.0658 -0.9867 -0.1487
vn 0.0665 -0.9978 -0.0029
vn 0.9591 -0.2361 0.1561
vn 0.9294 -0.3680 0.0298
vn 0.9149 -0.3622 0.1783
vn 0.7591 0.3223 0.5656
vn 0.7955 0.3771 0.4743
vn 0.7817 0.2824 0.5561
vn 0.9019 -0.0957 0.4213
vn 0.8485 -0.0491 0.5269
vn 0.9061 0.0320 0.4219
vn 0.8327 -0.1324 0.5377
vn 0.7163 0.4674 0.5181
vn 0.6730 0.4403 0.5943
vn 0.6068 0.4739 0.6381
vn 0.9841 -0.1035 0.1444
vn 0.9710 -0.2389 0.0093
vn 0.9893 0.0319 0.1421
vn 0.9945 -0.1046 -0.0016
vn 0.8883 0.1499 0.4340
vn 0.8387 0.0806 0.5385
vn 0.9536 0.3005 0.0178
vn 0.8876 0.4185 0.1927
vn 0.9036 0.4261 0.0432
vn 0.8093 0.2050 0.5505
vn 0.8552 0.2682 0.4436
vn 0.9748 0.1664 0.1488
vn 0.9995 0.0322 -0.0037
vn 0.9857 0.1683 0.0025
vn 0.9407 0.2963 0.1653
vn 0.8137 0.5341 0.2296
vn 0.8335 0.5470 0.0777
vn 0.6322 0.5607 0.5347
vn 0.8993 0.4241 -0.1072
vn 0.7220 0.6439 0.2533
vn 0.7427 0.6622 0.1000
vn 0.2099 0.7969 0.5665
vn 0.2670 0.9275 -0.2616
vn 0.1127 0.8083 0.5779
vn 0.8336 0.5470 -0.0761
vn 0.2686 0.9539 -0.1339
vn 0.3936 0.8858 -0.2458
vn 0.6355 0.7660 0.0971
vn 0.5197 0.8516 0.0692
vn 0.6374 0.7683 -0.0585
vn 0.7453 0.6644 -0.0558
vn 0.3965 0.9110 -0.1133
vn 0.3988 0.9163 0.0364
vn 0.2712 0.9624 0.0135
vn 0.5154 0.8262 -0.2274
vn 0.6323 0.7471 -0.2051
vn 0.5191 0.8506 -0.0837
vn 0.5175 0.5766 0.6322
vn 0.5382 0.6518 0.5343
vn 0.3611 0.7214 0.5909
vn 0.3537 0.8103 0.4672
vn 0.4471 0.7336 0.5118
vn 0.4516 0.6286 0.6332
vn 0.3768 0.8655 0.3301
vn 0.2419 0.8646 0.4403
vn 0.2589 0.9167 0.3044
vn 0.1767 0.8173 0.5484
vn 0.1246 0.8879 0.4429
vn 0.1309 0.9420 0.3092
vn 0.8696 -0.4900 0.0601
vn 0.8516 -0.4799 0.2108
vn 0.1200 0.8553 0.5040
vn 0.7574 -0.4261 0.4947
vn 0.7245 -0.3591 0.5883
vn 0.8483 0.1520 0.5073
vn 0.6683 -0.5171 0.5347
vn 0.6676 -0.4192 0.6153
vn 0.7891 -0.6072 0.0925
vn 0.7910 -0.6086 -0.0626
vn 0.8596 0.0010 0.5110
vn 0.6893 -0.7173 0.1016
vn 0.6918 -0.7200 -0.0543
vn 0.4563 -0.8883 0.0510
vn 0.4476 -0.8714 0.2010
vn 0.5618 -0.7923 0.2380
vn 0.5762 -0.8128 0.0855
vn 0.6700 -0.6971 0.2551
vn 0.4941 -0.7000 0.5156
vn 0.4774 -0.6096 0.6329
vn 0.5842 -0.6045 0.5416
vn 0.5769 -0.8139 -0.0689
vn 0.4547 -0.8850 -0.1002
vn 0.4168 -0.6698 0.6146
vn 0.3964 -0.7783 0.4869
vn 0.3325 -0.9428 0.0233
vn 0.3276 -0.9292 0.1712
vn 0.3300 -0.9356 -0.1251
vn 0.1994 -0.9681 0.1519
vn 0.0658 -0.9875 0.1429
vn 0.1998 -0.9696 -0.1412
vn 0.0574 -0.9035 0.4248
vn 0.1281 -0.8346 0.5358
vn 0.1823 -0.8848 0.4287
vn 0.2985 -0.8390 0.4549
vn 0.2088 -0.8116 0.5456
vn -0.2029 -0.9673 0.1522
vn -0.0695 -0.9873 0.1430
vn -0.2053 -0.9787 0.0056
vn 0.5231 -0.5782 0.6261
vn 0.3846 -0.7251 0.5712
vn -0.0608 -0.9021 0.4273
vn -0.0004 -0.8438 0.5366
vn -0.1845 -0.8839 0.4298
vn -0.1280 -0.8333 0.5379
vn -0.3358 -0.9416 0.0237
vn -0.3309 -0.9279 0.1716
vn -0.4932 -0.6961 0.5218
vn -0.4137 -0.6681 0.6185
vn -0.3982 -0.7740 0.4923
vn -0.4594 -0.8868 0.0515
vn -0.4505 -0.8697 0.2016
vn -0.9307 -0.3647 0.0294
vn -0.8712 -0.4873 0.0595
vn -0.9244 -0.3623 -0.1196
vn -0.8533 -0.4772 0.2102
vn -0.7694 -0.5900 0.2449
vn -0.9003 -0.0941 0.4251
vn -0.8292 -0.1372 0.5419
vn -0.8723 -0.2097 0.4417
vn -0.9600 -0.2326 0.1558
vn -0.9949 -0.1010 -0.0017
vn -0.9845 -0.1000 0.1443
vn -0.9851 0.1718 0.0026
vn -0.9994 0.0358 -0.0036
vn -0.9749 0.1700 -0.1437
vn -0.8506 -0.0095 0.5257
vn -0.9077 0.0332 0.4183
vn -0.8563 -0.0595 0.5131
vn -0.7876 -0.2564 0.5603
vn -0.8327 -0.2065 0.5137
vn -0.3956 0.9177 0.0359
vn -0.2658 0.9546 -0.1342
vn -0.2682 0.9633 0.0132
vn -0.6274 0.5582 0.5429
vn -0.5404 0.6531 0.5304
vn -0.5203 0.5626 0.6425
vn 0.0584 0.8396 0.5401
vn -0.3495 0.8091 0.4724
vn -0.2424 0.8652 0.4389
vn -0.2662 0.7855 0.5586
vn -0.0033 0.8685 0.4958
vn -0.0639 0.8428 0.5344
vn 0.0012 0.9032 0.4292
vn -0.3230 0.7757 0.5421
vn 0.0023 0.9586 0.2846
vn -0.1200 0.8974 0.4246
vn -0.1289 0.9486 0.2891
vn 0.1344 0.9643 -0.2280
vn 0.1373 0.9861 -0.0939
vn 0.0027 0.9888 -0.1495
vn 0.0026 1.0000 -0.0039
vn 0.1377 0.9896 0.0419
vn 0.0025 0.9899 0.1419
vn -0.0050 0.9630 -0.2695
vn -0.4328 0.6777 0.5944
vn -0.4633 0.6269 0.6263
vn -0.4454 0.7412 0.5022
vn 0.1356 0.9748 0.1772
vn -0.1911 0.8228 0.5352
vn -0.1333 0.9802 0.1462
vn -0.3934 0.9123 -0.1137
vn -0.3691 0.7146 0.5942
vn -0.2647 0.9509 0.1603
vn -0.1347 0.9909 0.0001
vn -0.3890 0.9025 0.1848
vn -0.5173 0.8530 0.0685
vn -0.6343 0.7670 0.0968
vn -0.5167 0.8520 -0.0844
vn -0.5059 0.8341 0.2197
vn -0.6172 0.7461 0.2500
vn -0.7124 0.4723 0.5190
vn -0.6112 0.4665 0.6394
vn -0.8322 0.5489 0.0782
vn -0.7416 0.6633 0.1001
vn -0.8124 0.5358 0.2301
vn -0.7210 0.6448 0.2535
vn -0.8517 0.2683 0.4500
vn -0.7949 0.3773 0.4752
vn -0.7570 0.3116 0.5743
vn -0.7101 0.3769 0.5946
vn -0.8100 0.1983 0.5518
vn -0.8873 0.1571 0.4337
vn -0.8860 0.4215 0.1933
vn -0.7261 -0.3655 0.5824
vn -0.8286 -0.3228 0.4574
vn -0.7569 -0.3295 0.5644
vn -0.9447 0.3013 -0.1297
vn -0.9526 0.3038 0.0182
vn -0.6353 -0.4790 0.6058
vn -0.6720 -0.5141 0.5330
vn -0.6640 -0.4214 0.6176
vn -0.8429 0.0748 0.5329
vn -0.9882 0.0354 -0.1493
vn -0.7590 -0.4258 0.4926
vn -0.9718 -0.2355 0.0090
vn -0.9840 -0.1000 -0.1476
vn -0.9162 -0.3590 0.1778
vn -0.9626 -0.2332 -0.1380
vn -0.5661 -0.5121 0.6460
vn -0.5860 -0.6045 0.5396
vn -0.7902 -0.6058 0.0921
vn -0.8690 -0.4861 -0.0924
vn -0.6904 -0.7162 0.1016
vn -0.6710 -0.6962 0.2551
vn -0.7921 -0.6071 -0.0630
vn -0.0753 -0.8603 0.5041
vn -0.5632 -0.7911 0.2386
vn -0.4772 -0.6138 0.6290
vn -0.5778 -0.8116 0.0861
vn 0.0772 -0.8586 0.5069
vn 0.2593 -0.8035 0.5358
vn -0.3189 -0.7502 0.5793
vn -0.3011 -0.8381 0.4548
vn -0.2089 -0.8137 0.5425
vn -0.1463 0.8399 0.5227
vn -0.1333 0.9803 -0.1460
vn -0.0857 0.8243 0.5596
vn 0.0183 0.8259 0.5635
vn -0.2554 0.9178 0.3039
vn -0.1416 0.9552 -0.2600
vn -0.1914 0.8091 0.5555
vn -0.5757 0.5327 0.6204
vn -0.3737 0.8670 0.3295
vn -0.2730 0.9299 -0.2464
vn -0.2970 0.7746 0.5583
vn -0.6815 0.4172 0.6012
vn -0.4827 0.7958 0.3658
vn -0.3967 0.8879 -0.2329
vn -0.3958 0.7240 0.5650
vn -0.8002 0.2714 0.5348
vn -0.5851 0.7071 0.3971
vn -0.6333 0.7488 -0.1954
vn -0.5166 0.8298 -0.2110
vn -0.6361 0.7693 -0.0587
vn -0.4930 0.6586 0.5686
vn -0.8505 0.1310 0.5095
vn -0.6830 0.6107 0.4007
vn -0.7385 0.6455 -0.1947
vn -0.7441 0.6657 -0.0557
vn -0.5863 0.5775 0.5681
vn -0.7734 0.5100 0.3766
vn -0.8324 0.5490 -0.0756
vn -0.8239 0.5286 -0.2042
vn -0.6685 0.4887 0.5606
vn -0.9022 0.4292 0.0438
vn -0.8498 0.4043 0.3383
vn -0.8875 0.4075 -0.2152
vn -0.8979 0.4271 -0.1067
vn -0.7377 0.3963 0.5466
vn -0.9059 0.2890 0.3096
vn -0.9361 0.2844 -0.2069
vn -0.9395 0.2997 0.1658
vn -0.7919 0.3007 0.5315
vn -0.9422 0.1644 0.2920
vn -0.9681 0.1554 -0.1967
vn -0.9741 0.1699 0.1489
vn -0.8342 0.1958 0.5155
vn -0.9579 0.0344 0.2849
vn -0.9821 0.0228 -0.1870
vn -0.9892 0.0355 0.1422
vn -0.8602 0.0835 0.5031
vn -0.9530 -0.0967 0.2871
vn -0.8669 -0.0334 0.4974
vn -0.9274 -0.2246 0.2992
vn -0.9769 -0.1105 -0.1829
vn -0.8510 -0.1495 0.5034
vn -0.5136 -0.5778 0.6343
vn -0.8814 -0.3453 0.3222
vn -0.9527 -0.2408 -0.1852
vn -0.8171 -0.2607 0.5141
vn -0.8156 -0.4562 0.3559
vn -0.8553 -0.4851 -0.1819
vn -0.9118 -0.3658 -0.1868
vn -0.7655 -0.3638 0.5306
vn -0.3793 -0.7306 0.5678
vn -0.7300 -0.5600 0.3919
vn -0.7799 -0.6032 -0.1669
vn -0.7013 -0.4609 0.5438
vn -0.2547 -0.8014 0.5412
vn -0.6352 -0.6593 0.4023
vn -0.6930 -0.7189 -0.0543
vn -0.6816 -0.7128 -0.1652
vn -0.6220 -0.5588 0.5484
vn -0.5352 -0.7517 0.3854
vn -0.5318 -0.6482 0.5451
vn -0.5681 -0.8045 -0.1735
vn -0.5787 -0.8127 -0.0684
vn -0.4314 -0.8328 0.3470
vn -0.4577 -0.8835 -0.0997
vn -0.4484 -0.8742 -0.1861
vn -0.4354 -0.7273 0.5305
vn -0.3187 -0.8937 0.3158
vn -0.3332 -0.9345 -0.1248
vn -0.3287 -0.9275 -0.1778
vn -0.3370 -0.7857 0.5187
vn -0.1962 -0.9350 0.2954
vn -0.2018 -0.9648 -0.1684
vn -0.2032 -0.9689 -0.1410
vn -0.2323 -0.8344 0.4999
vn -0.0702 -0.9975 -0.0028
vn -0.0673 -0.9559 0.2858
vn -0.0699 -0.9844 -0.1616
vn -0.0694 -0.9865 -0.1486
vn -0.1195 -0.8660 0.4855
vn 0.0637 -0.9562 0.2857
vn 0.0637 -0.9850 -0.1605
vn -0.0019 -0.8768 0.4809
vn 0.1927 -0.9358 0.2951
vn 0.1956 -0.9660 -0.1692
vn 0.1157 -0.8658 0.4869
vn 0.3197 -0.7490 0.5803
vn 0.3155 -0.8950 0.3153
vn 0.3230 -0.9292 -0.1798
vn 0.2287 -0.8356 0.4995
vn 0.6386 -0.4677 0.6111
vn 0.4286 -0.8345 0.3464
vn 0.4445 -0.8769 -0.1827
vn 0.3336 -0.7870 0.5189
vn 0.7695 -0.3234 0.5507
vn 0.5340 -0.7529 0.3847
vn 0.5634 -0.8079 -0.1726
vn 0.4294 -0.7252 0.5382
vn 0.5674 -0.5096 0.6468
vn 0.6345 -0.6600 0.4023
vn 0.7683 -0.5911 0.2454
vn 0.5270 -0.6505 0.5469
vn 0.6774 -0.7158 -0.1696
vn 0.8359 -0.1900 0.5150
vn 0.7290 -0.5608 0.3924
vn 0.6175 -0.5621 0.5502
vn 0.7758 -0.6064 -0.1742
vn 0.8139 -0.4587 0.3566
vn 0.6982 -0.4650 0.5444
vn 0.8510 -0.4886 -0.1923
vn 0.8675 -0.4889 -0.0919
vn 0.8800 -0.3485 0.3227
vn 0.7624 -0.3674 0.5327
vn 0.9082 -0.3697 -0.1963
vn 0.9231 -0.3655 -0.1192
vn 0.9264 -0.2280 0.2995
vn 0.8113 -0.2637 0.5218
vn 0.9496 -0.2457 -0.1947
vn 0.9618 -0.2367 -0.1377
vn 0.9526 -0.1003 0.2872
vn 0.8449 -0.1531 0.5126
vn 0.9739 -0.1159 -0.1952
vn 0.9836 -0.1034 -0.1475
vn 0.9581 0.0308 0.2848
vn 0.8599 -0.0379 0.5091
vn 0.9795 0.0170 -0.2009
vn 0.9883 0.0319 -0.1494
vn 0.9428 0.1609 0.2918
vn 0.8555 0.0782 0.5119
vn 0.9656 0.1498 -0.2127
vn 0.9755 0.1666 -0.1439
vn 0.5492 0.5369 0.6403
vn 0.9071 0.2857 0.3092
vn 0.8298 0.1896 0.5248
vn 0.9347 0.2793 -0.2199
vn 0.9457 0.2980 -0.1300
vn 0.7006 0.3817 0.6029
vn 0.8514 0.4014 0.3377
vn 0.7891 0.2936 0.5396
vn 0.8874 0.4041 -0.2217
vn 0.4138 0.6995 0.5826
vn 0.7746 0.5086 0.3760
vn 0.7349 0.3871 0.5569
vn 0.8240 0.5267 -0.2089
vn 0.2568 0.7990 0.5438
vn 0.2940 0.7721 0.5634
vn 0.6838 0.6100 0.4005
vn 0.6686 0.4768 0.5707
vn 0.7388 0.6439 -0.1988
vn 0.6181 0.7452 0.2503
vn 0.5858 0.7063 0.3973
vn 0.5902 0.5661 0.5756
vn 0.5081 0.8326 0.2205
vn 0.4846 0.7942 0.3667
vn 0.3089 0.7627 0.5682
vn 0.5010 0.6471 0.5747
vn 0.3922 0.9010 0.1854
vn 0.4067 0.7166 0.5666
vn 0.2680 0.9499 0.1607
vn 0.9984 0.0505 -0.0244
vn 0.9984 0.0509 0.0237
vn 0.9997 -0.0001 -0.0241
vn -0.3742 -0.9267 0.0345
vn -0.5028 -0.8636 -0.0384
vn -0.3749 -0.9263 -0.0367
vn -0.9882 0.1507 -0.0279
vn -0.9946 0.1012 0.0247
vn -0.9881 0.1515 0.0261
vn -0.9945 0.1012 -0.0270
vn -0.9984 0.0506 0.0237
vn 0.9945 0.1014 0.0247
vn 0.9946 0.1011 -0.0253
vn -0.9984 0.0508 -0.0260
vn -0.9997 0.0001 0.0233
vn -0.9997 0.0002 -0.0251
vn 0.9881 0.1514 -0.0265
vn 0.9881 0.1517 0.0262
vn -0.9984 -0.0505 0.0235
vn -0.9984 -0.0507 -0.0254
vn -0.9946 -0.1011 0.0243
vn 0.9791 0.2012 -0.0283
vn 0.9791 0.2016 0.0282
vn -0.9945 -0.1010 -0.0262
vn -0.9881 -0.1514 0.0256
vn -0.9881 -0.1512 -0.0273
vn 0.9675 0.2509 0.0305
vn 0.9676 0.2507 -0.0304
vn -0.9791 -0.2013 0.0274
vn -0.9792 -0.2010 -0.0288
vn -0.9676 -0.2507 0.0295
vn 0.9536 0.2992 -0.0329
vn 0.9536 0.2994 0.0332
vn -0.9676 -0.2504 -0.0308
vn -0.9537 -0.2991 0.0321
vn -0.9537 -0.2991 -0.0331
vn 0.9263 0.3749 0.0363
vn 0.9267 0.3741 -0.0349
vn -0.9268 -0.3740 0.0337
vn 0.9997 0.0002 0.0232
vn 0.8636 0.5028 0.0382
vn 0.8637 0.5028 -0.0361
vn 0.7646 0.6432 0.0398
vn 0.6430 0.7649 0.0396
vn 0.7647 0.6433 -0.0378
vn 0.5025 0.8638 0.0377
vn 0.6430 0.7649 -0.0377
vn 0.3749 0.9264 0.0347
vn 0.5025 0.8638 -0.0360
vn 0.3739 0.9268 -0.0340
vn 0.2990 0.9537 -0.0327
vn 0.2991 0.9537 0.0325
vn 0.2506 0.9676 -0.0303
vn 0.2505 0.9677 0.0300
vn 0.2011 0.9792 0.0279
vn 0.2013 0.9791 -0.0283
vn 0.1513 0.9881 -0.0266
vn 0.1513 0.9881 0.0262
vn 0.1010 0.9946 0.0250
vn 0.1011 0.9946 -0.0254
vn 0.0506 0.9984 0.0244
vn -0.0001 0.9997 0.0244
vn 0.0505 0.9984 -0.0246
vn -0.0508 0.9984 0.0248
vn -0.0001 0.9997 -0.0244
vn -0.0506 0.9984 -0.0248
vn -0.1012 0.9945 -0.0258
vn -0.1012 0.9945 0.0260
vn -0.1515 0.9881 -0.0271
vn -0.1507 0.9882 0.0269
vn -0.2012 0.9792 0.0280
vn -0.2013 0.9791 -0.0290
vn -0.2506 0.9676 0.0300
vn -0.2508 0.9675 -0.0312
vn -0.2991 0.9537 0.0325
vn -0.3749 0.9264 0.0347
vn -0.2993 0.9536 -0.0338
vn -0.3749 0.9263 -0.0367
vn 0.9984 -0.0507 -0.0244
vn 0.9985 -0.0503 0.0234
vn 0.9945 -0.1013 -0.0253
vn 0.9881 -0.1515 -0.0266
vn 0.9946 -0.1009 0.0242
vn 0.9882 -0.1512 0.0255
vn 0.9791 -0.2015 -0.0284
vn 0.9792 -0.2011 0.0273
vn 0.9676 -0.2508 -0.0304
vn 0.9536 -0.2992 -0.0329
vn 0.9676 -0.2506 0.0295
vn 0.9537 -0.2991 0.0321
vn 0.9267 -0.3741 -0.0349
vn 0.9268 -0.3740 0.0336
vn 0.8637 -0.5028 -0.0361
vn 0.7647 -0.6433 -0.0378
vn 0.8638 -0.5025 0.0357
vn 0.7649 -0.6430 0.0376
vn 0.6433 -0.7647 0.0377
vn 0.6430 -0.7649 -0.0377
vn 0.5028 -0.8637 0.0359
vn 0.5025 -0.8638 -0.0360
vn 0.3739 -0.9268 -0.0340
vn 0.3742 -0.9267 0.0345
vn 0.2993 -0.9536 0.0323
vn 0.2990 -0.9537 -0.0327
vn 0.2509 -0.9676 0.0297
vn 0.2505 -0.9676 -0.0303
vn 0.2011 -0.9792 -0.0282
vn 0.2015 -0.9791 0.0275
vn 0.1515 -0.9881 0.0256
vn 0.1512 -0.9882 -0.0266
vn 0.1013 -0.9946 0.0242
vn 0.1009 -0.9946 -0.0253
vn 0.0503 -0.9984 -0.0246
vn 0.0507 -0.9984 0.0233
vn -0.0002 -0.9997 -0.0244
vn 0.0001 -0.9997 0.0230
vn -0.0509 -0.9984 -0.0248
vn -0.1014 -0.9945 -0.0258
vn -0.0505 -0.9985 0.0232
vn -0.1011 -0.9946 0.0242
vn -0.1516 -0.9881 -0.0272
vn -0.1514 -0.9881 0.0255
vn -0.2016 -0.9790 -0.0290
vn -0.2509 -0.9675 -0.0312
vn -0.2013 -0.9791 0.0274
vn -0.2508 -0.9676 0.0297
vn -0.2993 -0.9536 -0.0338
vn -0.2993 -0.9536 0.0323
vn -0.6433 -0.7647 0.0377
vn -0.6432 -0.7646 -0.0400
vn -0.5028 -0.8637 0.0359
vn -0.9264 -0.3748 -0.0351
vn -0.7649 -0.6430 0.0376
vn -0.8638 -0.5024 -0.0379
vn -0.7649 -0.6429 -0.0398
vn -0.9676 0.2505 -0.0308
vn -0.9675 0.2509 0.0305
vn -0.9537 0.2991 -0.0331
vn -0.9791 0.2012 -0.0289
vn -0.9791 0.2014 0.0281
vn -0.9264 0.3748 -0.0351
vn -0.9536 0.2994 0.0332
vn -0.9263 0.3749 0.0363
vn -0.8638 0.5024 -0.0379
vn -0.7649 0.6429 -0.0398
vn -0.8636 0.5028 0.0382
vn -0.7646 0.6432 0.0398
vn -0.6432 0.7646 -0.0400
vn -0.6430 0.7649 0.0396
vn -0.5025 0.8638 0.0377
vn -0.5028 0.8636 -0.0384
vn -0.8638 -0.5025 0.0357
vn 0.0530 -0.0308 -0.9981
vn 0.0320 -0.0550 -0.9980
vn 0.0599 -0.0244 -0.9979
vn -0.0587 -0.0192 -0.9981
vn -0.0624 -0.0111 -0.9980
vn -0.0108 -0.0645 -0.9979
vn 0.0393 -0.0468 -0.9981
vn 0.0470 -0.0393 -0.9981
vn 0.0652 -0.0168 -0.9977
vn 0.0240 -0.0595 -0.9979
vn 0.0161 -0.0640 -0.9978
vn 0.0685 -0.0081 -0.9976
vn -0.0640 -0.0022 -0.9979
vn -0.0019 -0.0664 -0.9978
vn 0.0073 -0.0662 -0.9978
vn -0.0539 -0.0267 -0.9982
vn -0.0188 -0.0601 -0.9980
vn -0.0311 -0.0464 -0.9984
vn -0.0388 -0.0402 -0.9984
vn -0.0461 -0.0332 -0.9984
vn -0.0256 -0.0542 -0.9982
vn -0.0634 0.0068 -0.9980
vn -0.0191 0.0606 -0.9980
vn -0.0112 0.0645 -0.9979
vn -0.0608 0.0146 -0.9980
vn -0.0565 0.0216 -0.9982
vn -0.0444 0.0335 -0.9984
vn -0.0323 0.0485 -0.9983
vn -0.0507 0.0275 -0.9983
vn -0.0258 0.0551 -0.9981
vn -0.0381 0.0405 -0.9985
vn 0.0699 0.0014 -0.9976
vn -0.0026 0.0663 -0.9978
vn 0.0682 0.0106 -0.9976
vn 0.0147 0.0637 -0.9979
vn 0.0646 0.0192 -0.9977
vn 0.0062 0.0661 -0.9978
vn 0.0290 0.0537 -0.9981
vn 0.0370 0.0483 -0.9981
vn 0.0533 0.0342 -0.9980
vn 0.0223 0.0594 -0.9980
vn 0.0591 0.0266 -0.9979
vn 0.0452 0.0415 -0.9981
vn -0.9094 -0.3894 -0.1464
vn -0.8405 -0.5182 -0.1581
vn 0.9753 0.0812 -0.2054
vn 0.9537 0.0283 -0.2996
vn 0.9488 0.0853 -0.3040
vn -0.4818 0.8624 -0.1551
vn -0.6197 0.7678 -0.1629
vn -0.7401 -0.6522 -0.1640
vn -0.6192 -0.7680 -0.1637
vn -0.4542 -0.7270 -0.5150
vn -0.4478 -0.6688 -0.5935
vn -0.3753 -0.7853 -0.4923
vn -0.3629 -0.9203 -0.1462
vn -0.4812 -0.8624 -0.1571
vn -0.5175 -0.6027 -0.6074
vn -0.5449 -0.6509 -0.5286
vn -0.2951 -0.9460 -0.1340
vn -0.2454 -0.9613 -0.1249
vn -0.2608 -0.9006 -0.3478
vn -0.2517 -0.9375 -0.2404
vn -0.3096 -0.8766 -0.3685
vn -0.1949 -0.9738 -0.1171
vn -0.1436 -0.9834 -0.1107
vn 0.7970 0.3595 -0.4853
vn 0.8324 0.3077 -0.4608
vn 0.7737 0.3199 -0.5468
vn -0.2708 0.8538 -0.4446
vn -0.3090 0.8773 -0.3674
vn -0.2601 0.9011 -0.3468
vn -0.6292 -0.5684 -0.5301
vn -0.5844 -0.5346 -0.6104
vn -0.2949 0.9465 -0.1309
vn -0.3632 0.9207 -0.1432
vn -0.7721 -0.3943 -0.4985
vn -0.7070 -0.3972 -0.5852
vn -0.7072 -0.4795 -0.5196
vn -0.6487 -0.4646 -0.6028
vn -0.8706 -0.3210 -0.3729
vn -0.8166 -0.3314 -0.4726
vn -0.8297 -0.3916 -0.3978
vn -0.8470 -0.2833 -0.4498
vn -0.8956 -0.2726 -0.3517
vn -0.2009 -0.9531 -0.2265
vn -0.2094 -0.9204 -0.3302
vn -0.9421 -0.3074 -0.1342
vn -0.8829 -0.0000 -0.4697
vn -0.7983 0.0047 -0.6023
vn -0.8725 -0.0639 -0.4844
vn -0.9327 -0.1685 -0.3188
vn -0.9446 -0.1134 -0.3079
vn -0.9074 -0.1195 -0.4029
vn -0.9581 -0.2578 -0.1248
vn -0.9713 -0.2074 -0.1167
vn -0.9934 -0.0527 -0.1023
vn -0.9889 -0.1045 -0.1054
vn -0.9933 0.0524 -0.1030
vn -0.9952 0.0010 -0.0984
vn -0.9517 -0.0580 -0.3015
vn -0.9161 -0.0614 -0.3962
vn -0.9815 -0.1563 -0.1102
vn -0.9776 -0.0551 -0.2033
vn -0.9571 -0.0000 -0.2897
vn -0.9244 -0.0000 -0.3814
vn -0.9163 -0.2217 -0.3335
vn -0.8927 -0.1769 -0.4145
vn -0.8724 -0.2318 -0.4303
vn -0.1558 -0.9358 -0.3162
vn -0.1487 -0.9651 -0.2154
vn -0.0436 -0.9528 -0.3004
vn -0.0413 -0.9784 -0.2026
vn -0.1003 -0.9467 -0.3062
vn -0.0954 -0.9736 -0.2073
vn 0.0133 -0.9794 -0.2016
vn 0.0139 -0.9541 -0.2992
vn -0.0918 -0.9901 -0.1061
vn -0.0395 -0.9939 -0.1033
vn 0.0712 -0.9505 -0.3025
vn 0.0677 -0.9766 -0.2042
vn 0.1215 -0.9701 -0.2103
vn 0.1274 -0.9421 -0.3103
vn 0.0130 -0.9947 -0.1025
vn 0.1176 -0.9873 -0.1072
vn 0.0655 -0.9924 -0.1038
vn 0.0146 -0.9192 -0.3936
vn 0.0751 -0.9147 -0.3971
vn 0.1692 -0.9792 -0.1123
vn 0.1820 -0.9290 -0.3221
vn 0.1341 -0.9043 -0.4054
vn 0.2201 -0.9682 -0.1191
vn -0.8924 0.1779 -0.4148
vn -0.9444 0.1143 -0.3083
vn -0.9324 0.1694 -0.3194
vn 0.2702 -0.9543 -0.1274
vn 0.2347 -0.9115 -0.3377
vn 0.1909 -0.8881 -0.4181
vn 0.3221 -0.9366 -0.1378
vn 0.2450 -0.8666 -0.4348
vn 0.2849 -0.8897 -0.3567
vn 0.4168 -0.8964 -0.1508
vn 0.2956 -0.8399 -0.4552
vn 0.3350 -0.8627 -0.3788
vn 0.5529 -0.8173 -0.1621
vn 0.4143 -0.8157 -0.4036
vn 0.3446 -0.8075 -0.4788
vn 0.6826 -0.7115 -0.1666
vn 0.4135 -0.7580 -0.5044
vn 0.5219 -0.7408 -0.4228
vn 0.7934 -0.5860 -0.1648
vn 0.5023 -0.6884 -0.5233
vn 0.6265 -0.6496 -0.4306
vn 0.8808 -0.4469 -0.1563
vn 0.7203 -0.5473 -0.4262
vn 0.5896 -0.6087 -0.5308
vn 0.9292 -0.3402 -0.1443
vn 0.6706 -0.5228 -0.5263
vn 0.8007 -0.4372 -0.4096
vn 0.9500 -0.2827 -0.1324
vn 0.7438 -0.4320 -0.5099
vn 0.8530 -0.3513 -0.3860
vn 0.8830 -0.2976 -0.3630
vn 0.7968 -0.3593 -0.4858
vn 0.8318 -0.3085 -0.4614
vn 0.9059 -0.2482 -0.3431
vn 0.9646 -0.2329 -0.1235
vn 0.9246 -0.1962 -0.3264
vn 0.8599 -0.2588 -0.4400
vn 0.9764 -0.1821 -0.1160
vn 0.8828 -0.2057 -0.4222
vn 0.9389 -0.1421 -0.3134
vn 0.9853 -0.1307 -0.1099
vn 0.9536 -0.0293 -0.2997
vn 0.9790 -0.0277 -0.2020
vn 0.9486 -0.0863 -0.3043
vn 0.9913 -0.0788 -0.1056
vn 0.9855 0.1305 -0.1084
vn 0.9914 0.0785 -0.1046
vn 0.9943 -0.0264 -0.1032
vn 0.9650 0.2326 -0.1209
vn 0.9505 0.2825 -0.1294
vn 0.9421 0.2386 -0.2354
vn 0.9251 0.1954 -0.3257
vn 0.9065 0.2475 -0.3422
vn 0.7426 0.4342 -0.5099
vn 0.6802 0.4302 -0.5935
vn 0.6691 0.5247 -0.5263
vn 0.9297 0.3403 -0.1412
vn 0.4162 0.8963 -0.1533
vn 0.5523 0.8174 -0.1635
vn 0.7192 0.5490 -0.4259
vn 0.7999 0.4391 -0.4091
vn 0.2704 0.9539 -0.1303
vn 0.2204 0.9678 -0.1216
vn 0.5003 0.6898 -0.5233
vn 0.4126 0.8163 -0.4042
vn 0.5202 0.7419 -0.4231
vn 0.2354 0.9110 -0.3386
vn 0.2855 0.8891 -0.3578
vn 0.2964 0.8393 -0.4558
vn 0.0721 0.9503 -0.3028
vn 0.1283 0.9418 -0.3107
vn 0.1351 0.9040 -0.4056
vn 0.0658 0.9923 -0.1047
vn 0.1179 0.9871 -0.1086
vn -0.0450 0.9177 -0.3948
vn -0.0994 0.9469 -0.3058
vn -0.0426 0.9529 -0.3003
vn -0.0392 0.9939 -0.1027
vn -0.0915 0.9903 -0.1049
vn -0.2086 0.9208 -0.3295
vn -0.2184 0.8780 -0.4259
vn -0.1946 0.9741 -0.1148
vn -0.2452 0.9617 -0.1222
vn -0.5755 0.6967 -0.4283
vn -0.4660 0.7818 -0.4143
vn -0.4564 0.7256 -0.5150
vn -0.7627 0.4924 -0.4193
vn -0.6748 0.5998 -0.4299
vn -0.6309 0.5666 -0.5301
vn -0.5468 0.6494 -0.5286
vn -0.9091 0.3889 -0.1491
vn -0.9416 0.3075 -0.1374
vn -0.7086 0.4774 -0.5196
vn -0.8300 0.3902 -0.3985
vn -0.8699 0.3215 -0.3741
vn -0.8159 0.3320 -0.4733
vn -0.8950 0.2732 -0.3527
vn -0.9577 0.2580 -0.1275
vn -0.8465 0.2841 -0.4503
vn -0.9158 0.2225 -0.3343
vn -0.9709 0.2077 -0.1191
vn -0.9160 0.0630 -0.3963
vn -0.8645 0.1266 -0.4864
vn -0.8737 0.0639 -0.4822
vn -0.7822 0.0364 -0.6219
vn -0.8008 0.0899 -0.5922
vn -0.9072 0.1205 -0.4031
vn -0.8475 0.1867 -0.4969
vn -0.9718 0.1088 -0.2090
vn -0.9814 0.1560 -0.1115
vn -0.9888 0.1050 -0.1058
vn -0.9777 0.0555 -0.2028
vn -0.9810 0.0009 -0.1939
vn -0.7727 0.3927 -0.4987
vn -0.8240 0.2437 -0.5116
vn -0.7404 0.6517 -0.1645
vn -0.8406 0.5176 -0.1597
vn -0.3706 0.8423 -0.3915
vn -0.3762 0.7852 -0.4919
vn -0.3196 0.8247 -0.4666
vn -0.1549 0.9361 -0.3157
vn -0.1048 0.9102 -0.4007
vn -0.1628 0.8969 -0.4112
vn -0.1434 0.9837 -0.1090
vn 0.0149 0.9541 -0.2992
vn 0.0158 0.9191 -0.3936
vn 0.8809 0.4476 -0.1541
vn 0.7932 0.5865 -0.1638
vn 0.3221 0.9361 -0.1410
vn 0.0762 0.9145 -0.3972
vn 0.6251 0.6510 -0.4307
vn 0.0133 0.9946 -0.1027
vn 0.1829 0.9286 -0.3228
vn 0.2459 0.8661 -0.4352
vn 0.1919 0.8878 -0.4184
vn 0.1694 0.9789 -0.1144
vn 0.4115 0.7590 -0.5045
vn 0.3352 0.8621 -0.3799
vn 0.3449 0.8069 -0.4795
vn 0.5879 0.6104 -0.5308
vn 0.6822 0.7119 -0.1667
vn 0.8534 0.3515 -0.3850
vn 0.8990 0.3454 -0.2694
vn 0.8836 0.2970 -0.3620
vn 0.7335 0.3691 -0.5707
vn 0.9241 0.2883 -0.2510
vn 0.9767 0.1819 -0.1138
vn 0.9392 0.1412 -0.3129
vn 0.9679 0.1348 -0.2123
vn 0.9568 0.1874 -0.2224
vn 0.9944 0.0261 -0.1029
vn 0.9790 0.0269 -0.2019
vn -0.9720 -0.1081 -0.2084
vn -0.7906 -0.1119 -0.6020
vn -0.7826 -0.0646 -0.6192
vn -0.9628 -0.1613 -0.2170
vn -0.8623 -0.1260 -0.4905
vn -0.7524 -0.1732 -0.6355
vn -0.8201 -0.2427 -0.5183
vn -0.8444 -0.1860 -0.5024
vn -0.9499 -0.2132 -0.2286
vn -0.7543 -0.2297 -0.6150
vn -0.7895 -0.2952 -0.5380
vn -0.9335 -0.2636 -0.2429
vn -0.6985 -0.2708 -0.6624
vn -0.7531 -0.3432 -0.5613
vn -0.9137 -0.3127 -0.2597
vn -0.6813 -0.3320 -0.6523
vn -0.8771 -0.3903 -0.2800
vn -0.6238 -0.3541 -0.6968
vn -0.8083 -0.5079 -0.2979
vn -0.7617 -0.4942 -0.4190
vn -0.5719 -0.4145 -0.7079
vn -0.7125 -0.6308 -0.3074
vn -0.6735 -0.6014 -0.4298
vn -0.5273 -0.4422 -0.7256
vn -0.6002 -0.7389 -0.3063
vn -0.5739 -0.6979 -0.4284
vn -0.4642 -0.4975 -0.7328
vn -0.4738 -0.8299 -0.2947
vn -0.4641 -0.7827 -0.4147
vn -0.4418 -0.5502 -0.7085
vn -0.3658 -0.8888 -0.2762
vn -0.3845 -0.7255 -0.5708
vn -0.3697 -0.8422 -0.3923
vn -0.3721 -0.5887 -0.7176
vn -0.3009 -0.9184 -0.2569
vn -0.3331 -0.7681 -0.5469
vn -0.3203 -0.8241 -0.4673
vn -0.3478 -0.6579 -0.6680
vn -0.2932 -0.6785 -0.6736
vn -0.2839 -0.8016 -0.5261
vn -0.2716 -0.8533 -0.4451
vn -0.2513 -0.7375 -0.6269
vn -0.2299 -0.8299 -0.5084
vn -0.2193 -0.8776 -0.4263
vn -0.2015 -0.7404 -0.6413
vn -0.1721 -0.8519 -0.4946
vn -0.1638 -0.8966 -0.4114
vn -0.1382 -0.7774 -0.6137
vn -0.1113 -0.8674 -0.4851
vn -0.1059 -0.9100 -0.4008
vn -0.0954 -0.7792 -0.6194
vn -0.0484 -0.8759 -0.4800
vn -0.0461 -0.9176 -0.3948
vn -0.0204 -0.7868 -0.6169
vn 0.0155 -0.8775 -0.4792
vn 0.0195 -0.7930 -0.6089
vn 0.0791 -0.8721 -0.4829
vn 0.1744 -0.9599 -0.2196
vn 0.0923 -0.7762 -0.6237
vn 0.1410 -0.8596 -0.4912
vn 0.2260 -0.9461 -0.2319
vn 0.1420 -0.7839 -0.6045
vn 0.2003 -0.8403 -0.5037
vn 0.2760 -0.9289 -0.2469
vn 0.1983 -0.7392 -0.6436
vn 0.2561 -0.8148 -0.5202
vn 0.2569 -0.7374 -0.6247
vn 0.3077 -0.7832 -0.5403
vn 0.3275 -0.9071 -0.2644
vn 0.2918 -0.6793 -0.6734
vn 0.3578 -0.7417 -0.5674
vn 0.4118 -0.6923 -0.5925
vn 0.4160 -0.8636 -0.2848
vn 0.3748 -0.6003 -0.7066
vn 0.3566 -0.6563 -0.6649
vn 0.4812 -0.6322 -0.6072
vn 0.5398 -0.7860 -0.3012
vn 0.4371 -0.5456 -0.7150
vn 0.5512 -0.5678 -0.6114
vn 0.6593 -0.6858 -0.3081
vn 0.4667 -0.5063 -0.7252
vn 0.6192 -0.5006 -0.6051
vn 0.7634 -0.5698 -0.3044
vn 0.5190 -0.4405 -0.7325
vn 0.6846 -0.4311 -0.5878
vn 0.8483 -0.4428 -0.2904
vn 0.5787 -0.4200 -0.6991
vn 0.7384 -0.3705 -0.5634
vn 0.8986 -0.3452 -0.2709
vn 0.6115 -0.3507 -0.7093
vn 0.7776 -0.3213 -0.5405
vn 0.9235 -0.2888 -0.2525
vn 0.6839 -0.3257 -0.6529
vn 0.8099 -0.2707 -0.5204
vn 0.9417 -0.2392 -0.2367
vn 0.6950 -0.2718 -0.6657
vn 0.8365 -0.2157 -0.5038
vn 0.9564 -0.1880 -0.2234
vn 0.7499 -0.2232 -0.6228
vn 0.8568 -0.1570 -0.4912
vn 0.9005 -0.1495 -0.4084
vn 0.9676 -0.1355 -0.2130
vn 0.7518 -0.1760 -0.6354
vn 0.8705 -0.0956 -0.4829
vn 0.9125 -0.0911 -0.3989
vn 0.9752 -0.0820 -0.2058
vn 0.7817 -0.1086 -0.6142
vn 0.8772 -0.0323 -0.4790
vn 0.9186 -0.0309 -0.3941
vn 0.7851 -0.0674 -0.6157
vn 0.8769 0.0318 -0.4796
vn 0.9186 0.0298 -0.3940
vn 0.7870 0.0074 -0.6169
vn 0.8696 0.0949 -0.4846
vn 0.9126 0.0900 -0.3988
vn 0.7963 0.0529 -0.6026
vn 0.7685 0.1207 -0.6283
vn 0.8553 0.1563 -0.4940
vn 0.9008 0.1485 -0.4082
vn 0.7756 0.1763 -0.6061
vn 0.8343 0.2148 -0.5078
vn 0.8832 0.2047 -0.4219
vn 0.7253 0.2251 -0.6506
vn 0.8069 0.2696 -0.5256
vn 0.8604 0.2580 -0.4396
vn 0.7153 0.2884 -0.6365
vn 0.6603 0.3158 -0.6814
vn 0.8478 0.4443 -0.2894
vn 0.6159 0.3742 -0.6933
vn 0.7626 0.5710 -0.3039
vn 0.5721 0.4027 -0.7145
vn 0.6169 0.5004 -0.6075
vn 0.6583 0.6868 -0.3081
vn 0.5054 0.4573 -0.7318
vn 0.5510 0.5690 -0.6105
vn 0.5386 0.7867 -0.3018
vn 0.4831 0.5108 -0.7111
vn 0.4822 0.6355 -0.6030
vn 0.4146 0.8639 -0.2859
vn 0.4097 0.5472 -0.7299
vn 0.4134 0.6977 -0.5851
vn 0.2765 0.9284 -0.2483
vn 0.3276 0.9066 -0.2660
vn 0.3829 0.6273 -0.6781
vn 0.3569 0.7468 -0.5612
vn 0.2265 0.9457 -0.2331
vn 0.3300 0.6482 -0.6863
vn 0.3091 0.7842 -0.5381
vn 0.1750 0.9595 -0.2206
vn 0.2830 0.7071 -0.6480
vn 0.2572 0.8156 -0.5183
vn 0.1222 0.9698 -0.2109
vn 0.2436 0.7231 -0.6464
vn 0.2014 0.8408 -0.5024
vn 0.0685 0.9765 -0.2045
vn 0.1755 0.7536 -0.6335
vn 0.1420 0.8598 -0.4906
vn 0.0140 0.9794 -0.2016
vn 0.1405 0.7752 -0.6159
vn 0.0801 0.8719 -0.4831
vn -0.0406 0.9785 -0.2024
vn 0.0666 0.7811 -0.6209
vn 0.0166 0.8772 -0.4799
vn -0.0947 0.9738 -0.2068
vn 0.0174 0.8060 -0.5917
vn -0.0474 0.8753 -0.4812
vn -0.1481 0.9654 -0.2145
vn -0.0483 0.7808 -0.6230
vn -0.1103 0.8664 -0.4871
vn -0.1125 0.7957 -0.5951
vn -0.1710 0.8506 -0.4973
vn -0.2003 0.9534 -0.2254
vn -0.1592 0.7561 -0.6347
vn -0.2302 0.8265 -0.5137
vn -0.2512 0.9379 -0.2391
vn -0.2623 0.7109 -0.6525
vn -0.2300 0.7455 -0.6256
vn -0.3313 0.7620 -0.5564
vn -0.2824 0.7970 -0.5339
vn -0.3004 0.9190 -0.2553
vn -0.3213 0.6679 -0.6713
vn -0.3823 0.7185 -0.5810
vn -0.3665 0.8889 -0.2748
vn -0.3540 0.6415 -0.6805
vn -0.4455 0.6638 -0.6007
vn -0.4752 0.8294 -0.2938
vn -0.4002 0.5710 -0.7168
vn -0.5169 0.6005 -0.6101
vn -0.6014 0.7381 -0.3060
vn -0.4581 0.5472 -0.7006
vn -0.5856 0.5346 -0.6094
vn -0.7134 0.6297 -0.3075
vn -0.4851 0.4681 -0.7386
vn -0.6524 0.4657 -0.5979
vn -0.8089 0.5066 -0.2986
vn -0.5638 0.4345 -0.7024
vn -0.7128 0.3992 -0.5766
vn -0.8772 0.3891 -0.2813
vn -0.5839 0.3813 -0.7167
vn -0.7595 0.3451 -0.5515
vn -0.9131 0.3131 -0.2613
vn -0.6474 0.3285 -0.6877
vn -0.7946 0.2965 -0.5298
vn -0.9330 0.2642 -0.2443
vn -0.6809 0.3025 -0.6669
vn -0.8720 0.2327 -0.4307
vn -0.9495 0.2138 -0.2297
vn -0.7184 0.2415 -0.6523
vn -0.9625 0.1619 -0.2179
vn -0.7594 0.2064 -0.6170
vn -0.9516 0.0595 -0.3017
vn -0.7623 0.1386 -0.6322
vn 0.7837 0.4682 0.4081
vn 0.7294 0.4615 0.5050
vn 0.8434 0.3750 0.3848
vn 0.0317 -0.9255 0.3774
vn 0.0334 -0.8857 0.4630
vn -0.0306 -0.9256 0.3774
vn 0.7879 0.3841 0.4813
vn 0.8785 0.3147 0.3595
vn 0.9462 0.2958 0.1315
vn 0.9616 0.2461 0.1217
vn 0.8277 0.3288 0.4548
vn 0.7733 0.3453 0.5317
vn 0.8581 0.2788 0.4312
vn 0.9741 0.1954 0.1134
vn 0.6994 0.5766 0.4224
vn 0.6542 0.5500 0.5191
vn 0.9203 0.3636 0.1443
vn 0.8624 0.4817 0.1558
vn 0.9838 0.1440 0.1066
vn 0.1816 0.8988 0.3989
vn 0.2254 0.9194 0.3224
vn 0.1713 0.9362 0.3068
vn -0.0003 0.9953 0.0969
vn 0.4029 0.7744 0.4877
vn 0.4981 0.7627 0.4126
vn 0.3968 0.8307 0.3905
vn 0.3901 0.9094 0.1445
vn 0.5187 0.8405 0.1568
vn 0.6524 0.7402 0.1630
vn 0.3263 0.8723 0.3642
vn 0.3401 0.8199 0.4605
vn 0.3081 0.9422 0.1316
vn 0.2771 0.8980 0.3417
vn 0.2908 0.8515 0.4362
vn 0.1225 0.9140 0.3867
vn 0.1153 0.9484 0.2954
vn 0.2379 0.8779 0.4156
vn 0.1567 0.9819 0.1061
vn 0.2079 0.9716 0.1130
vn 0.2584 0.9584 0.1215
vn 0.0615 0.9232 0.3793
vn 0.0578 0.9558 0.2883
vn 0.1048 0.9894 0.1010
vn 0.7680 0.6194 0.1626
vn 0.4864 0.7096 0.5097
vn 0.6039 0.6751 0.4239
vn 0.0523 0.9938 0.0978
vn 0.5732 0.6327 0.5206
vn 0.0547 0.9794 0.1943
vn -0.0005 0.9582 0.2861
vn -0.0006 0.9263 0.3767
vn -0.0007 0.8860 0.4637
vn 0.0652 0.8823 0.4661
vn -0.0005 0.9813 0.1924
vn -0.0528 0.9938 0.0981
vn 0.9906 0.0920 0.1017
vn 0.8832 0.2251 0.4114
vn 0.8085 0.2938 0.5099
vn 0.9943 0.0396 0.0987
vn 0.9029 0.1681 0.3957
vn 0.8376 0.2377 0.4918
vn 0.8603 0.1777 0.4779
vn 0.9167 0.1086 0.3845
vn 0.9951 -0.0131 0.0979
vn 0.9929 -0.0656 0.0993
vn 0.9245 0.0473 0.3782
vn 0.8760 0.1147 0.4685
vn 0.9877 -0.1179 0.1028
vn 0.8847 0.0497 0.4635
vn 0.9261 -0.0150 0.3769
vn 0.8862 -0.0163 0.4631
vn 0.9215 -0.0770 0.3807
vn 0.8804 -0.0819 0.4671
vn 0.9108 -0.1375 0.3893
vn 0.9796 -0.1696 0.1082
vn 0.8674 -0.1460 0.4758
vn 0.8941 -0.1959 0.4027
vn -0.1826 0.8985 0.3992
vn -0.1163 0.9482 0.2958
vn -0.1723 0.9358 0.3075
vn 0.9685 -0.2207 0.1155
vn 0.9546 -0.2709 0.1242
vn 0.8473 -0.2073 0.4889
vn 0.8718 -0.2515 0.4204
vn 0.9367 -0.3228 0.1354
vn 0.8441 -0.3035 0.4420
vn 0.8207 -0.2652 0.5061
vn 0.8964 -0.4174 0.1490
vn 0.7876 -0.3187 0.5273
vn 0.8105 -0.3535 0.4671
vn 0.8173 -0.5533 0.1609
vn 0.7484 -0.3683 0.5516
vn 0.7603 -0.4219 0.4940
vn 0.7116 -0.6828 0.1656
vn 0.6910 -0.5086 0.5136
vn 0.6982 -0.4256 0.5756
vn 0.5863 -0.7934 0.1637
vn 0.6382 -0.4925 0.5917
vn 0.6126 -0.5940 0.5214
vn 0.4475 -0.8808 0.1549
vn 0.5748 -0.5596 0.5970
vn 0.5284 -0.6736 0.5168
vn 0.3409 -0.9293 0.1423
vn 0.4399 -0.7462 0.4997
vn 0.5094 -0.6250 0.5915
vn 0.2834 -0.9502 0.1297
vn 0.4420 -0.6885 0.5750
vn 0.3683 -0.7996 0.4744
vn 0.3832 -0.7415 0.5508
vn 0.3167 -0.8358 0.4486
vn 0.3329 -0.7824 0.5264
vn 0.2657 -0.8649 0.4259
vn 0.2335 -0.9649 0.1202
vn 0.2802 -0.8161 0.5054
vn 0.2111 -0.8887 0.4070
vn 0.1826 -0.9768 0.1122
vn 0.1534 -0.9069 0.3924
vn 0.2231 -0.8437 0.4882
vn 0.1311 -0.9857 0.1058
vn 0.0934 -0.9192 0.3825
vn 0.1623 -0.8647 0.4753
vn 0.0790 -0.9917 0.1012
vn -0.0786 -0.9919 0.1001
vn -0.1308 -0.9859 0.1041
vn 0.0265 -0.9948 0.0987
vn -0.2332 -0.9653 0.1174
vn -0.2832 -0.9507 0.1265
vn -0.1614 -0.8633 0.4782
vn -0.2101 -0.8891 0.4067
vn -0.1523 -0.9072 0.3922
vn -0.4482 -0.8808 0.1524
vn -0.5869 -0.7932 0.1626
vn -0.3159 -0.8364 0.4480
vn -0.3313 -0.7791 0.5322
vn -0.3684 -0.7998 0.4739
vn -0.7614 -0.4198 0.4940
vn -0.6926 -0.5065 0.5136
vn -0.6409 -0.4922 0.5891
vn -0.6144 -0.5921 0.5214
vn -0.5305 -0.6720 0.5167
vn -0.5097 -0.6226 0.5937
vn -0.7905 -0.3201 0.5222
vn -0.8713 -0.2524 0.4208
vn -0.8435 -0.3043 0.4426
vn -0.9362 -0.3229 0.1388
vn -0.8962 -0.4168 0.1518
vn -0.9681 -0.2209 0.1182
vn -0.9793 -0.1699 0.1105
vn -0.9455 -0.1304 0.2983
vn -0.9105 -0.1386 0.3895
vn -0.9542 -0.0733 0.2899
vn -0.9928 -0.0660 0.1002
vn -0.9875 -0.1182 0.1044
vn -0.9507 0.1011 0.2932
vn -0.9569 0.0433 0.2873
vn -0.9246 0.0461 0.3782
vn -0.9944 0.0393 0.0981
vn -0.9907 0.0917 0.1004
vn -0.9240 0.2121 0.3181
vn -0.8837 0.2241 0.4110
vn -0.9038 0.2644 0.3365
vn -0.9745 0.1951 0.1109
vn -0.9620 0.2458 0.1187
vn -0.7827 0.4703 0.4077
vn -0.8435 0.3759 0.3838
vn -0.7877 0.3850 0.4809
vn -0.8624 0.4824 0.1536
vn -0.9207 0.3639 0.1410
vn -0.6022 0.6765 0.4239
vn -0.6980 0.5783 0.4222
vn -0.6525 0.5521 0.5191
vn -0.7279 0.4639 0.5050
vn -0.3895 0.9091 0.1475
vn -0.3083 0.9417 0.1351
vn -0.5713 0.6345 0.5206
vn -0.4962 0.7637 0.4129
vn -0.3953 0.8311 0.3913
vn -0.4013 0.7752 0.4879
vn -0.3268 0.8716 0.3655
vn -0.2586 0.9579 0.1246
vn -0.2082 0.9712 0.1156
vn -0.1309 0.8714 0.4728
vn -0.0662 0.8822 0.4661
vn -0.2778 0.8974 0.3427
vn -0.2917 0.8510 0.4368
vn -0.2263 0.9189 0.3232
vn -0.2389 0.8774 0.4160
vn -0.2520 0.8290 0.4993
vn -0.1930 0.8536 0.4839
vn -0.1053 0.9893 0.1015
vn -0.1564 0.9818 0.1076
vn -0.0554 0.9793 0.1946
vn -0.1098 0.9735 0.2005
vn -0.4842 0.7112 0.5097
vn -0.3408 0.8193 0.4612
vn -0.6519 0.7405 0.1635
vn -0.5181 0.8405 0.1586
vn -0.7678 0.6199 0.1618
vn -0.8792 0.3141 0.3583
vn -0.8586 0.2779 0.4307
vn -0.8283 0.3280 0.4541
vn -0.8938 -0.1970 0.4030
vn -0.9320 -0.1860 0.3110
vn -0.9467 0.2956 0.1281
vn -0.9951 -0.0134 0.0981
vn -0.9169 0.1075 0.3844
vn -0.9397 0.1575 0.3036
vn -0.9032 0.1670 0.3954
vn -0.9841 0.1437 0.1047
vn -0.9214 -0.0781 0.3807
vn -0.9581 -0.0152 0.2862
vn -0.9261 -0.0162 0.3769
vn -0.9139 -0.2394 0.3278
vn -0.9541 -0.2711 0.1274
vn -0.8229 -0.2663 0.5019
vn -0.7022 -0.4258 0.5706
vn -0.8100 -0.3538 0.4677
vn -0.7519 -0.3697 0.5459
vn 0.0987 -0.8788 0.4669
vn -0.0262 -0.9948 0.0983
vn -0.5762 -0.5585 0.5968
vn -0.8174 -0.5527 0.1624
vn -0.0923 -0.9194 0.3824
vn -0.0980 -0.8779 0.4687
vn -0.7120 -0.6823 0.1657
vn -0.1823 -0.9771 0.1098
vn -0.3818 -0.7377 0.5569
vn -0.4422 -0.7448 0.4997
vn -0.4419 -0.6845 0.5798
vn -0.3410 -0.9297 0.1389
vn -0.2221 -0.8416 0.4922
vn -0.2648 -0.8654 0.4254
vn -0.2790 -0.8134 0.5104
vn -0.0327 -0.8855 0.4635
vn 0.1302 0.8711 0.4735
vn 0.1090 0.9737 0.1998
vn 0.1923 0.8528 0.4856
vn 0.1626 0.9643 0.2088
vn 0.2511 0.8276 0.5019
vn 0.2150 0.9513 0.2211
vn 0.3058 0.7961 0.5223
vn 0.2658 0.9346 0.2363
vn 0.3556 0.7585 0.5462
vn 0.3152 0.9143 0.2542
vn 0.4100 0.7113 0.5709
vn 0.3927 0.8774 0.2757
vn 0.4752 0.6535 0.5891
vn 0.5097 0.8084 0.2944
vn 0.5428 0.5908 0.5970
vn 0.6318 0.7129 0.3043
vn 0.6087 0.5261 0.5939
vn 0.7393 0.6012 0.3032
vn 0.6733 0.4589 0.5797
vn 0.8301 0.4756 0.2911
vn 0.7298 0.3971 0.5566
vn 0.8891 0.3683 0.2717
vn 0.9191 0.3034 0.2512
vn 0.9386 0.2539 0.2337
vn 0.9032 0.2652 0.3375
vn 0.9545 0.2027 0.2190
vn 0.9235 0.2130 0.3189
vn 0.9667 0.1500 0.2072
vn 0.9394 0.1584 0.3041
vn 0.9753 0.0963 0.1987
vn 0.9505 0.1021 0.2935
vn 0.9802 0.0417 0.1937
vn 0.9568 0.0443 0.2875
vn 0.9812 -0.0134 0.1926
vn 0.9581 -0.0141 0.2861
vn 0.9784 -0.0683 0.1953
vn 0.9544 -0.0723 0.2897
vn 0.9717 -0.1225 0.2017
vn 0.9458 -0.1295 0.2978
vn 0.9614 -0.1758 0.2116
vn 0.9324 -0.1851 0.3103
vn 0.9474 -0.2278 0.2247
vn 0.9145 -0.2386 0.3269
vn 0.9299 -0.2783 0.2406
vn 0.8920 -0.2896 0.3470
vn 0.9077 -0.3300 0.2592
vn 0.8642 -0.3404 0.3705
vn 0.8638 -0.4183 0.2808
vn 0.8166 -0.4193 0.3966
vn 0.7862 -0.5414 0.2979
vn 0.7419 -0.5254 0.4166
vn 0.6864 -0.6601 0.3051
vn 0.6514 -0.6287 0.4247
vn 0.5710 -0.7637 0.3012
vn 0.5503 -0.7216 0.4200
vn 0.4449 -0.8485 0.2867
vn 0.4417 -0.8016 0.4028
vn 0.3477 -0.8990 0.2662
vn 0.3566 -0.8543 0.3781
vn 0.2912 -0.9243 0.2466
vn 0.3026 -0.8850 0.3537
vn 0.2412 -0.9429 0.2298
vn 0.2524 -0.9087 0.3325
vn 0.1896 -0.9579 0.2157
vn 0.1996 -0.9279 0.3149
vn 0.1367 -0.9692 0.2047
vn 0.1445 -0.9426 0.3011
vn 0.0827 -0.9769 0.1971
vn 0.0877 -0.9525 0.2916
vn 0.0279 -0.9808 0.1931
vn 0.0298 -0.9576 0.2867
vn -0.0271 -0.9808 0.1929
vn -0.0287 -0.9576 0.2866
vn -0.0819 -0.9771 0.1966
vn -0.0867 -0.9527 0.2913
vn -0.1360 -0.9695 0.2039
vn -0.1435 -0.9429 0.3005
vn -0.1890 -0.9582 0.2146
vn -0.1987 -0.9284 0.3141
vn -0.2406 -0.9434 0.2284
vn -0.2516 -0.9093 0.3316
vn -0.2906 -0.9249 0.2450
vn -0.3019 -0.8857 0.3526
vn -0.3479 -0.8994 0.2645
vn -0.3569 -0.8547 0.3770
vn -0.4465 -0.8480 0.2856
vn -0.4438 -0.8007 0.4024
vn -0.5723 -0.7629 0.3007
vn -0.5522 -0.7203 0.4198
vn -0.6875 -0.6590 0.3051
vn -0.6529 -0.6271 0.4247
vn -0.7870 -0.5400 0.2985
vn -0.7430 -0.5235 0.4169
vn -0.8641 -0.4168 0.2820
vn -0.8173 -0.4174 0.3972
vn -0.9071 -0.3302 0.2610
vn -0.8636 -0.3406 0.3717
vn -0.9293 -0.2788 0.2422
vn -0.8914 -0.2903 0.3481
vn -0.9470 -0.2285 0.2260
vn -0.9610 -0.1765 0.2127
vn -0.8490 -0.2083 0.4857
vn -0.9715 -0.1233 0.2025
vn -0.8684 -0.1467 0.4736
vn -0.9782 -0.0691 0.1957
vn -0.8809 -0.0826 0.4660
vn -0.9812 -0.0142 0.1927
vn -0.8861 -0.0170 0.4631
vn -0.9803 0.0409 0.1935
vn -0.8842 0.0489 0.4646
vn -0.9755 0.0955 0.1981
vn -0.8750 0.1139 0.4705
vn -0.9670 0.1493 0.2063
vn -0.8587 0.1767 0.4810
vn -0.9549 0.2020 0.2178
vn -0.8356 0.2366 0.4958
vn -0.9391 0.2533 0.2323
vn -0.8059 0.2924 0.5147
vn -0.9198 0.3029 0.2495
vn -0.7704 0.3436 0.5371
vn -0.8893 0.3690 0.2702
vn -0.7261 0.3962 0.5620
vn -0.8295 0.4772 0.2902
vn -0.6696 0.4591 0.5838
vn -0.7384 0.6025 0.3029
vn -0.6064 0.5266 0.5958
vn -0.6306 0.7139 0.3045
vn -0.5414 0.5922 0.5968
vn -0.5082 0.8091 0.2952
vn -0.4742 0.6562 0.5870
vn -0.3915 0.8775 0.2771
vn -0.4099 0.7144 0.5671
vn -0.3157 0.9137 0.2560
vn -0.3568 0.7609 0.5420
vn -0.2664 0.9340 0.2379
vn -0.3067 0.7979 0.5188
vn -0.2156 0.9508 0.2224
vn -0.1633 0.9640 0.2098
vn -0.1237 0.9138 0.3869
vn -0.0627 0.9231 0.3794
vn -0.0589 0.9557 0.2885
vn -0.4325 0.5358 0.7252
vn -0.6731 0.1451 0.7251
vn -0.2290 0.6488 0.7257
vn -0.1159 0.6778 0.7261
vn -0.2837 -0.6275 0.7251
vn -0.6149 -0.3100 0.7251
vn 0.6727 0.1450 0.7256
vn 0.6876 0.0293 0.7255
vn 0.6148 -0.3099 0.7253
vn 0.1735 -0.6664 0.7251
vn 0.4320 0.5351 0.7260
vn 0.0002 0.6873 0.7264
vn 0.1160 0.6773 0.7265
vn 0.2289 0.6481 0.7263
vn 0.3352 0.6003 0.7262
vn 0.5163 0.4545 0.7259
vn 0.5858 0.3607 0.7258
vn 0.6384 0.2566 0.7257
vn 0.6828 -0.0874 0.7254
vn 0.6583 -0.2015 0.7253
vn 0.5536 -0.4094 0.7252
vn 0.4765 -0.4971 0.7252
vn 0.3856 -0.5705 0.7251
vn 0.2837 -0.6275 0.7251
vn 0.0584 -0.6862 0.7251
vn -0.0584 -0.6862 0.7251
vn -0.1735 -0.6664 0.7251
vn -0.3856 -0.5706 0.7251
vn -0.4765 -0.4972 0.7251
vn -0.5537 -0.4095 0.7251
vn -0.6584 -0.2016 0.7251
vn -0.6830 -0.0874 0.7251
vn -0.6880 0.0292 0.7251
vn -0.6390 0.2567 0.7251
vn -0.5864 0.3611 0.7250
vn -0.5169 0.4550 0.7251
vn -0.3355 0.6010 0.7254
vn 0.9272 0.0663 -0.3686
vn 0.9245 -0.0875 -0.3710
vn -0.0013 -0.9217 -0.3880
vn 0.9044 0.2187 -0.3664
vn 0.8566 0.3654 -0.3643
vn 0.7850 0.5024 -0.3624
vn 0.6916 0.6258 -0.3607
vn 0.5789 0.7321 -0.3592
vn 0.4499 0.8182 -0.3579
vn 0.3083 0.8818 -0.3568
vn 0.1580 0.9210 -0.3560
vn 0.0046 0.9350 -0.3546
vn 0.8965 -0.2383 -0.3735
vn 0.8442 -0.3821 -0.3760
vn 0.7691 -0.5149 -0.3785
vn 0.6736 -0.6333 -0.3810
vn 0.5605 -0.7341 -0.3833
vn 0.4329 -0.8150 -0.3853
vn 0.2945 -0.8739 -0.3868
vn 0.1488 -0.9097 -0.3877
vn -0.3097 -0.8680 -0.3881
vn -0.4532 -0.8025 -0.3881
vn -0.1572 -0.9081 -0.3880
vn -0.7892 -0.4759 -0.3881
vn -0.6965 -0.6035 -0.3881
vn -0.5834 -0.7135 -0.3881
vn -0.9033 -0.1830 -0.3881
vn -0.9212 -0.0263 -0.3881
vn -0.8588 -0.3344 -0.3881
vn -0.8262 0.4121 -0.3841
vn -0.8776 0.2817 -0.3880
vn -0.9122 0.1312 -0.3881
vn -0.5554 0.7489 -0.3614
vn -0.6650 0.6496 -0.3684
vn -0.7558 0.5357 -0.3766
vn -0.4299 0.8296 -0.3563
vn -0.2921 0.8888 -0.3533
vn -0.1461 0.9243 -0.3526
vn -0.2795 -0.5403 -0.7937
vn 0.2426 0.0225 -0.9699
vn 0.2439 -0.0109 -0.9697
vn -0.5067 -0.3328 -0.7953
vn -0.4285 -0.4056 -0.8074
vn -0.1524 -0.1426 -0.9780
vn -0.1798 -0.1190 -0.9765
vn -0.2078 -0.0963 -0.9734
vn -0.3517 -0.4774 -0.8052
vn -0.5707 -0.2635 -0.7777
vn -0.2282 -0.0702 -0.9711
vn -0.6198 -0.1924 -0.7608
vn -0.6573 -0.1122 -0.7452
vn -0.2420 -0.0399 -0.9694
vn -0.6618 0.0731 -0.7461
vn -0.6751 -0.0212 -0.7374
vn -0.4711 0.0512 -0.8806
vn -0.4754 -0.0137 -0.8796
vn -0.2457 0.0266 -0.9690
vn -0.2480 -0.0069 -0.9687
vn -0.1272 -0.1686 -0.9774
vn -0.1055 -0.1974 -0.9746
vn -0.0809 -0.2206 -0.9720
vn -0.2188 -0.6039 -0.7665
vn -0.1404 -0.6492 -0.7475
vn -0.0519 -0.2368 -0.9702
vn -0.0500 -0.6740 -0.7371
vn 0.1332 -0.6495 -0.7486
vn -0.0196 -0.2450 -0.9693
vn 0.0141 -0.2453 -0.9693
vn 0.0438 -0.6726 -0.7387
vn 0.0465 -0.2373 -0.9703
vn 0.0758 -0.2215 -0.9722
vn 0.2104 -0.6087 -0.7650
vn 0.2811 -0.5570 -0.7815
vn 0.1008 -0.1996 -0.9747
vn 0.1226 -0.1705 -0.9777
vn 0.3522 -0.4880 -0.7986
vn 0.4936 -0.3329 -0.8035
vn 0.1469 -0.1441 -0.9786
vn 0.4234 -0.4089 -0.8084
vn 0.5595 -0.2666 -0.7848
vn 0.2019 -0.0986 -0.9744
vn 0.1735 -0.1202 -0.9775
vn 0.6171 -0.2010 -0.7607
vn 0.2232 -0.0733 -0.9720
vn 0.2376 -0.0435 -0.9704
vn 0.6577 -0.1188 -0.7439
vn 0.6692 0.0672 -0.7400
vn 0.6398 0.1525 -0.7533
vn 0.6758 -0.0270 -0.7366
vn 0.5416 0.2993 -0.7855
vn 0.2330 0.0542 -0.9710
vn 0.2158 0.0823 -0.9730
vn 0.4684 0.3728 -0.8010
vn 0.5998 0.2283 -0.7669
vn 0.1156 0.1819 -0.9765
vn 0.1383 0.1538 -0.9784
vn 0.1636 0.1284 -0.9781
vn 0.3151 0.5057 -0.8031
vn 0.2557 0.5779 -0.7750
vn 0.0010 0.6710 -0.7414
vn 0.1808 0.6339 -0.7520
vn 0.0932 0.6653 -0.7408
vn 0.0358 0.2419 -0.9696
vn 0.0667 0.2291 -0.9711
vn -0.0310 0.2431 -0.9695
vn -0.0623 0.2315 -0.9708
vn -0.0858 0.6611 -0.7453
vn -0.0896 0.2125 -0.9730
vn -0.2514 0.5893 -0.7678
vn -0.1368 0.1590 -0.9778
vn -0.1134 0.1870 -0.9758
vn -0.3220 0.5221 -0.7898
vn -0.1633 0.1338 -0.9775
vn -0.3805 0.4367 -0.8152
vn -0.5304 0.3051 -0.7909
vn -0.4515 0.3708 -0.8116
vn -0.6409 0.1563 -0.7516
vn -0.1921 0.1111 -0.9751
vn -0.5969 0.2358 -0.7669
vn -0.2352 0.0588 -0.9702
vn -0.2171 0.0870 -0.9723
vn -0.4178 0.1669 -0.8931
vn -0.4515 0.1126 -0.8851
vn -0.1717 0.6361 -0.7523
vn 0.0025 0.2466 -0.9691
vn 0.0931 0.2091 -0.9734
vn 0.3841 0.4382 -0.8127
vn 0.1921 0.1063 -0.9756
vn -0.4645 -0.0776 -0.8822
vn -0.4386 -0.1364 -0.8883
vn -0.3992 -0.1871 -0.8976
vn -0.3467 -0.2321 -0.9088
vn -0.2938 -0.2785 -0.9144
vn -0.2458 -0.3298 -0.9115
vn -0.2024 -0.3838 -0.9010
vn -0.1543 -0.4274 -0.8908
vn -0.0979 -0.4577 -0.8837
vn -0.0353 -0.4736 -0.8800
vn 0.0297 -0.4741 -0.8799
vn 0.0927 -0.4594 -0.8834
vn 0.1498 -0.4300 -0.8903
vn 0.1987 -0.3873 -0.9003
vn 0.2430 -0.3331 -0.9110
vn 0.2908 -0.2814 -0.9145
vn 0.3432 -0.2349 -0.9094
vn 0.3958 -0.1910 -0.8982
vn 0.4361 -0.1411 -0.8888
vn 0.4630 -0.0829 -0.8825
vn 0.4751 -0.0192 -0.8797
vn 0.4719 0.0457 -0.8805
vn 0.4535 0.1076 -0.8848
vn 0.4206 0.1626 -0.8925
vn 0.3746 0.2101 -0.9031
vn 0.3198 0.2544 -0.9127
vn 0.2693 0.3035 -0.9140
vn 0.2242 0.3571 -0.9068
vn 0.1790 0.4074 -0.8955
vn 0.1269 0.4443 -0.8868
vn 0.0669 0.4676 -0.8814
vn 0.0025 0.4758 -0.8796
vn -0.0621 0.4686 -0.8812
vn -0.1225 0.4463 -0.8865
vn -0.1753 0.4101 -0.8950
vn -0.2214 0.3606 -0.9061
vn -0.2665 0.3065 -0.9138
vn -0.3167 0.2572 -0.9130
vn -0.3710 0.2134 -0.9038
vn -0.6585 -0.6846 0.3125
vn -0.5356 -0.7866 0.3073
vn 0.0749 0.3813 0.9214
vn 0.0095 0.3881 0.9216
vn -0.3970 -0.8664 0.3027
vn -0.1685 -0.3523 0.9206
vn -0.2256 -0.3185 0.9207
vn -0.2468 -0.9218 0.2988
vn -0.1064 -0.3759 0.9205
vn -0.0893 -0.9511 0.2956
vn -0.0412 -0.3887 0.9205
vn 0.0690 -0.9506 0.3026
vn 0.0253 -0.3901 0.9204
vn 0.2238 -0.9271 0.3008
vn 0.0910 -0.3803 0.9204
vn 0.3721 -0.8769 0.3044
vn 0.1542 -0.3595 0.9203
vn 0.5093 -0.8015 0.3135
vn 0.2130 -0.3283 0.9203
vn 0.2656 -0.2875 0.9202
vn 0.6312 -0.7029 0.3279
vn 0.4840 -0.5225 0.7020
vn 0.3105 -0.2384 0.9202
vn 0.7342 -0.5836 0.3470
vn 0.5653 -0.4332 0.7020
vn 0.6304 -0.3314 0.7020
vn 0.8165 -0.4445 0.3685
vn 0.3464 -0.1823 0.9202
vn 0.3723 -0.1209 0.9202
vn 0.6774 -0.2201 0.7020
vn 0.8802 -0.2844 0.3800
vn -0.7624 -0.5634 0.3184
vn -0.2762 -0.2756 0.9208
vn -0.3187 -0.2247 0.9208
vn -0.3519 -0.1674 0.9209
vn -0.8441 -0.4265 0.3249
vn -0.3750 -0.1053 0.9210
vn -0.9014 -0.2779 0.3319
vn -0.9327 -0.1218 0.3395
vn -0.3878 -0.0410 0.9208
vn -0.9370 0.0374 0.3474
vn -0.3891 0.0255 0.9209
vn -0.9140 0.1951 0.3557
vn -0.3790 0.0909 0.9209
vn -0.3580 0.1537 0.9210
vn -0.7110 0.0423 0.7020
vn -0.3267 0.2119 0.9211
vn -0.6936 0.1619 0.7020
vn -0.8643 0.3471 0.3639
vn -0.2860 0.2640 0.9212
vn -0.6562 0.2767 0.7020
vn -0.7886 0.4903 0.3710
vn -0.2371 0.3084 0.9212
vn -0.6918 0.6171 0.3750
vn -0.6000 0.3837 0.7020
vn -0.1814 0.3439 0.9213
vn -0.5266 0.4795 0.7020
vn -0.5706 0.7284 0.3792
vn -0.1206 0.3695 0.9214
vn -0.4380 0.5616 0.7020
vn -0.4330 0.8181 0.3786
vn -0.0564 0.3844 0.9215
vn -0.3367 0.6276 0.7020
vn -0.2836 0.8830 0.3740
vn -0.1268 0.9215 0.3670
vn -0.2258 0.6755 0.7020
vn 0.1323 0.6998 0.7020
vn 0.3411 0.8671 0.3631
vn 0.1906 0.9132 0.3602
vn 0.4568 0.5464 0.7020
vn 0.7159 0.5913 0.3712
vn 0.6074 0.7037 0.3686
vn 0.2519 0.2968 0.9211
vn 0.1979 0.3355 0.9210
vn 0.9100 0.1722 0.3771
vn 0.8692 0.3217 0.3755
vn 0.6653 0.2543 0.7020
vn 0.3367 0.1972 0.9207
vn 0.3654 0.1379 0.9206
vn 0.3911 0.0091 0.9203
vn 0.3873 -0.0567 0.9202
vn 0.7048 -0.1024 0.7020
vn 0.9154 -0.1359 0.3789
vn 0.6987 0.1382 0.7020
vn 0.9255 0.0182 0.3783
vn 0.7120 0.0181 0.7020
vn 0.3837 0.0746 0.9204
vn 0.8040 0.4628 0.3735
vn 0.6127 0.3631 0.7020
vn 0.2984 0.2507 0.9210
vn 0.5426 0.4614 0.7020
vn 0.3579 0.6158 0.7020
vn 0.4813 0.7965 0.3659
vn 0.1384 0.3636 0.9212
vn 0.2486 0.6674 0.7020
vn 0.0342 0.9334 0.3572
vn 0.0121 0.7121 0.7020
vn -0.1084 0.7039 0.7020
vn 0.3887 -0.5968 0.7020
vn 0.2823 -0.6539 0.7020
vn 0.1677 -0.6922 0.7020
vn 0.0483 -0.7106 0.7020
vn -0.0724 -0.7085 0.7020
vn -0.1911 -0.6861 0.7020
vn -0.3043 -0.6439 0.7020
vn -0.4088 -0.5832 0.7020
vn -0.5015 -0.5057 0.7020
vn -0.5797 -0.4137 0.7020
vn -0.6413 -0.3098 0.7020
vn -0.6844 -0.1970 0.7020
vn -0.7079 -0.0785 0.7020
vn 0.8692 -0.3217 -0.3755
vn 0.8040 -0.4628 -0.3735
vn 0.6127 -0.3631 -0.7020
vn 0.3411 -0.8671 -0.3631
vn 0.1906 -0.9132 -0.3602
vn 0.1323 -0.6998 -0.7020
vn -0.6612 0.6505 -0.3736
vn -0.5409 0.7531 -0.3745
vn -0.4088 0.5832 -0.7020
vn -0.4257 -0.8295 -0.3616
vn -0.5597 -0.7451 -0.3628
vn -0.4380 -0.5616 -0.7020
vn 0.6653 -0.2543 -0.7020
vn 0.9100 -0.1722 -0.3771
vn 0.3654 -0.1379 -0.9206
vn 0.3837 -0.0746 -0.9204
vn 0.0095 -0.3881 -0.9216
vn -0.0564 -0.3844 -0.9215
vn 0.3911 -0.0091 -0.9203
vn 0.7120 -0.0181 -0.7020
vn 0.9255 -0.0182 -0.3783
vn 0.9154 0.1359 -0.3789
vn 0.3873 0.0567 -0.9202
vn 0.7048 0.1025 -0.7020
vn 0.6987 -0.1382 -0.7020
vn 0.3725 0.1210 -0.9201
vn 0.6775 0.2201 -0.7018
vn 0.3367 -0.1972 -0.9207
vn 0.7159 -0.5913 -0.3712
vn 0.5426 -0.4614 -0.7020
vn 0.4568 -0.5465 -0.7020
vn 0.6074 -0.7037 -0.3686
vn 0.2984 -0.2507 -0.9210
vn 0.4813 -0.7965 -0.3659
vn 0.3579 -0.6158 -0.7020
vn 0.2519 -0.2968 -0.9211
vn 0.2486 -0.6674 -0.7020
vn 0.1979 -0.3355 -0.9210
vn 0.1384 -0.3636 -0.9212
vn 0.0749 -0.3814 -0.9214
vn 0.0342 -0.9334 -0.3572
vn 0.0121 -0.7121 -0.7020
vn -0.1084 -0.7039 -0.7020
vn -0.1246 -0.9249 -0.3591
vn -0.2792 -0.8900 -0.3603
vn -0.2258 -0.6755 -0.7020
vn -0.6775 -0.6392 -0.3640
vn -0.5266 -0.4796 -0.7020
vn -0.1206 -0.3695 -0.9214
vn -0.1814 -0.3439 -0.9213
vn -0.9022 -0.2260 -0.3675
vn -0.6936 -0.1618 -0.7020
vn -0.8512 -0.3758 -0.3663
vn -0.3267 -0.2119 -0.9211
vn -0.2860 -0.2640 -0.9211
vn -0.6844 0.1970 -0.7020
vn -0.9250 0.0884 -0.3697
vn -0.8962 0.2439 -0.3707
vn -0.3790 -0.0909 -0.9209
vn -0.3891 -0.0255 -0.9209
vn -0.7623 0.5291 -0.3727
vn -0.5015 0.5057 -0.7020
vn -0.3519 0.1674 -0.9209
vn -0.3750 0.1053 -0.9210
vn -0.2574 0.8901 -0.3761
vn -0.1911 0.6861 -0.7020
vn -0.4050 0.8337 -0.3753
vn -0.2762 0.2756 -0.9208
vn -0.2256 0.3185 -0.9207
vn 0.1677 0.6922 -0.7020
vn 0.0556 0.9244 -0.3774
vn 0.2119 0.9013 -0.3779
vn -0.1064 0.3759 -0.9205
vn -0.0412 0.3886 -0.9205
vn 0.3887 0.5968 -0.7020
vn 0.3620 0.8519 -0.3784
vn 0.5016 0.7778 -0.3787
vn 0.2823 0.6539 -0.7020
vn 0.2130 0.3283 -0.9203
vn 0.2656 0.2875 -0.9202
vn 0.6265 0.6811 -0.3790
vn 0.4840 0.5225 -0.7020
vn 0.6304 0.3314 -0.7020
vn 0.7332 0.5645 -0.3792
vn 0.8186 0.4315 -0.3792
vn 0.3105 0.2384 -0.9202
vn 0.3464 0.1823 -0.9202
vn 0.8802 0.2859 -0.3789
vn 0.5653 0.4332 -0.7020
vn 0.1542 0.3595 -0.9203
vn 0.0910 0.3804 -0.9203
vn 0.0253 0.3902 -0.9204
vn -0.0724 0.7085 -0.7020
vn -0.1024 0.9206 -0.3768
vn 0.0483 0.7106 -0.7020
vn -0.1685 0.3523 -0.9206
vn -0.3043 0.6439 -0.7020
vn -0.2371 -0.3084 -0.9212
vn -0.3187 0.2247 -0.9208
vn -0.8414 0.3922 -0.3717
vn -0.6413 0.3098 -0.7020
vn -0.5797 0.4137 -0.7020
vn -0.3878 0.0410 -0.9208
vn -0.7110 -0.0423 -0.7020
vn -0.9270 -0.0698 -0.3686
vn -0.7079 0.0785 -0.7020
vn -0.3580 -0.1537 -0.9210
vn -0.6000 -0.3837 -0.7020
vn -0.7756 -0.5149 -0.3652
vn -0.6562 -0.2767 -0.7020
vn -0.3367 -0.6276 -0.7020
vn -0.2425 0.7712 -0.5887
vn -0.4564 0.6724 -0.5828
vn -0.2831 0.9376 -0.2020
vn -0.5252 0.8206 0.2256
vn -0.2082 0.7709 0.6020
vn -0.2710 0.9375 0.2183
vn -0.7479 0.6365 -0.1886
vn -0.6261 0.5250 -0.5765
vn -0.7471 0.3343 -0.5745
vn -0.0064 0.8030 0.5959
vn -0.8973 0.4016 -0.1832
vn -0.8852 0.4017 0.2347
vn -0.7124 0.3345 0.6170
vn -0.0214 0.9772 0.2111
vn -0.4220 0.6722 0.6083
vn -0.5918 0.5248 0.6119
vn -0.7358 0.6364 0.2317
vn -0.5373 0.8206 -0.1947
vn -0.0334 0.9771 -0.2100
vn -0.0404 0.8027 -0.5950
vn 0.2156 0.5149 0.8297
vn 0.1221 0.5460 0.8289
vn 0.3763 0.4071 0.8323
vn 0.4394 0.3352 0.8334
vn 0.3010 0.4679 0.8310
vn 0.5438 0.0737 0.8360
vn 0.5242 0.1658 0.8353
vn 0.4889 0.2538 0.8346
vn 0.5088 -0.2038 0.8364
vn 0.5363 -0.1139 0.8363
vn 0.5477 -0.0207 0.8364
vn 0.4117 -0.3644 0.8353
vn 0.3436 -0.4304 0.8346
vn 0.4669 -0.2883 0.8360
vn 0.1789 -0.5246 0.8323
vn 0.2656 -0.4845 0.8335
vn -0.1096 -0.5488 0.8287
vn -0.0113 -0.5582 0.8296
vn 0.0857 -0.5496 0.8310
vn -0.2929 -0.4760 0.8292
vn -0.3707 -0.4157 0.8305
vn -0.2048 -0.5209 0.8287
vn -0.5228 -0.1743 0.8344
vn -0.4866 -0.2624 0.8333
vn -0.4357 -0.3439 0.8318
vn -0.5380 0.1059 0.8363
vn -0.5484 0.0124 0.8361
vn -0.5437 -0.0819 0.8353
vn -0.5116 0.1961 0.8365
vn -0.4709 0.2808 0.8363
vn -0.4166 0.3576 0.8358
vn -0.3499 0.4243 0.8352
vn -0.2729 0.4795 0.8341
vn -0.1872 0.5208 0.8329
vn -0.0948 0.5474 0.8315
vn 0.0017 0.5577 0.8300
vn 0.0998 0.5504 0.8289
vn 0.2288 0.5204 0.8227
vn 0.2563 0.4893 -0.8336
vn 0.1699 0.5286 -0.8317
vn 0.2506 0.7445 -0.6187
vn 0.7692 0.1596 -0.6187
vn 0.5422 0.1281 -0.8304
vn 0.7301 0.2900 -0.6187
vn 0.1752 0.9581 0.2265
vn 0.1623 0.9601 -0.2277
vn 0.1535 0.7704 0.6188
vn 0.2840 0.7326 0.6186
vn 0.4890 0.6149 -0.6187
vn 0.3344 0.4371 -0.8349
vn 0.3754 0.6901 -0.6187
vn 0.4620 0.3007 -0.8344
vn 0.5879 0.5211 -0.6187
vn 0.6690 0.4118 -0.6187
vn 0.4036 0.3739 -0.8351
vn 0.7853 0.0243 -0.6187
vn 0.5554 -0.0697 -0.8286
vn 0.5588 0.0304 -0.8287
vn 0.5085 0.2183 -0.8329
vn 0.6932 -0.3696 -0.6187
vn 0.4400 -0.3322 -0.8343
vn 0.4921 -0.2533 -0.8329
vn 0.7467 -0.2444 -0.6187
vn 0.5319 -0.1660 -0.8304
vn 0.7776 -0.1118 -0.6187
vn 0.2215 -0.5059 -0.8337
vn 0.3033 -0.4592 -0.8350
vn 0.4173 -0.6656 -0.6187
vn 0.3765 -0.4008 -0.8352
vn 0.6189 -0.4839 -0.6187
vn 0.5261 -0.5835 -0.6187
vn 0.0364 -0.5575 -0.8294
vn 0.0308 -0.7850 -0.6187
vn -0.0617 -0.5563 -0.8287
vn 0.2961 -0.7277 -0.6187
vn 0.1660 -0.7679 -0.6187
vn 0.1324 -0.5392 -0.8317
vn -0.3639 -0.6963 -0.6187
vn -0.3337 -0.4470 -0.8300
vn -0.2510 -0.5001 -0.8288
vn -0.2382 -0.7486 -0.6187
vn -0.1589 -0.5371 -0.8284
vn -0.1052 -0.7785 -0.6187
vn -0.5060 -0.2194 -0.8341
vn -0.4626 -0.3042 -0.8327
vn -0.6621 -0.4229 -0.6187
vn -0.4047 -0.3807 -0.8314
vn -0.4786 -0.6230 -0.6187
vn -0.5791 -0.5308 -0.6187
vn -0.5479 -0.0358 -0.8358
vn -0.7847 -0.0374 -0.6187
vn -0.5453 0.0583 -0.8362
vn -0.7252 -0.3022 -0.6187
vn -0.7665 -0.1724 -0.6187
vn -0.5349 -0.1292 -0.8350
vn -0.5273 0.1506 -0.8362
vn -0.7506 0.2319 -0.6187
vn -0.4939 0.2383 -0.8362
vn -0.7794 0.0988 -0.6187
vn -0.4465 0.3199 -0.8357
vn -0.6993 0.3580 -0.6187
vn -0.6269 0.4735 -0.6187
vn -0.3138 0.4539 -0.8340
vn -0.3859 0.3922 -0.8350
vn -0.5357 0.5746 -0.6187
vn -0.3082 0.7226 -0.6187
vn -0.2318 0.5030 -0.8327
vn -0.4284 0.6585 -0.6187
vn -0.1788 0.7650 -0.6187
vn -0.1420 0.5374 -0.8313
vn 0.0524 0.5572 -0.8287
vn 0.0918 0.7801 -0.6189
vn 0.1833 0.5348 -0.8248
vn -0.0462 0.5561 -0.8298
vn -0.0438 0.7844 -0.6187
vn 0.1290 0.9652 -0.2277
vn 0.1420 0.9636 0.2266
vn 0.3221 0.9227 -0.2116
vn -0.0389 0.9729 -0.2278
vn -0.0085 0.7856 0.6187
vn 0.1271 0.7751 0.6189
vn -0.0260 0.9736 0.2266
vn 0.2865 0.7513 0.5946
vn 0.4788 0.8479 -0.2278
vn 0.4902 0.8416 0.2266
vn 0.6181 0.7524 -0.2278
vn 0.1184 0.7765 -0.6189
vn 0.0757 0.5537 -0.8293
vn 0.3252 0.9178 -0.2278
vn 0.7388 0.6343 -0.2278
vn 0.8372 0.4972 -0.2278
vn 0.9105 0.3450 -0.2278
vn 0.9564 0.1826 -0.2278
vn 0.9736 0.0147 -0.2278
vn 0.9615 -0.1538 -0.2278
vn 0.9205 -0.3175 -0.2278
vn 0.8518 -0.4717 -0.2278
vn 0.7575 -0.6118 -0.2278
vn 0.6405 -0.7334 -0.2278
vn 0.5041 -0.8331 -0.2278
vn 0.3527 -0.9076 -0.2278
vn 0.1906 -0.9549 -0.2278
vn 0.0227 -0.9734 -0.2278
vn -0.1457 -0.9628 -0.2278
vn -0.3099 -0.9231 -0.2278
vn -0.4646 -0.8557 -0.2278
vn -0.6054 -0.7626 -0.2278
vn -0.7281 -0.6465 -0.2278
vn -0.8288 -0.5111 -0.2278
vn -0.9046 -0.3602 -0.2278
vn -0.9532 -0.1986 -0.2278
vn -0.9732 -0.0309 -0.2278
vn -0.9639 0.1377 -0.2278
vn -0.9257 0.3021 -0.2278
vn -0.8596 0.4575 -0.2278
vn -0.7676 0.5991 -0.2278
vn -0.6526 0.7226 -0.2278
vn -0.5179 0.8245 -0.2278
vn -0.3678 0.9016 -0.2278
vn -0.2065 0.9516 -0.2278
vn 0.2539 0.7616 -0.5962
vn 0.6283 0.7442 0.2266
vn 0.3376 0.9136 0.2266
vn 0.7474 0.6245 0.2266
vn 0.8440 0.4861 0.2266
vn 0.9153 0.3329 0.2266
vn 0.9591 0.1699 0.2266
vn 0.9740 0.0016 0.2266
vn 0.9596 -0.1667 0.2266
vn 0.9164 -0.3298 0.2266
vn 0.8457 -0.4833 0.2266
vn 0.7495 -0.6220 0.2266
vn 0.6308 -0.7422 0.2266
vn 0.4930 -0.8400 0.2266
vn 0.3407 -0.9125 0.2266
vn 0.1778 -0.9576 0.2266
vn 0.0097 -0.9739 0.2266
vn -0.1586 -0.9610 0.2266
vn -0.3223 -0.9191 0.2266
vn -0.4761 -0.8497 0.2266
vn -0.6158 -0.7546 0.2266
vn -0.7369 -0.6369 0.2266
vn -0.8358 -0.5001 0.2266
vn -0.9096 -0.3482 0.2266
vn -0.9561 -0.1859 0.2266
vn -0.9738 -0.0179 0.2266
vn -0.9623 0.1507 0.2265
vn -0.9218 0.3145 0.2266
vn -0.8536 0.4691 0.2265
vn -0.7598 0.6095 0.2266
vn -0.6431 0.7315 0.2266
vn -0.5070 0.8316 0.2265
vn -0.3558 0.9067 0.2266
vn -0.1938 0.9545 0.2266
vn 0.3336 0.9191 0.2097
vn 0.4061 0.6725 0.6187
vn 0.5163 0.5922 0.6186
vn 0.6108 0.4941 0.6187
vn 0.6870 0.3812 0.6187
vn 0.7425 0.2568 0.6186
vn 0.7757 0.1248 0.6187
vn 0.7856 -0.0112 0.6186
vn 0.7718 -0.1467 0.6187
vn 0.7349 -0.2778 0.6187
vn 0.6759 -0.4006 0.6186
vn 0.5965 -0.5113 0.6187
vn 0.4992 -0.6067 0.6186
vn 0.3869 -0.6838 0.6187
vn 0.2631 -0.7403 0.6187
vn 0.1311 -0.7747 0.6186
vn -0.0046 -0.7856 0.6187
vn -0.1403 -0.7730 0.6187
vn -0.2717 -0.7372 0.6186
vn -0.3949 -0.6792 0.6187
vn -0.5064 -0.6007 0.6186
vn -0.6025 -0.5043 0.6186
vn -0.6805 -0.3926 0.6187
vn -0.7381 -0.2691 0.6186
vn -0.7735 -0.1377 0.6187
vn -0.7857 -0.0019 0.6186
vn -0.7742 0.1338 0.6186
vn -0.7394 0.2655 0.6187
vn -0.6824 0.3893 0.6186
vn -0.6050 0.5013 0.6187
vn -0.5093 0.5983 0.6187
vn -0.3983 0.6772 0.6186
vn -0.2754 0.7358 0.6187
vn -0.1440 0.7724 0.6186
vn 0.5410 0.1973 0.8176
vn 0.4093 0.3920 0.8239
vn 0.3639 0.4067 -0.8379
vn 0.4953 0.2124 -0.8424
vn 0.9660 0.1085 -0.2347
vn 0.7809 0.0980 -0.6170
vn 0.4688 0.6585 0.5887
vn 0.6418 0.4985 0.5828
vn 0.5588 0.8043 0.2020
vn 0.6091 0.5089 -0.6083
vn 0.7250 0.3162 -0.6119
vn 0.4362 0.6689 -0.6019
vn 0.7530 0.6182 -0.2256
vn 0.5473 0.8080 -0.2183
vn 0.9079 0.3742 0.1886
vn 0.8138 0.0871 0.5745
vn 0.9775 0.1046 0.1832
vn 0.7577 0.3058 0.5765
vn 0.8964 0.3779 -0.2317
vn 0.7645 0.6145 0.1947
s 1
f 1//1 2//2 3//3
f 4//4 5//5 6//6
f 7//7 3//3 8//8
f 2//2 8//8 3//3
f 9//9 10//10 7//7
f 7//7 8//8 9//9
f 10//10 11//11 12//12
f 11//11 10//10 9//9
f 13//13 12//12 14//14
f 11//11 14//14 12//12
f 15//15 16//16 13//13
f 13//13 14//14 15//15
f 16//16 17//17 18//18
f 17//17 16//16 15//15
f 19//19 18//18 20//20
f 17//17 20//20 18//18
f 20//20 21//21 22//22
f 22//22 19//19 20//20
f 23//23 22//22 21//21
f 23//23 24//24 22//22
f 25//25 26//26 27//27
f 2//2 1//1 28//28
f 29//29 30//30 28//28
f 28//28 1//1 29//29
f 30//30 31//31 32//32
f 31//31 30//30 29//29
f 33//33 32//32 34//34
f 31//31 34//34 32//32
f 35//35 36//36 33//33
f 33//33 34//34 35//35
f 36//36 37//37 38//38
f 37//37 36//36 35//35
f 39//39 38//38 40//40
f 37//37 40//40 38//38
f 41//41 42//42 39//39
f 39//39 40//40 41//41
f 42//42 43//43 44//44
f 43//43 42//42 41//41
f 5//5 44//44 6//6
f 43//43 6//6 44//44
f 45//45 46//46 47//47
f 48//48 49//49 50//50
f 51//51 52//52 53//53
f 54//54 55//55 56//56
f 57//57 58//58 59//59
f 60//60 61//61 62//62
f 63//63 64//64 65//65
f 66//66 67//67 68//68
f 64//64 69//69 65//65
f 70//70 71//71 72//72
f 65//65 73//73 74//74
f 75//75 76//76 77//77
f 78//78 79//79 80//80
f 76//76 79//79 78//78
f 78//78 77//77 76//76
f 81//81 82//82 83//83
f 82//82 75//75 83//83
f 81//81 84//84 82//82
f 85//85 86//86 84//84
f 81//81 85//85 84//84
f 87//87 88//88 86//86
f 85//85 87//87 86//86
f 89//89 88//88 87//87
f 89//89 90//90 91//91
f 89//89 91//91 88//88
f 75//75 77//77 83//83
f 92//92 93//93 94//94
f 93//93 90//90 94//94
f 94//94 25//25 92//92
f 90//90 93//93 91//91
f 25//25 27//27 92//92
f 95//95 80//80 79//79
f 96//96 97//97 95//95
f 80//80 95//95 97//97
f 96//96 98//98 99//99
f 99//99 97//97 96//96
f 100//100 98//98 101//101
f 98//98 100//100 99//99
f 102//102 103//103 101//101
f 100//100 101//101 103//103
f 102//102 104//104 105//105
f 105//105 103//103 102//102
f 106//106 104//104 107//107
f 104//104 106//106 105//105
f 70//70 108//108 107//107
f 106//106 107//107 108//108
f 109//109 110//110 74//74
f 70//70 111//111 112//112
f 74//74 73//73 109//109
f 66//66 113//113 114//114
f 115//115 65//65 69//69
f 116//116 58//58 57//57
f 116//116 57//57 68//68
f 117//117 118//118 119//119
f 120//120 59//59 121//121
f 52//52 122//122 123//123
f 124//124 125//125 126//126
f 127//127 128//128 129//129
f 130//130 129//129 128//128
f 129//129 130//130 124//124
f 131//131 128//128 127//127
f 132//132 131//131 133//133
f 127//127 133//133 131//131
f 27//27 26//26 132//132
f 132//132 133//133 27//27
f 134//134 135//135 136//136
f 137//137 138//138 139//139
f 140//140 141//141 142//142
f 50//50 143//143 48//48
f 126//126 125//125 51//51
f 124//124 130//130 125//125
f 144//144 145//145 146//146
f 123//123 53//53 52//52
f 53//53 126//126 51//51
f 56//56 123//123 122//122
f 147//147 148//148 149//149
f 118//118 55//55 54//54
f 54//54 56//56 122//122
f 150//150 151//151 152//152
f 119//119 60//60 117//117
f 118//118 117//117 55//55
f 61//61 120//120 62//62
f 119//119 61//61 60//60
f 153//153 49//49 154//154
f 143//143 150//150 152//152
f 121//121 59//59 58//58
f 62//62 120//120 121//121
f 155//155 156//156 63//63
f 157//157 156//156 155//155
f 63//63 158//158 159//159
f 64//64 63//63 159//159
f 67//67 116//116 68//68
f 65//65 115//115 73//73
f 114//114 67//67 66//66
f 71//71 114//114 113//113
f 113//113 72//72 71//71
f 160//160 70//70 161//161
f 70//70 72//72 161//161
f 162//162 163//163 164//164
f 112//112 165//165 70//70
f 70//70 160//160 111//111
f 162//162 108//108 165//165
f 70//70 165//165 108//108
f 162//162 165//165 166//166
f 162//162 166//166 163//163
f 109//109 162//162 110//110
f 164//164 110//110 162//162
f 153//153 50//50 49//49
f 148//148 147//147 146//146
f 167//167 168//168 141//141
f 134//134 142//142 169//169
f 142//142 134//134 140//140
f 169//169 135//135 134//134
f 170//170 171//171 135//135
f 171//171 136//136 135//135
f 170//170 24//24 23//23
f 23//23 171//171 170//170
f 168//168 144//144 141//141
f 140//140 167//167 141//141
f 145//145 148//148 146//146
f 168//168 145//145 144//144
f 149//149 137//137 139//139
f 137//137 149//149 148//148
f 152//152 48//48 143//143
f 138//138 154//154 139//139
f 154//154 138//138 153//153
f 151//151 157//157 155//155
f 150//150 157//157 151//151
f 158//158 156//156 46//46
f 63//63 156//156 158//158
f 46//46 172//172 173//173
f 158//158 46//46 173//173
f 45//45 174//174 46//46
f 46//46 174//174 172//172
f 4//4 47//47 5//5
f 45//45 47//47 4//4
f 175//175 176//176 161//161
f 72//72 177//177 175//175
f 161//161 72//72 175//175
f 176//176 160//160 161//161
f 178//178 164//164 179//179
f 178//178 180//180 110//110
f 110//110 164//164 178//178
f 179//179 164//164 163//163
f 181//181 182//182 183//183
f 184//184 185//185 186//186
f 187//187 188//188 189//189
f 190//190 191//191 192//192
f 182//182 193//193 194//194
f 193//193 182//182 181//181
f 193//193 195//195 194//194
f 196//196 197//197 198//198
f 197//197 195//195 198//198
f 199//199 200//200 201//201
f 200//200 202//202 201//201
f 203//203 204//204 196//196
f 196//196 198//198 203//203
f 205//205 206//206 202//202
f 207//207 206//206 205//205
f 204//204 208//208 209//209
f 208//208 204//204 203//203
f 207//207 210//210 211//211
f 210//210 212//212 211//211
f 213//213 209//209 214//214
f 208//208 214//214 209//209
f 215//215 216//216 212//212
f 217//217 216//216 215//215
f 218//218 219//219 220//220
f 213//213 220//220 219//219
f 217//217 221//221 222//222
f 221//221 192//192 222//222
f 218//218 223//223 224//224
f 224//224 219//219 218//218
f 225//225 191//191 190//190
f 226//226 186//186 225//225
f 220//220 213//213 214//214
f 224//224 223//223 227//227
f 184//184 186//186 226//226
f 227//227 223//223 228//228
f 228//228 229//229 230//230
f 230//230 227//227 228//228
f 231//231 232//232 233//233
f 229//229 232//232 230//230
f 232//232 229//229 233//233
f 233//233 234//234 231//231
f 235//235 236//236 237//237
f 237//237 231//231 234//234
f 236//236 238//238 239//239
f 238//238 236//236 235//235
f 240//240 239//239 241//241
f 238//238 241//241 239//239
f 242//242 243//243 240//240
f 240//240 241//241 242//242
f 243//243 244//244 245//245
f 244//244 243//243 242//242
f 237//237 234//234 235//235
f 245//245 244//244 246//246
f 247//247 245//245 246//246
f 247//247 248//248 249//249
f 248//248 247//247 246//246
f 250//250 251//251 252//252
f 248//248 253//253 249//249
f 254//254 255//255 256//256
f 254//254 256//256 253//253
f 255//255 257//257 258//258
f 257//257 255//255 254//254
f 259//259 258//258 260//260
f 257//257 260//260 258//258
f 259//259 260//260 261//261
f 261//261 262//262 263//263
f 263//263 259//259 261//261
f 264//264 262//262 252//252
f 262//262 264//264 263//263
f 251//251 250//250 265//265
f 264//264 252//252 251//251
f 249//249 253//253 256//256
f 195//195 197//197 194//194
f 266//266 181//181 183//183
f 267//267 266//266 268//268
f 183//183 268//268 266//266
f 269//269 270//270 267//267
f 267//267 268//268 269//269
f 270//270 271//271 272//272
f 271//271 270//270 269//269
f 273//273 272//272 274//274
f 271//271 274//274 272//272
f 275//275 276//276 273//273
f 273//273 274//274 275//275
f 276//276 277//277 278//278
f 277//277 276//276 275//275
f 279//279 278//278 280//280
f 277//277 280//280 278//278
f 281//281 282//282 279//279
f 279//279 280//280 281//281
f 283//283 282//282 281//281
f 284//284 283//283 285//285
f 283//283 284//284 282//282
f 286//286 287//287 285//285
f 284//284 285//285 287//287
f 286//286 288//288 289//289
f 289//289 287//287 286//286
f 290//290 288//288 291//291
f 288//288 290//290 289//289
f 292//292 293//293 291//291
f 290//290 291//291 293//293
f 292//292 294//294 295//295
f 295//295 293//293 292//292
f 296//296 294//294 297//297
f 294//294 296//296 295//295
f 298//298 299//299 297//297
f 296//296 297//297 299//299
f 298//298 300//300 301//301
f 301//301 299//299 298//298
f 300//300 302//302 301//301
f 303//303 302//302 304//304
f 300//300 304//304 302//302
f 305//305 306//306 303//303
f 303//303 304//304 305//305
f 306//306 307//307 308//308
f 307//307 306//306 305//305
f 309//309 308//308 310//310
f 307//307 310//310 308//308
f 311//311 312//312 309//309
f 309//309 310//310 311//311
f 312//312 313//313 314//314
f 313//313 312//312 311//311
f 315//315 314//314 316//316
f 313//313 316//316 314//314
f 317//317 318//318 315//315
f 315//315 316//316 317//317
f 318//318 319//319 320//320
f 319//319 318//318 317//317
f 319//319 185//185 320//320
f 190//190 226//226 225//225
f 320//320 185//185 184//184
f 215//215 221//221 217//217
f 192//192 191//191 222//222
f 210//210 207//207 205//205
f 216//216 211//211 212//212
f 201//201 202//202 206//206
f 321//321 200//200 199//199
f 322//322 187//187 189//189
f 323//323 324//324 188//188
f 325//325 326//326 327//327
f 322//322 327//327 326//326
f 325//325 328//328 329//329
f 329//329 326//326 325//325
f 328//328 330//330 329//329
f 331//331 330//330 332//332
f 328//328 332//332 330//330
f 265//265 250//250 331//331
f 331//331 332//332 265//265
f 188//188 187//187 323//323
f 322//322 189//189 327//327
f 321//321 199//199 324//324
f 323//323 321//321 324//324
f 333//333 334//334 335//335
f 336//336 337//337 338//338
f 339//339 335//335 334//334
f 335//335 340//340 333//333
f 334//334 341//341 339//339
f 342//342 333//333 340//340
f 343//343 342//342 344//344
f 340//340 344//344 342//342
f 345//345 346//346 347//347
f 348//348 343//343 344//344
f 349//349 350//350 346//346
f 345//345 347//347 351//351
f 352//352 353//353 354//354
f 349//349 354//354 355//355
f 353//353 355//355 354//354
f 356//356 353//353 352//352
f 349//349 355//355 350//350
f 351//351 357//357 345//345
f 350//350 347//347 346//346
f 357//357 343//343 338//338
f 343//343 357//357 351//351
f 358//358 337//337 336//336
f 359//359 338//338 343//343
f 360//360 361//361 362//362
f 361//361 360//360 363//363
f 358//358 363//363 337//337
f 361//361 363//363 358//358
f 348//348 359//359 343//343
f 359//359 336//336 338//338
f 348//348 364//364 365//365
f 365//365 359//359 348//348
f 364//364 366//366 365//365
f 367//367 368//368 369//369
f 370//370 371//371 367//367
f 372//372 373//373 374//374
f 375//375 368//368 372//372
f 368//368 375//375 369//369
f 372//372 374//374 375//375
f 371//371 370//370 366//366
f 370//370 367//367 369//369
f 366//366 364//364 371//371
f 376//376 377//377 288//288
f 183//183 378//378 379//379
f 380//380 381//381 382//382
f 383//383 384//384 232//232
f 385//385 224//224 386//386
f 387//387 388//388 389//389
f 390//390 391//391 392//392
f 387//387 392//392 393//393
f 394//394 239//239 395//395
f 396//396 397//397 398//398
f 231//231 399//399 383//383
f 400//400 401//401 402//402
f 403//403 404//404 405//405
f 406//406 381//381 407//407
f 408//408 409//409 410//410
f 406//406 411//411 381//381
f 412//412 413//413 406//406
f 377//377 414//414 291//291
f 415//415 406//406 413//413
f 416//416 417//417 418//418
f 419//419 376//376 286//286
f 420//420 292//292 414//414
f 421//421 422//422 423//423
f 408//408 424//424 425//425
f 281//281 426//426 427//427
f 428//428 429//429 430//430
f 431//431 432//432 409//409
f 433//433 434//434 274//274
f 435//435 433//433 271//271
f 419//419 285//285 436//436
f 277//277 437//437 438//438
f 439//439 422//422 440//440
f 413//413 439//439 441//441
f 442//442 297//297 443//443
f 416//416 444//444 423//423
f 445//445 446//446 417//417
f 442//442 447//447 298//298
f 448//448 449//449 450//450
f 451//451 300//300 447//447
f 452//452 453//453 454//454
f 455//455 456//456 457//457
f 307//307 458//458 459//459
f 460//460 461//461 462//462
f 463//463 464//464 462//462
f 465//465 458//458 305//305
f 466//466 453//453 467//467
f 468//468 469//469 467//467
f 459//459 470//470 310//310
f 471//471 472//472 313//313
f 470//470 471//471 311//311
f 473//473 474//474 456//456
f 316//316 472//472 475//475
f 455//455 476//476 477//477
f 475//475 478//478 317//317
f 450//450 477//477 479//479
f 480//480 319//319 478//478
f 481//481 185//185 480//480
f 452//452 482//482 445//445
f 483//483 484//484 485//485
f 304//304 451//451 465//465
f 486//486 191//191 487//487
f 488//488 489//489 490//490
f 491//491 492//492 493//493
f 222//222 486//486 494//494
f 211//211 495//495 207//207
f 216//216 496//496 211//211
f 217//217 497//497 216//216
f 497//497 496//496 216//216
f 496//496 497//497 491//491
f 483//483 489//489 484//484
f 483//483 485//485 493//493
f 493//493 492//492 483//483
f 449//449 498//498 490//490
f 487//487 225//225 499//499
f 481//481 499//499 186//186
f 485//485 484//484 500//500
f 420//420 443//443 294//294
f 501//501 502//502 500//500
f 438//438 426//426 280//280
f 436//436 283//283 427//427
f 425//425 503//503 504//504
f 504//504 505//505 382//382
f 434//434 437//437 275//275
f 431//431 428//428 506//506
f 507//507 508//508 509//509
f 435//435 269//269 510//510
f 268//268 379//379 510//510
f 511//511 512//512 429//429
f 511//511 513//513 514//514
f 378//378 182//182 515//515
f 516//516 517//517 513//513
f 518//518 515//515 194//194
f 519//519 516//516 402//402
f 197//197 520//520 518//518
f 196//196 521//521 520//520
f 522//522 523//523 400//400
f 521//521 204//204 524//524
f 522//522 404//404 525//525
f 526//526 527//527 405//405
f 528//528 524//524 209//209
f 526//526 529//529 530//530
f 528//528 213//213 531//531
f 398//398 532//532 533//533
f 531//531 219//219 385//385
f 534//534 535//535 536//536
f 386//386 227//227 537//537
f 534//534 538//538 539//539
f 537//537 230//230 384//384
f 390//390 540//540 541//541
f 542//542 538//538 543//543
f 236//236 394//394 544//544
f 399//399 237//237 544//544
f 545//545 389//389 546//546
f 547//547 545//545 548//548
f 240//240 549//549 395//395
f 550//550 551//551 547//547
f 549//549 243//243 552//552
f 551//551 553//553 554//554
f 555//555 552//552 245//245
f 249//249 556//556 557//557
f 247//247 557//557 555//555
f 556//556 256//256 558//558
f 547//547 551//551 559//559
f 560//560 558//558 255//255
f 551//551 554//554 561//561
f 258//258 562//562 560//560
f 563//563 554//554 564//564
f 562//562 259//259 565//565
f 566//566 567//567 564//564
f 568//568 565//565 263//263
f 566//566 569//569 570//570
f 571//571 569//569 572//572
f 572//572 573//573 574//574
f 575//575 568//568 264//264
f 576//576 573//573 577//577
f 251//251 578//578 575//575
f 579//579 580//580 577//577
f 578//578 265//265 581//581
f 582//582 581//581 332//332
f 583//583 584//584 579//579
f 328//328 585//585 582//582
f 583//583 586//586 587//587
f 585//585 325//325 588//588
f 589//589 586//586 590//590
f 591//591 588//588 327//327
f 592//592 593//593 590//590
f 189//189 594//594 591//591
f 592//592 595//595 596//596
f 594//594 188//188 597//597
f 598//598 595//595 599//599
f 600//600 601//601 599//599
f 602//602 201//201 603//603
f 324//324 604//604 597//597
f 495//495 491//491 507//507
f 604//604 199//199 602//602
f 605//605 606//606 607//607
f 495//495 496//496 491//491
f 496//496 495//495 211//211
f 600//600 608//608 609//609
f 610//610 611//611 509//509
f 612//612 613//613 614//614
f 614//614 605//605 615//615
f 502//502 616//616 500//500
f 613//613 617//617 614//614
f 494//494 217//217 222//222
f 491//491 497//497 492//492
f 497//497 217//217 494//494
f 489//489 488//488 484//484
f 618//618 492//492 494//494
f 501//501 500//500 484//484
f 483//483 618//618 489//489
f 501//501 484//484 488//488
f 619//619 620//620 501//501
f 501//501 620//620 502//502
f 497//497 494//494 492//492
f 191//191 486//486 222//222
f 488//488 490//490 498//498
f 492//492 618//618 483//483
f 621//621 618//618 486//486
f 622//622 501//501 488//488
f 489//489 621//621 490//490
f 622//622 488//488 498//498
f 623//623 619//619 622//622
f 501//501 622//622 619//619
f 494//494 486//486 618//618
f 225//225 487//487 191//191
f 448//448 624//624 625//625
f 618//618 621//621 489//489
f 626//626 621//621 487//487
f 625//625 622//622 498//498
f 626//626 449//449 490//490
f 498//498 448//448 625//625
f 627//627 623//623 625//625
f 622//622 625//625 623//623
f 486//486 487//487 621//621
f 186//186 499//499 225//225
f 628//628 624//624 479//479
f 621//621 626//626 490//490
f 629//629 626//626 499//499
f 450//450 449//449 629//629
f 624//624 627//627 625//625
f 498//498 449//449 448//448
f 624//624 448//448 479//479
f 630//630 627//627 624//624
f 487//487 499//499 626//626
f 185//185 481//481 186//186
f 631//631 628//628 476//476
f 626//626 629//629 449//449
f 632//632 629//629 481//481
f 477//477 450//450 632//632
f 628//628 630//630 624//624
f 448//448 450//450 479//479
f 479//479 477//477 476//476
f 633//633 630//630 628//628
f 499//499 481//481 629//629
f 319//319 480//480 185//185
f 634//634 631//631 457//457
f 629//629 632//632 450//450
f 635//635 632//632 480//480
f 479//479 476//476 628//628
f 635//635 455//455 477//477
f 628//628 631//631 633//633
f 476//476 455//455 457//457
f 636//636 633//633 631//631
f 481//481 480//480 632//632
f 317//317 478//478 319//319
f 637//637 634//634 474//474
f 632//632 635//635 477//477
f 638//638 635//635 478//478
f 476//476 457//457 631//631
f 638//638 456//456 455//455
f 631//631 634//634 636//636
f 457//457 456//456 474//474
f 639//639 636//636 634//634
f 480//480 478//478 635//635
f 316//316 475//475 317//317
f 463//463 637//637 464//464
f 635//635 638//638 455//455
f 640//640 638//638 475//475
f 457//457 474//474 634//634
f 640//640 473//473 456//456
f 634//634 637//637 639//639
f 474//474 473//473 464//464
f 641//641 639//639 637//637
f 478//478 475//475 638//638
f 313//313 472//472 316//316
f 461//461 463//463 462//462
f 638//638 640//640 456//456
f 642//642 640//640 472//472
f 474//474 464//464 637//637
f 642//642 643//643 473//473
f 637//637 463//463 641//641
f 464//464 643//643 462//462
f 644//644 641//641 463//463
f 475//475 472//472 640//640
f 311//311 471//471 313//313
f 473//473 643//643 464//464
f 640//640 642//642 473//473
f 471//471 645//645 642//642
f 461//461 460//460 646//646
f 645//645 647//647 643//643
f 463//463 461//461 644//644
f 462//462 647//647 460//460
f 648//648 644//644 461//461
f 472//472 471//471 642//642
f 310//310 470//470 311//311
f 643//643 647//647 462//462
f 642//642 645//645 643//643
f 470//470 649//649 645//645
f 646//646 650//650 651//651
f 649//649 468//468 647//647
f 461//461 646//646 648//648
f 646//646 460//460 650//650
f 652//652 648//648 646//646
f 471//471 470//470 645//645
f 307//307 459//459 310//310
f 647//647 468//468 460//460
f 645//645 649//649 647//647
f 459//459 469//469 649//649
f 651//651 653//653 654//654
f 651//651 652//652 646//646
f 460//460 468//468 650//650
f 651//651 650//650 653//653
f 655//655 652//652 651//651
f 470//470 459//459 649//649
f 305//305 458//458 307//307
f 468//468 467//467 650//650
f 649//649 469//469 468//468
f 458//458 466//466 469//469
f 654//654 656//656 657//657
f 654//654 655//655 651//651
f 650//650 467//467 653//653
f 654//654 653//653 656//656
f 658//658 655//655 654//654
f 459//459 458//458 469//469
f 304//304 465//465 305//305
f 467//467 453//453 653//653
f 469//469 466//466 467//467
f 465//465 454//454 466//466
f 657//657 659//659 660//660
f 657//657 658//658 654//654
f 653//653 453//453 656//656
f 657//657 656//656 659//659
f 661//661 658//658 657//657
f 458//458 465//465 466//466
f 300//300 451//451 304//304
f 453//453 452//452 656//656
f 466//466 454//454 453//453
f 451//451 482//482 454//454
f 660//660 662//662 663//663
f 660//660 661//661 657//657
f 656//656 452//452 659//659
f 660//660 659//659 662//662
f 664//664 661//661 660//660
f 465//465 451//451 454//454
f 298//298 447//447 300//300
f 452//452 445//445 659//659
f 454//454 482//482 452//452
f 447//447 446//446 482//482
f 665//665 663//663 666//666
f 663//663 664//664 660//660
f 659//659 445//445 662//662
f 663//663 662//662 667//667
f 665//665 664//664 663//663
f 451//451 447//447 482//482
f 297//297 442//442 298//298
f 445//445 417//417 662//662
f 482//482 446//446 445//445
f 442//442 418//418 446//446
f 668//668 666//666 669//669
f 663//663 667//667 666//666
f 662//662 417//417 667//667
f 666//666 667//667 670//670
f 665//665 666//666 668//668
f 447//447 442//442 446//446
f 294//294 443//443 297//297
f 417//417 416//416 667//667
f 446//446 418//418 417//417
f 443//443 444//444 418//418
f 671//671 669//669 672//672
f 666//666 670//670 669//669
f 667//667 416//416 670//670
f 669//669 670//670 673//673
f 668//668 669//669 671//671
f 442//442 443//443 418//418
f 292//292 420//420 294//294
f 416//416 423//423 670//670
f 418//418 444//444 416//416
f 420//420 421//421 444//444
f 674//674 672//672 675//675
f 669//669 673//673 672//672
f 670//670 423//423 673//673
f 672//672 673//673 676//676
f 671//671 672//672 674//674
f 443//443 420//420 444//444
f 291//291 414//414 292//292
f 423//423 422//422 673//673
f 444//444 421//421 423//423
f 414//414 440//440 421//421
f 677//677 675//675 678//678
f 672//672 676//676 675//675
f 673//673 422//422 676//676
f 675//675 676//676 679//679
f 674//674 675//675 677//677
f 420//420 414//414 421//421
f 288//288 377//377 291//291
f 422//422 439//439 676//676
f 421//421 440//440 422//422
f 377//377 441//441 440//440
f 680//680 678//678 681//681
f 675//675 679//679 678//678
f 676//676 439//439 679//679
f 678//678 679//679 412//412
f 677//677 678//678 680//680
f 414//414 377//377 440//440
f 286//286 376//376 288//288
f 439//439 413//413 679//679
f 440//440 441//441 439//439
f 376//376 415//415 441//441
f 682//682 681//681 683//683
f 678//678 412//412 681//681
f 679//679 413//413 412//412
f 681//681 412//412 407//407
f 680//680 681//681 682//682
f 377//377 376//376 441//441
f 285//285 419//419 286//286
f 382//382 381//381 684//684
f 441//441 415//415 413//413
f 419//419 411//411 415//415
f 685//685 683//683 686//686
f 681//681 407//407 683//683
f 412//412 406//406 407//407
f 683//683 407//407 380//380
f 682//682 683//683 685//685
f 376//376 419//419 415//415
f 283//283 436//436 285//285
f 504//504 382//382 687//687
f 415//415 411//411 406//406
f 684//684 411//411 436//436
f 688//688 686//686 689//689
f 683//683 380//380 686//686
f 407//407 381//381 380//380
f 686//686 380//380 505//505
f 685//685 686//686 688//688
f 419//419 436//436 411//411
f 281//281 427//427 283//283
f 505//505 503//503 689//689
f 411//411 684//684 381//381
f 687//687 684//684 427//427
f 690//690 689//689 691//691
f 686//686 505//505 689//689
f 380//380 382//382 505//505
f 505//505 504//504 503//503
f 688//688 689//689 690//690
f 436//436 427//427 684//684
f 280//280 426//426 281//281
f 503//503 424//424 691//691
f 684//684 687//687 382//382
f 692//692 687//687 426//426
f 693//693 691//691 694//694
f 692//692 425//425 504//504
f 425//425 424//424 503//503
f 690//690 691//691 693//693
f 689//689 503//503 691//691
f 427//427 426//426 687//687
f 277//277 438//438 280//280
f 424//424 410//410 694//694
f 687//687 692//692 504//504
f 695//695 692//692 438//438
f 696//696 694//694 697//697
f 695//695 408//408 425//425
f 408//408 410//410 424//424
f 693//693 694//694 696//696
f 691//691 424//424 694//694
f 426//426 438//438 692//692
f 275//275 437//437 277//277
f 410//410 432//432 697//697
f 692//692 695//695 425//425
f 698//698 695//695 437//437
f 699//699 697//697 700//700
f 698//698 409//409 408//408
f 409//409 432//432 410//410
f 696//696 697//697 699//699
f 694//694 410//410 697//697
f 438//438 437//437 695//695
f 274//274 434//434 275//275
f 432//432 506//506 700//700
f 695//695 698//698 408//408
f 701//701 698//698 434//434
f 702//702 700//700 703//703
f 701//701 431//431 409//409
f 431//431 506//506 432//432
f 699//699 700//700 702//702
f 697//697 432//432 700//700
f 437//437 434//434 698//698
f 271//271 433//433 274//274
f 429//429 428//428 704//704
f 698//698 701//701 409//409
f 705//705 701//701 433//433
f 706//706 703//703 707//707
f 705//705 428//428 431//431
f 506//506 430//430 703//703
f 702//702 703//703 706//706
f 700//700 506//506 703//703
f 434//434 433//433 701//701
f 269//269 435//435 271//271
f 511//511 429//429 708//708
f 701//701 705//705 431//431
f 704//704 705//705 435//435
f 709//709 707//707 710//710
f 703//703 430//430 707//707
f 506//506 428//428 430//430
f 707//707 430//430 512//512
f 706//706 707//707 709//709
f 433//433 435//435 705//705
f 268//268 510//510 269//269
f 512//512 511//511 514//514
f 705//705 704//704 428//428
f 708//708 704//704 510//510
f 711//711 710//710 712//712
f 707//707 512//512 710//710
f 430//430 429//429 512//512
f 710//710 512//512 514//514
f 709//709 710//710 711//711
f 435//435 510//510 704//704
f 183//183 379//379 268//268
f 514//514 513//513 517//517
f 704//704 708//708 429//429
f 713//713 708//708 379//379
f 712//712 710//710 514//514
f 713//713 513//513 511//511
f 712//712 514//514 517//517
f 714//714 715//715 712//712
f 712//712 715//715 711//711
f 510//510 379//379 708//708
f 182//182 378//378 183//183
f 716//716 717//717 519//519
f 708//708 713//713 511//511
f 718//718 713//713 378//378
f 717//717 712//712 517//517
f 718//718 516//516 513//513
f 717//717 517//517 519//519
f 719//719 714//714 717//717
f 712//712 717//717 714//714
f 379//379 378//378 713//713
f 194//194 515//515 182//182
f 720//720 716//716 401//401
f 713//713 718//718 513//513
f 721//721 718//718 515//515
f 402//402 516//516 721//721
f 717//717 716//716 719//719
f 517//517 516//516 519//519
f 716//716 519//519 401//401
f 722//722 719//719 716//716
f 378//378 515//515 718//718
f 197//197 518//518 194//194
f 723//723 720//720 523//523
f 718//718 721//721 516//516
f 724//724 721//721 518//518
f 400//400 402//402 724//724
f 720//720 722//722 716//716
f 519//519 402//402 401//401
f 720//720 401//401 523//523
f 725//725 722//722 720//720
f 515//515 518//518 721//721
f 196//196 520//520 197//197
f 726//726 723//723 525//525
f 721//721 724//724 402//402
f 727//727 724//724 520//520
f 522//522 400//400 727//727
f 723//723 725//725 720//720
f 401//401 400//400 523//523
f 723//723 523//523 525//525
f 728//728 725//725 723//723
f 518//518 520//520 724//724
f 204//204 521//521 196//196
f 729//729 726//726 403//403
f 724//724 727//727 400//400
f 730//730 727//727 521//521
f 404//404 522//522 730//730
f 726//726 728//728 723//723
f 523//523 522//522 525//525
f 726//726 525//525 403//403
f 731//731 728//728 726//726
f 520//520 521//521 727//727
f 209//209 524//524 204//204
f 732//732 729//729 527//527
f 727//727 730//730 522//522
f 733//733 730//730 524//524
f 405//405 404//404 733//733
f 729//729 731//731 726//726
f 525//525 404//404 403//403
f 729//729 403//403 527//527
f 734//734 731//731 729//729
f 521//521 524//524 730//730
f 213//213 528//528 209//209
f 735//735 732//732 530//530
f 730//730 733//733 404//404
f 736//736 733//733 528//528
f 526//526 405//405 736//736
f 732//732 734//734 729//729
f 403//403 405//405 527//527
f 732//732 527//527 530//530
f 737//737 734//734 732//732
f 524//524 528//528 733//733
f 219//219 531//531 213//213
f 738//738 735//735 739//739
f 733//733 736//736 405//405
f 736//736 531//531 740//740
f 529//529 526//526 740//740
f 735//735 737//737 732//732
f 527//527 526//526 530//530
f 735//735 530//530 739//739
f 741//741 737//737 735//735
f 528//528 531//531 736//736
f 224//224 385//385 219//219
f 742//742 738//738 743//743
f 736//736 740//740 526//526
f 740//740 385//385 744//744
f 532//532 529//529 744//744
f 738//738 741//741 735//735
f 530//530 529//529 739//739
f 738//738 739//739 743//743
f 745//745 741//741 738//738
f 531//531 385//385 740//740
f 227//227 386//386 224//224
f 529//529 532//532 739//739
f 740//740 744//744 529//529
f 533//533 744//744 386//386
f 742//742 536//536 535//535
f 742//742 745//745 738//738
f 739//739 532//532 743//743
f 742//742 743//743 536//536
f 746//746 745//745 742//742
f 385//385 386//386 744//744
f 230//230 537//537 227//227
f 532//532 398//398 743//743
f 744//744 533//533 532//532
f 396//396 533//533 537//537
f 535//535 534//534 539//539
f 535//535 746//746 742//742
f 743//743 398//398 536//536
f 536//536 397//397 534//534
f 747//747 746//746 535//535
f 386//386 537//537 533//533
f 232//232 384//384 230//230
f 398//398 397//397 536//536
f 533//533 396//396 398//398
f 748//748 396//396 384//384
f 749//749 539//539 542//542
f 748//748 750//750 397//397
f 535//535 539//539 747//747
f 534//534 750//750 538//538
f 749//749 747//747 539//539
f 537//537 384//384 396//396
f 231//231 383//383 232//232
f 397//397 750//750 534//534
f 396//396 748//748 397//397
f 751//751 748//748 383//383
f 752//752 542//542 753//753
f 751//751 754//754 750//750
f 754//754 543//543 538//538
f 749//749 542//542 752//752
f 539//539 538//538 542//542
f 384//384 383//383 748//748
f 237//237 399//399 231//231
f 750//750 754//754 538//538
f 748//748 751//751 750//750
f 755//755 751//751 399//399
f 756//756 753//753 757//757
f 755//755 540//540 754//754
f 543//543 758//758 753//753
f 752//752 753//753 756//756
f 542//542 543//543 753//753
f 383//383 399//399 751//751
f 236//236 544//544 237//237
f 754//754 540//540 543//543
f 751//751 755//755 754//754
f 541//541 755//755 544//544
f 759//759 757//757 760//760
f 753//753 758//758 757//757
f 543//543 540//540 758//758
f 757//757 758//758 761//761
f 756//756 757//757 759//759
f 399//399 544//544 755//755
f 239//239 394//394 236//236
f 540//540 390//390 758//758
f 755//755 541//541 540//540
f 391//391 541//541 394//394
f 762//762 760//760 763//763
f 757//757 761//761 760//760
f 758//758 390//390 761//761
f 760//760 761//761 764//764
f 759//759 760//760 762//762
f 544//544 394//394 541//541
f 240//240 395//395 239//239
f 390//390 392//392 761//761
f 541//541 391//391 390//390
f 393//393 391//391 395//395
f 765//765 763//763 766//766
f 760//760 764//764 763//763
f 761//761 392//392 764//764
f 763//763 764//764 767//767
f 762//762 763//763 765//765
f 394//394 395//395 391//391
f 243//243 549//549 240//240
f 392//392 387//387 764//764
f 391//391 393//393 392//392
f 388//388 393//393 549//549
f 768//768 766//766 769//769
f 763//763 767//767 766//766
f 764//764 387//387 767//767
f 766//766 767//767 770//770
f 765//765 766//766 768//768
f 395//395 549//549 393//393
f 245//245 552//552 243//243
f 387//387 389//389 767//767
f 393//393 388//388 387//387
f 546//546 388//388 552//552
f 771//771 769//769 772//772
f 766//766 770//770 769//769
f 767//767 389//389 770//770
f 769//769 770//770 773//773
f 768//768 769//769 771//771
f 549//549 552//552 388//388
f 247//247 555//555 245//245
f 389//389 545//545 770//770
f 388//388 546//546 389//389
f 548//548 546//546 555//555
f 774//774 772//772 775//775
f 769//769 773//773 772//772
f 770//770 545//545 773//773
f 772//772 773//773 559//559
f 771//771 772//772 774//774
f 552//552 555//555 546//546
f 249//249 557//557 247//247
f 545//545 547//547 773//773
f 546//546 548//548 545//545
f 550//550 548//548 557//557
f 776//776 775//775 777//777
f 772//772 559//559 775//775
f 773//773 547//547 559//559
f 775//775 559//559 561//561
f 774//774 775//775 776//776
f 555//555 557//557 548//548
f 256//256 556//556 249//249
f 564//564 554//554 778//778
f 548//548 550//550 547//547
f 550//550 556//556 553//553
f 779//779 777//777 780//780
f 775//775 561//561 777//777
f 559//559 551//551 561//561
f 777//777 561//561 563//563
f 776//776 777//777 779//779
f 557//557 556//556 550//550
f 255//255 558//558 256//256
f 566//566 564//564 781//781
f 550//550 553//553 551//551
f 553//553 558//558 778//778
f 782//782 780//780 783//783
f 777//777 563//563 780//780
f 561//561 554//554 563//563
f 780//780 563//563 567//567
f 779//779 780//780 782//782
f 556//556 558//558 553//553
f 258//258 560//560 255//255
f 569//569 566//566 784//784
f 553//553 778//778 554//554
f 778//778 560//560 781//781
f 785//785 783//783 786//786
f 780//780 567//567 783//783
f 563//563 564//564 567//567
f 783//783 567//567 570//570
f 782//782 783//783 785//785
f 558//558 560//560 778//778
f 259//259 562//562 258//258
f 572//572 569//569 787//787
f 778//778 781//781 564//564
f 781//781 562//562 784//784
f 788//788 786//786 789//789
f 783//783 570//570 786//786
f 567//567 566//566 570//570
f 786//786 570//570 571//571
f 785//785 786//786 788//788
f 560//560 562//562 781//781
f 263//263 565//565 259//259
f 573//573 572//572 790//790
f 781//781 784//784 566//566
f 784//784 565//565 787//787
f 791//791 789//789 792//792
f 786//786 571//571 789//789
f 570//570 569//569 571//571
f 789//789 571//571 574//574
f 788//788 789//789 791//791
f 562//562 565//565 784//784
f 264//264 568//568 263//263
f 574//574 573//573 576//576
f 784//784 787//787 569//569
f 787//787 568//568 790//790
f 793//793 792//792 794//794
f 789//789 574//574 792//792
f 571//571 572//572 574//574
f 792//792 574//574 576//576
f 791//791 792//792 793//793
f 565//565 568//568 787//787
f 251//251 575//575 264//264
f 580//580 794//794 576//576
f 787//787 790//790 572//572
f 790//790 575//575 795//795
f 794//794 792//792 576//576
f 573//573 795//795 577//577
f 576//576 577//577 580//580
f 796//796 794//794 797//797
f 794//794 796//796 793//793
f 568//568 575//575 790//790
f 265//265 578//578 251//251
f 584//584 797//797 580//580
f 790//790 795//795 573//573
f 795//795 578//578 798//798
f 580//580 797//797 794//794
f 798//798 579//579 577//577
f 579//579 584//584 580//580
f 799//799 800//800 797//797
f 797//797 800//800 796//796
f 575//575 578//578 795//795
f 332//332 581//581 265//265
f 801//801 802//802 587//587
f 795//795 798//798 577//577
f 798//798 581//581 803//803
f 802//802 797//797 584//584
f 803//803 583//583 579//579
f 583//583 587//587 584//584
f 804//804 799//799 802//802
f 797//797 802//802 799//799
f 578//578 581//581 798//798
f 328//328 582//582 332//332
f 805//805 801//801 589//589
f 798//798 803//803 579//579
f 803//803 582//582 806//806
f 584//584 587//587 802//802
f 806//806 586//586 583//583
f 802//802 801//801 804//804
f 587//587 586//586 589//589
f 807//807 804//804 801//801
f 581//581 582//582 803//803
f 325//325 585//585 328//328
f 808//808 805//805 593//593
f 803//803 806//806 583//583
f 806//806 585//585 809//809
f 587//587 589//589 801//801
f 809//809 590//590 586//586
f 801//801 805//805 807//807
f 589//589 590//590 593//593
f 810//810 807//807 805//805
f 582//582 585//585 806//806
f 327//327 588//588 325//325
f 811//811 808//808 596//596
f 806//806 809//809 586//586
f 809//809 588//588 812//812
f 589//589 593//593 805//805
f 812//812 592//592 590//590
f 805//805 808//808 810//810
f 593//593 592//592 596//596
f 813//813 810//810 808//808
f 585//585 588//588 809//809
f 189//189 591//591 327//327
f 814//814 811//811 598//598
f 809//809 812//812 590//590
f 812//812 591//591 815//815
f 593//593 596//596 808//808
f 815//815 595//595 592//592
f 808//808 811//811 813//813
f 596//596 595//595 598//598
f 816//816 813//813 811//811
f 588//588 591//591 812//812
f 188//188 594//594 189//189
f 817//817 814//814 601//601
f 812//812 815//815 592//592
f 815//815 594//594 818//818
f 596//596 598//598 811//811
f 818//818 599//599 595//595
f 811//811 814//814 816//816
f 814//814 598//598 601//601
f 819//819 816//816 814//814
f 591//591 594//594 815//815
f 324//324 597//597 188//188
f 820//820 817//817 609//609
f 815//815 818//818 595//595
f 818//818 597//597 821//821
f 600//600 599//599 821//821
f 817//817 819//819 814//814
f 598//598 599//599 601//601
f 817//817 601//601 609//609
f 822//822 819//819 817//817
f 594//594 597//597 818//818
f 199//199 604//604 324//324
f 606//606 820//820 823//823
f 818//818 821//821 599//599
f 604//604 824//824 821//821
f 608//608 600//600 824//824
f 820//820 822//822 817//817
f 601//601 600//600 609//609
f 820//820 609//609 823//823
f 825//825 822//822 820//820
f 597//597 604//604 821//821
f 201//201 602//602 199//199
f 608//608 610//610 823//823
f 821//821 824//824 600//600
f 824//824 602//602 826//826
f 608//608 826//826 610//610
f 606//606 825//825 820//820
f 609//609 608//608 823//823
f 606//606 823//823 607//607
f 827//827 825//825 606//606
f 604//604 602//602 824//824
f 206//206 603//603 201//201
f 610//610 509//509 607//607
f 824//824 826//826 608//608
f 603//603 611//611 826//826
f 509//509 508//508 615//615
f 605//605 827//827 606//606
f 823//823 610//610 607//607
f 605//605 607//607 615//615
f 828//828 827//827 605//605
f 602//602 603//603 826//826
f 206//206 207//207 603//603
f 611//611 495//495 507//507
f 826//826 611//611 610//610
f 509//509 611//611 507//507
f 612//612 615//615 508//508
f 614//614 828//828 605//605
f 607//607 509//509 615//615
f 614//614 615//615 612//612
f 617//617 828//828 614//614
f 611//611 603//603 495//495
f 207//207 495//495 603//603
f 491//491 493//493 507//507
f 507//507 493//493 508//508
f 493//493 485//485 508//508
f 508//508 485//485 612//612
f 485//485 500//500 612//612
f 616//616 613//613 500//500
f 500//500 613//613 612//612
f 616//616 617//617 613//613
f 829//829 830//830 831//831
f 832//832 833//833 831//831
f 834//834 835//835 287//287
f 836//836 837//837 832//832
f 838//838 834//834 289//289
f 839//839 284//284 835//835
f 830//830 840//840 841//841
f 839//839 842//842 282//282
f 843//843 844//844 845//845
f 846//846 847//847 848//848
f 849//849 843//843 850//850
f 851//851 852//852 853//853
f 854//854 855//855 856//856
f 857//857 851//851 856//856
f 276//276 858//858 859//859
f 860//860 858//858 278//278
f 861//861 273//273 859//859
f 862//862 863//863 864//864
f 861//861 865//865 272//272
f 862//862 866//866 867//867
f 270//270 865//865 868//868
f 266//266 869//869 870//870
f 871//871 863//863 872//872
f 868//868 869//869 267//267
f 873//873 874//874 867//867
f 181//181 870//870 875//875
f 853//853 876//876 850//850
f 193//193 875//875 877//877
f 878//878 874//874 879//879
f 880//880 881//881 882//882
f 883//883 884//884 885//885
f 886//886 881//881 887//887
f 198//198 888//888 889//889
f 887//887 890//890 891//891
f 889//889 892//892 203//203
f 884//884 880//880 893//893
f 208//208 892//892 894//894
f 895//895 896//896 883//883
f 897//897 898//898 220//220
f 897//897 214//214 894//894
f 898//898 899//899 218//218
f 223//223 899//899 900//900
f 901//901 902//902 896//896
f 903//903 890//890 878//878
f 877//877 888//888 195//195
f 904//904 228//228 900//900
f 902//902 905//905 906//906
f 248//248 907//907 253//253
f 233//233 908//908 909//909
f 242//242 910//910 911//911
f 234//234 909//909 912//912
f 913//913 914//914 915//915
f 235//235 912//912 916//916
f 913//913 917//917 918//918
f 916//916 919//919 238//238
f 920//920 918//918 921//921
f 241//241 919//919 910//910
f 922//922 923//923 924//924
f 925//925 923//923 926//926
f 927//927 924//924 920//920
f 928//928 929//929 914//914
f 244//244 911//911 930//930
f 904//904 908//908 229//229
f 931//931 932//932 933//933
f 279//279 842//842 860//860
f 906//906 934//934 928//928
f 935//935 936//936 937//937
f 938//938 932//932 931//931
f 246//246 939//939 248//248
f 938//938 936//936 932//932
f 932//932 936//936 935//935
f 940//940 931//931 941//941
f 937//937 939//939 935//935
f 248//248 939//939 907//907
f 942//942 943//943 940//940
f 937//937 907//907 939//939
f 944//944 836//836 945//945
f 290//290 946//946 838//838
f 947//947 948//948 945//945
f 946//946 293//293 949//949
f 950//950 949//949 295//295
f 947//947 951//951 952//952
f 953//953 954//954 951//951
f 950//950 296//296 955//955
f 953//953 956//956 957//957
f 958//958 955//955 299//299
f 301//301 959//959 958//958
f 960//960 959//959 302//302
f 956//956 961//961 962//962
f 963//963 956//956 964//964
f 303//303 965//965 960//960
f 965//965 306//306 966//966
f 308//308 967//967 966//966
f 968//968 961//961 963//963
f 967//967 309//309 969//969
f 968//968 970//970 971//971
f 972//972 969//969 312//312
f 973//973 970//970 974//974
f 314//314 975//975 972//972
f 976//976 977//977 974//974
f 975//975 315//315 978//978
f 976//976 979//979 980//980
f 981//981 978//978 318//318
f 982//982 979//979 983//983
f 320//320 984//984 981//981
f 985//985 986//986 983//983
f 984//984 184//184 987//987
f 985//985 988//988 989//989
f 990//990 987//987 226//226
f 991//991 988//988 992//992
f 993//993 994//994 992//992
f 993//993 995//995 996//996
f 997//997 990//990 190//190
f 998//998 995//995 999//999
f 192//192 1000//1000 997//997
f 1001//1001 1002//1002 999//999
f 1000//1000 221//221 1003//1003
f 1001//1001 1004//1004 1005//1005
f 1006//1006 1003//1003 215//215
f 1007//1007 1004//1004 1008//1008
f 212//212 1009//1009 1006//1006
f 1010//1010 1011//1011 1008//1008
f 1009//1009 210//210 1012//1012
f 1010//1010 1013//1013 1014//1014
f 1015//1015 1012//1012 205//205
f 1016//1016 1013//1013 1017//1017
f 202//202 1018//1018 1015//1015
f 1019//1019 1020//1020 1017//1017
f 1018//1018 200//200 1021//1021
f 1022//1022 1021//1021 321//321
f 1022//1022 323//323 1023//1023
f 1024//1024 1025//1025 1019//1019
f 1026//1026 1023//1023 187//187
f 1024//1024 1027//1027 1028//1028
f 322//322 1029//1029 1026//1026
f 1030//1030 1027//1027 1031//1031
f 1029//1029 326//326 1032//1032
f 1033//1033 1034//1034 1031//1031
f 1035//1035 1032//1032 329//329
f 1033//1033 1036//1036 1037//1037
f 330//330 1038//1038 1035//1035
f 1039//1039 1036//1036 1040//1040
f 1038//1038 331//331 1041//1041
f 1042//1042 1043//1043 1040//1040
f 1044//1044 1041//1041 250//250
f 1042//1042 1045//1045 1046//1046
f 252//252 1047//1047 1044//1044
f 1048//1048 1045//1045 1049//1049
f 1050//1050 1051//1051 1049//1049
f 1052//1052 1050//1050 1053//1053
f 1054//1054 1047//1047 262//262
f 261//261 1055//1055 1054//1054
f 1056//1056 1055//1055 260//260
f 937//937 1057//1057 907//907
f 1058//1058 1057//1057 1059//1059
f 907//907 1058//1058 253//253
f 1060//1060 1061//1061 1062//1062
f 1063//1063 1064//1064 1053//1053
f 1065//1065 1062//1062 1061//1061
f 1066//1066 1067//1067 848//848
f 1068//1068 1065//1065 1069//1069
f 1060//1060 940//940 943//943
f 244//244 930//930 246//246
f 253//253 1058//1058 254//254
f 939//939 246//246 930//930
f 926//926 941//941 925//925
f 1070//1070 935//935 930//930
f 938//938 931//931 940//940
f 1070//1070 933//933 932//932
f 940//940 941//941 942//942
f 931//931 933//933 925//925
f 1071//1071 942//942 941//941
f 939//939 930//930 935//935
f 242//242 911//911 244//244
f 922//922 926//926 923//923
f 935//935 1070//1070 932//932
f 1072//1072 1070//1070 911//911
f 931//931 925//925 941//941
f 1072//1072 1073//1073 933//933
f 941//941 926//926 1071//1071
f 925//925 1073//1073 923//923
f 1074//1074 1071//1071 926//926
f 930//930 911//911 1070//1070
f 241//241 910//910 242//242
f 933//933 1073//1073 925//925
f 1070//1070 1072//1072 933//933
f 910//910 1075//1075 1072//1072
f 922//922 924//924 927//927
f 1075//1075 1076//1076 1073//1073
f 926//926 922//922 1074//1074
f 923//923 1076//1076 924//924
f 1077//1077 1074//1074 922//922
f 911//911 910//910 1072//1072
f 238//238 919//919 241//241
f 1073//1073 1076//1076 923//923
f 1072//1072 1075//1075 1073//1073
f 919//919 1078//1078 1075//1075
f 927//927 920//920 921//921
f 1078//1078 1079//1079 1076//1076
f 922//922 927//927 1077//1077
f 924//924 1079//1079 920//920
f 1080//1080 1077//1077 927//927
f 910//910 919//919 1075//1075
f 235//235 916//916 238//238
f 1076//1076 1079//1079 924//924
f 1075//1075 1078//1078 1076//1076
f 916//916 1081//1081 1078//1078
f 921//921 918//918 917//917
f 1081//1081 1082//1082 1079//1079
f 927//927 921//921 1080//1080
f 920//920 1082//1082 918//918
f 1083//1083 1080//1080 921//921
f 919//919 916//916 1078//1078
f 234//234 912//912 235//235
f 1079//1079 1082//1082 920//920
f 1078//1078 1081//1081 1079//1079
f 912//912 1084//1084 1081//1081
f 917//917 913//913 915//915
f 1084//1084 1085//1085 1082//1082
f 921//921 917//917 1083//1083
f 918//918 1085//1085 913//913
f 1086//1086 1083//1083 917//917
f 916//916 912//912 1081//1081
f 233//233 909//909 234//234
f 1082//1082 1085//1085 918//918
f 1081//1081 1084//1084 1082//1082
f 909//909 1087//1087 1084//1084
f 915//915 914//914 929//929
f 1087//1087 1088//1088 1085//1085
f 917//917 915//915 1086//1086
f 913//913 1088//1088 914//914
f 1089//1089 1086//1086 915//915
f 912//912 909//909 1084//1084
f 229//229 908//908 233//233
f 1085//1085 1088//1088 913//913
f 1084//1084 1087//1087 1085//1085
f 908//908 1090//1090 1087//1087
f 929//929 928//928 934//934
f 1090//1090 1091//1091 1088//1088
f 915//915 929//929 1089//1089
f 914//914 1091//1091 928//928
f 1092//1092 1089//1089 929//929
f 909//909 908//908 1087//1087
f 228//228 904//904 229//229
f 1088//1088 1091//1091 914//914
f 1087//1087 1090//1090 1088//1088
f 904//904 1093//1093 1090//1090
f 934//934 906//906 905//905
f 1093//1093 1094//1094 1091//1091
f 929//929 934//934 1092//1092
f 928//928 1094//1094 906//906
f 1095//1095 1092//1092 934//934
f 908//908 904//904 1090//1090
f 223//223 900//900 228//228
f 1091//1091 1094//1094 928//928
f 1090//1090 1093//1093 1091//1091
f 900//900 1096//1096 1093//1093
f 905//905 902//902 901//901
f 1096//1096 1097//1097 1094//1094
f 934//934 905//905 1095//1095
f 906//906 1097//1097 902//902
f 1098//1098 1095//1095 905//905
f 904//904 900//900 1093//1093
f 218//218 899//899 223//223
f 1094//1094 1097//1097 906//906
f 1093//1093 1096//1096 1094//1094
f 899//899 1099//1099 1096//1096
f 901//901 896//896 895//895
f 1099//1099 1100//1100 1097//1097
f 905//905 901//901 1098//1098
f 902//902 1100//1100 896//896
f 1101//1101 1098//1098 901//901
f 900//900 899//899 1096//1096
f 220//220 898//898 218//218
f 1097//1097 1100//1100 902//902
f 1096//1096 1099//1099 1097//1097
f 898//898 1102//1102 1099//1099
f 895//895 883//883 885//885
f 1102//1102 1103//1103 1100//1100
f 901//901 895//895 1101//1101
f 896//896 1103//1103 883//883
f 1104//1104 1101//1101 895//895
f 899//899 898//898 1099//1099
f 214//214 897//897 220//220
f 1100//1100 1103//1103 896//896
f 1099//1099 1102//1102 1100//1100
f 897//897 1105//1105 1102//1102
f 885//885 884//884 893//893
f 1105//1105 1106//1106 1103//1103
f 895//895 885//885 1104//1104
f 883//883 1106//1106 884//884
f 1107//1107 1104//1104 885//885
f 898//898 897//897 1102//1102
f 208//208 894//894 214//214
f 1103//1103 1106//1106 883//883
f 1102//1102 1105//1105 1103//1103
f 894//894 1108//1108 1105//1105
f 893//893 880//880 882//882
f 1108//1108 1109//1109 1106//1106
f 885//885 893//893 1107//1107
f 884//884 1109//1109 880//880
f 1110//1110 1107//1107 893//893
f 897//897 894//894 1105//1105
f 203//203 892//892 208//208
f 1106//1106 1109//1109 884//884
f 1105//1105 1108//1108 1106//1106
f 892//892 1111//1111 1108//1108
f 882//882 881//881 886//886
f 1111//1111 1112//1112 1109//1109
f 893//893 882//882 1110//1110
f 880//880 1112//1112 881//881
f 1113//1113 1110//1110 882//882
f 894//894 892//892 1108//1108
f 198//198 889//889 203//203
f 1109//1109 1112//1112 880//880
f 1108//1108 1111//1111 1109//1109
f 889//889 1114//1114 1111//1111
f 886//886 887//887 891//891
f 1114//1114 1115//1115 1112//1112
f 882//882 886//886 1113//1113
f 881//881 1115//1115 887//887
f 1116//1116 1113//1113 886//886
f 892//892 889//889 1111//1111
f 195//195 888//888 198//198
f 1112//1112 1115//1115 881//881
f 1111//1111 1114//1114 1112//1112
f 888//888 1117//1117 1114//1114
f 891//891 890//890 903//903
f 1117//1117 1118//1118 1115//1115
f 886//886 891//891 1116//1116
f 887//887 1118//1118 890//890
f 1119//1119 1116//1116 891//891
f 889//889 888//888 1114//1114
f 193//193 877//877 195//195
f 1115//1115 1118//1118 887//887
f 1114//1114 1117//1117 1115//1115
f 877//877 1120//1120 1117//1117
f 903//903 878//878 879//879
f 1120//1120 1121//1121 1118//1118
f 891//891 903//903 1119//1119
f 890//890 1121//1121 878//878
f 1122//1122 1119//1119 903//903
f 888//888 877//877 1117//1117
f 181//181 875//875 193//193
f 1118//1118 1121//1121 890//890
f 1117//1117 1120//1120 1118//1118
f 875//875 1123//1123 1120//1120
f 1124//1124 879//879 873//873
f 1123//1123 1125//1125 1121//1121
f 903//903 879//879 1122//1122
f 878//878 1125//1125 874//874
f 1124//1124 1122//1122 879//879
f 877//877 875//875 1120//1120
f 266//266 870//870 181//181
f 1121//1121 1125//1125 878//878
f 1120//1120 1123//1123 1121//1121
f 870//870 1126//1126 1123//1123
f 1127//1127 873//873 866//866
f 1126//1126 1128//1128 1125//1125
f 1128//1128 867//867 874//874
f 1124//1124 873//873 1127//1127
f 879//879 874//874 873//873
f 875//875 870//870 1123//1123
f 267//267 869//869 266//266
f 1125//1125 1128//1128 874//874
f 1123//1123 1126//1126 1125//1125
f 869//869 1129//1129 1126//1126
f 1130//1130 866//866 864//864
f 1129//1129 1131//1131 1128//1128
f 1131//1131 862//862 867//867
f 1127//1127 866//866 1130//1130
f 873//873 867//867 866//866
f 870//870 869//869 1126//1126
f 270//270 868//868 267//267
f 1128//1128 1131//1131 867//867
f 1126//1126 1129//1129 1128//1128
f 868//868 1132//1132 1129//1129
f 1133//1133 864//864 871//871
f 1132//1132 1134//1134 1131//1131
f 1134//1134 863//863 862//862
f 1130//1130 864//864 1133//1133
f 866//866 862//862 864//864
f 869//869 868//868 1129//1129
f 272//272 865//865 270//270
f 1131//1131 1134//1134 862//862
f 1129//1129 1132//1132 1131//1131
f 865//865 1135//1135 1132//1132
f 1136//1136 871//871 1137//1137
f 1135//1135 1138//1138 1134//1134
f 1138//1138 872//872 863//863
f 1133//1133 871//871 1136//1136
f 864//864 863//863 871//871
f 868//868 865//865 1132//1132
f 273//273 861//861 272//272
f 1134//1134 1138//1138 863//863
f 1132//1132 1135//1135 1134//1134
f 861//861 1139//1139 1135//1135
f 1140//1140 1137//1137 1141//1141
f 1139//1139 854//854 1138//1138
f 872//872 1142//1142 1137//1137
f 1136//1136 1137//1137 1140//1140
f 871//871 872//872 1137//1137
f 865//865 861//861 1135//1135
f 276//276 859//859 273//273
f 1138//1138 854//854 872//872
f 1135//1135 1139//1139 1138//1138
f 859//859 855//855 1139//1139
f 1143//1143 1141//1141 1144//1144
f 1137//1137 1142//1142 1141//1141
f 872//872 854//854 1142//1142
f 1141//1141 1142//1142 1145//1145
f 1140//1140 1141//1141 1143//1143
f 861//861 859//859 1139//1139
f 278//278 858//858 276//276
f 854//854 856//856 1142//1142
f 1139//1139 855//855 854//854
f 858//858 857//857 855//855
f 1146//1146 1144//1144 1147//1147
f 1141//1141 1145//1145 1144//1144
f 1142//1142 856//856 1145//1145
f 1144//1144 1145//1145 1148//1148
f 1143//1143 1144//1144 1146//1146
f 859//859 858//858 855//855
f 279//279 860//860 278//278
f 856//856 851//851 1145//1145
f 855//855 857//857 856//856
f 860//860 852//852 857//857
f 1149//1149 1147//1147 1150//1150
f 1144//1144 1148//1148 1147//1147
f 1145//1145 851//851 1148//1148
f 1147//1147 1148//1148 1151//1151
f 1146//1146 1147//1147 1149//1149
f 858//858 860//860 857//857
f 282//282 842//842 279//279
f 851//851 853//853 1148//1148
f 857//857 852//852 851//851
f 842//842 876//876 852//852
f 1152//1152 1150//1150 1153//1153
f 1147//1147 1151//1151 1150//1150
f 1148//1148 853//853 1151//1151
f 1150//1150 1151//1151 1154//1154
f 1149//1149 1150//1150 1152//1152
f 860//860 842//842 852//852
f 284//284 839//839 282//282
f 853//853 850//850 1151//1151
f 852//852 876//876 853//853
f 839//839 849//849 876//876
f 1155//1155 1153//1153 840//840
f 1150//1150 1154//1154 1153//1153
f 1151//1151 850//850 1154//1154
f 1153//1153 1154//1154 841//841
f 1152//1152 1153//1153 1155//1155
f 842//842 839//839 876//876
f 287//287 835//835 284//284
f 850//850 843//843 1154//1154
f 876//876 849//849 850//850
f 835//835 844//844 849//849
f 1156//1156 840//840 829//829
f 1153//1153 841//841 840//840
f 1154//1154 843//843 841//841
f 841//841 845//845 830//830
f 1155//1155 840//840 1156//1156
f 839//839 835//835 849//849
f 289//289 834//834 287//287
f 843//843 845//845 841//841
f 849//849 844//844 843//843
f 834//834 1157//1157 844//844
f 1158//1158 829//829 833//833
f 1157//1157 1159//1159 845//845
f 1159//1159 831//831 830//830
f 1156//1156 829//829 1158//1158
f 840//840 830//830 829//829
f 835//835 834//834 844//844
f 290//290 838//838 289//289
f 845//845 1159//1159 830//830
f 844//844 1157//1157 845//845
f 838//838 1160//1160 1157//1157
f 1161//1161 833//833 837//837
f 1160//1160 1162//1162 1159//1159
f 1162//1162 832//832 831//831
f 1158//1158 833//833 1161//1161
f 829//829 831//831 833//833
f 834//834 838//838 1157//1157
f 293//293 946//946 290//290
f 1159//1159 1162//1162 831//831
f 1157//1157 1160//1160 1159//1159
f 946//946 1163//1163 1160//1160
f 1164//1164 837//837 944//944
f 1163//1163 1165//1165 1162//1162
f 1165//1165 836//836 832//832
f 1161//1161 837//837 1164//1164
f 833//833 832//832 837//837
f 838//838 946//946 1160//1160
f 295//295 949//949 293//293
f 1162//1162 1165//1165 832//832
f 1160//1160 1163//1163 1162//1162
f 949//949 1166//1166 1163//1163
f 1167//1167 944//944 948//948
f 1166//1166 1168//1168 1165//1165
f 1168//1168 945//945 836//836
f 1164//1164 944//944 1167//1167
f 837//837 836//836 944//944
f 946//946 949//949 1163//1163
f 296//296 950//950 295//295
f 1165//1165 1168//1168 836//836
f 1163//1163 1166//1166 1165//1165
f 950//950 1169//1169 1166//1166
f 1170//1170 948//948 952//952
f 1169//1169 1171//1171 1168//1168
f 1171//1171 947//947 945//945
f 1167//1167 948//948 1170//1170
f 944//944 945//945 948//948
f 949//949 950//950 1166//1166
f 299//299 955//955 296//296
f 1168//1168 1171//1171 945//945
f 1166//1166 1169//1169 1168//1168
f 955//955 1172//1172 1169//1169
f 1173//1173 952//952 954//954
f 1172//1172 1174//1174 1171//1171
f 1174//1174 951//951 947//947
f 1170//1170 952//952 1173//1173
f 948//948 947//947 952//952
f 950//950 955//955 1169//1169
f 301//301 958//958 299//299
f 1171//1171 1174//1174 947//947
f 1169//1169 1172//1172 1171//1171
f 958//958 1175//1175 1172//1172
f 1176//1176 954//954 957//957
f 1175//1175 1177//1177 1174//1174
f 1177//1177 953//953 951//951
f 1173//1173 954//954 1176//1176
f 952//952 951//951 954//954
f 955//955 958//958 1172//1172
f 302//302 959//959 301//301
f 1174//1174 1177//1177 951//951
f 1172//1172 1175//1175 1174//1174
f 959//959 1178//1178 1175//1175
f 1179//1179 957//957 962//962
f 1178//1178 964//964 1177//1177
f 964//964 956//956 953//953
f 1176//1176 957//957 1179//1179
f 954//954 953//953 957//957
f 958//958 959//959 1175//1175
f 303//303 960//960 302//302
f 1177//1177 964//964 953//953
f 1175//1175 1178//1178 1177//1177
f 1180//1180 1178//1178 960//960
f 1181//1181 962//962 1182//1182
f 1180//1180 963//963 964//964
f 963//963 961//961 956//956
f 1179//1179 962//962 1181//1181
f 957//957 956//956 962//962
f 959//959 960//960 1178//1178
f 306//306 965//965 303//303
f 961//961 971//971 1182//1182
f 1178//1178 1180//1180 964//964
f 1183//1183 1180//1180 965//965
f 1184//1184 1182//1182 1185//1185
f 1183//1183 968//968 963//963
f 968//968 971//971 961//961
f 1181//1181 1182//1182 1184//1184
f 962//962 961//961 1182//1182
f 960//960 965//965 1180//1180
f 308//308 966//966 306//306
f 971//971 973//973 1185//1185
f 1180//1180 1183//1183 963//963
f 1186//1186 1183//1183 966//966
f 1187//1187 1185//1185 1188//1188
f 1186//1186 970//970 968//968
f 970//970 973//973 971//971
f 1184//1184 1185//1185 1187//1187
f 1182//1182 971//971 1185//1185
f 965//965 966//966 1183//1183
f 309//309 967//967 308//308
f 973//973 977//977 1188//1188
f 1183//1183 1186//1186 968//968
f 1189//1189 1186//1186 967//967
f 1190//1190 1188//1188 1191//1191
f 1189//1189 974//974 970//970
f 974//974 977//977 973//973
f 1187//1187 1188//1188 1190//1190
f 1185//1185 973//973 1188//1188
f 966//966 967//967 1186//1186
f 312//312 969//969 309//309
f 977//977 980//980 1191//1191
f 1186//1186 1189//1189 970//970
f 1192//1192 1189//1189 969//969
f 1193//1193 1191//1191 1194//1194
f 1192//1192 976//976 974//974
f 976//976 980//980 977//977
f 1190//1190 1191//1191 1193//1193
f 1188//1188 977//977 1191//1191
f 967//967 969//969 1189//1189
f 314//314 972//972 312//312
f 980//980 982//982 1194//1194
f 1189//1189 1192//1192 974//974
f 1195//1195 1192//1192 972//972
f 1196//1196 1194//1194 1197//1197
f 1195//1195 979//979 976//976
f 979//979 982//982 980//980
f 1193//1193 1194//1194 1196//1196
f 1191//1191 980//980 1194//1194
f 969//969 972//972 1192//1192
f 315//315 975//975 314//314
f 985//985 983//983 1198//1198
f 1192//1192 1195//1195 976//976
f 1199//1199 1195//1195 975//975
f 1200//1200 1197//1197 1201//1201
f 1199//1199 983//983 979//979
f 982//982 986//986 1197//1197
f 1196//1196 1197//1197 1200//1200
f 1194//1194 982//982 1197//1197
f 972//972 975//975 1195//1195
f 318//318 978//978 315//315
f 988//988 985//985 1202//1202
f 1195//1195 1199//1199 979//979
f 1198//1198 1199//1199 978//978
f 1203//1203 1201//1201 1204//1204
f 1197//1197 986//986 1201//1201
f 982//982 983//983 986//986
f 1201//1201 986//986 989//989
f 1200//1200 1201//1201 1203//1203
f 975//975 978//978 1199//1199
f 320//320 981//981 318//318
f 989//989 991//991 1204//1204
f 1199//1199 1198//1198 983//983
f 1202//1202 1198//1198 981//981
f 1205//1205 1204//1204 1206//1206
f 1201//1201 989//989 1204//1204
f 986//986 985//985 989//989
f 989//989 988//988 991//991
f 1203//1203 1204//1204 1205//1205
f 978//978 981//981 1198//1198
f 184//184 984//984 320//320
f 991//991 994//994 1206//1206
f 1198//1198 1202//1202 985//985
f 1207//1207 1202//1202 984//984
f 1208//1208 1206//1206 1209//1209
f 1207//1207 992//992 988//988
f 992//992 994//994 991//991
f 1205//1205 1206//1206 1208//1208
f 1204//1204 991//991 1206//1206
f 981//981 984//984 1202//1202
f 226//226 987//987 184//184
f 994//994 996//996 1209//1209
f 1202//1202 1207//1207 988//988
f 1210//1210 1207//1207 987//987
f 1211//1211 1209//1209 1212//1212
f 1210//1210 993//993 992//992
f 993//993 996//996 994//994
f 1208//1208 1209//1209 1211//1211
f 1206//1206 994//994 1209//1209
f 984//984 987//987 1207//1207
f 190//190 990//990 226//226
f 996//996 998//998 1212//1212
f 1207//1207 1210//1210 992//992
f 1210//1210 990//990 1213//1213
f 1214//1214 1212//1212 1215//1215
f 1213//1213 995//995 993//993
f 995//995 998//998 996//996
f 1211//1211 1212//1212 1214//1214
f 1209//1209 996//996 1212//1212
f 987//987 990//990 1210//1210
f 192//192 997//997 190//190
f 998//998 1002//1002 1215//1215
f 1210//1210 1213//1213 993//993
f 1213//1213 997//997 1216//1216
f 1217//1217 1215//1215 1218//1218
f 1216//1216 999//999 995//995
f 999//999 1002//1002 998//998
f 1214//1214 1215//1215 1217//1217
f 1212//1212 998//998 1215//1215
f 990//990 997//997 1213//1213
f 221//221 1000//1000 192//192
f 1002//1002 1005//1005 1218//1218
f 1213//1213 1216//1216 995//995
f 1216//1216 1000//1000 1219//1219
f 1220//1220 1218//1218 1221//1221
f 1219//1219 1001//1001 999//999
f 1001//1001 1005//1005 1002//1002
f 1217//1217 1218//1218 1220//1220
f 1215//1215 1002//1002 1218//1218
f 997//997 1000//1000 1216//1216
f 215//215 1003//1003 221//221
f 1005//1005 1007//1007 1221//1221
f 1216//1216 1219//1219 999//999
f 1219//1219 1003//1003 1222//1222
f 1223//1223 1221//1221 1224//1224
f 1222//1222 1004//1004 1001//1001
f 1004//1004 1007//1007 1005//1005
f 1220//1220 1221//1221 1223//1223
f 1218//1218 1005//1005 1221//1221
f 1000//1000 1003//1003 1219//1219
f 212//212 1006//1006 215//215
f 1007//1007 1011//1011 1224//1224
f 1219//1219 1222//1222 1001//1001
f 1222//1222 1006//1006 1225//1225
f 1226//1226 1224//1224 1227//1227
f 1225//1225 1008//1008 1004//1004
f 1008//1008 1011//1011 1007//1007
f 1223//1223 1224//1224 1226//1226
f 1221//1221 1007//1007 1224//1224
f 1003//1003 1006//1006 1222//1222
f 210//210 1009//1009 212//212
f 1011//1011 1014//1014 1227//1227
f 1222//1222 1225//1225 1004//1004
f 1225//1225 1009//1009 1228//1228
f 1229//1229 1227//1227 1230//1230
f 1228//1228 1010//1010 1008//1008
f 1010//1010 1014//1014 1011//1011
f 1226//1226 1227//1227 1229//1229
f 1224//1224 1011//1011 1227//1227
f 1006//1006 1009//1009 1225//1225
f 205//205 1012//1012 210//210
f 1014//1014 1016//1016 1230//1230
f 1225//1225 1228//1228 1008//1008
f 1228//1228 1012//1012 1231//1231
f 1232//1232 1230//1230 1233//1233
f 1231//1231 1013//1013 1010//1010
f 1013//1013 1016//1016 1014//1014
f 1229//1229 1230//1230 1232//1232
f 1227//1227 1014//1014 1230//1230
f 1009//1009 1012//1012 1228//1228
f 202//202 1015//1015 205//205
f 1016//1016 1020//1020 1233//1233
f 1228//1228 1231//1231 1010//1010
f 1231//1231 1015//1015 1234//1234
f 1235//1235 1233//1233 1236//1236
f 1234//1234 1017//1017 1013//1013
f 1017//1017 1020//1020 1016//1016
f 1232//1232 1233//1233 1235//1235
f 1230//1230 1016//1016 1233//1233
f 1012//1012 1015//1015 1231//1231
f 200//200 1018//1018 202//202
f 1020//1020 1025//1025 1236//1236
f 1231//1231 1234//1234 1013//1013
f 1234//1234 1018//1018 1237//1237
f 1238//1238 1236//1236 1239//1239
f 1237//1237 1019//1019 1017//1017
f 1019//1019 1025//1025 1020//1020
f 1235//1235 1236//1236 1238//1238
f 1233//1233 1020//1020 1236//1236
f 1015//1015 1018//1018 1234//1234
f 321//321 1021//1021 200//200
f 1025//1025 1028//1028 1239//1239
f 1234//1234 1237//1237 1017//1017
f 1237//1237 1021//1021 1240//1240
f 1241//1241 1239//1239 1242//1242
f 1240//1240 1024//1024 1019//1019
f 1024//1024 1028//1028 1025//1025
f 1238//1238 1239//1239 1241//1241
f 1236//1236 1025//1025 1239//1239
f 1018//1018 1021//1021 1237//1237
f 323//323 1022//1022 321//321
f 1028//1028 1030//1030 1242//1242
f 1237//1237 1240//1240 1019//1019
f 1240//1240 1022//1022 1243//1243
f 1244//1244 1242//1242 1245//1245
f 1243//1243 1027//1027 1024//1024
f 1027//1027 1030//1030 1028//1028
f 1241//1241 1242//1242 1244//1244
f 1239//1239 1028//1028 1242//1242
f 1021//1021 1022//1022 1240//1240
f 187//187 1023//1023 323//323
f 1030//1030 1034//1034 1245//1245
f 1240//1240 1243//1243 1024//1024
f 1243//1243 1023//1023 1246//1246
f 1247//1247 1245//1245 1248//1248
f 1246//1246 1031//1031 1027//1027
f 1031//1031 1034//1034 1030//1030
f 1244//1244 1245//1245 1247//1247
f 1242//1242 1030//1030 1245//1245
f 1022//1022 1023//1023 1243//1243
f 322//322 1026//1026 187//187
f 1034//1034 1037//1037 1248//1248
f 1243//1243 1246//1246 1027//1027
f 1246//1246 1026//1026 1249//1249
f 1250//1250 1248//1248 1251//1251
f 1249//1249 1033//1033 1031//1031
f 1033//1033 1037//1037 1034//1034
f 1247//1247 1248//1248 1250//1250
f 1245//1245 1034//1034 1248//1248
f 1023//1023 1026//1026 1246//1246
f 326//326 1029//1029 322//322
f 1037//1037 1039//1039 1251//1251
f 1246//1246 1249//1249 1031//1031
f 1249//1249 1029//1029 1252//1252
f 1253//1253 1251//1251 1254//1254
f 1252//1252 1036//1036 1033//1033
f 1036//1036 1039//1039 1037//1037
f 1250//1250 1251//1251 1253//1253
f 1248//1248 1037//1037 1251//1251
f 1026//1026 1029//1029 1249//1249
f 329//329 1032//1032 326//326
f 1039//1039 1043//1043 1254//1254
f 1249//1249 1252//1252 1033//1033
f 1252//1252 1032//1032 1255//1255
f 1256//1256 1254//1254 1257//1257
f 1255//1255 1040//1040 1036//1036
f 1040//1040 1043//1043 1039//1039
f 1253//1253 1254//1254 1256//1256
f 1251//1251 1039//1039 1254//1254
f 1029//1029 1032//1032 1252//1252
f 330//330 1035//1035 329//329
f 1043//1043 1046//1046 1257//1257
f 1252//1252 1255//1255 1036//1036
f 1255//1255 1035//1035 1258//1258
f 1259//1259 1257//1257 1260//1260
f 1258//1258 1042//1042 1040//1040
f 1042//1042 1046//1046 1043//1043
f 1256//1256 1257//1257 1259//1259
f 1254//1254 1043//1043 1257//1257
f 1032//1032 1035//1035 1255//1255
f 331//331 1038//1038 330//330
f 1046//1046 1048//1048 1260//1260
f 1255//1255 1258//1258 1040//1040
f 1258//1258 1038//1038 1261//1261
f 1262//1262 1260//1260 1263//1263
f 1261//1261 1045//1045 1042//1042
f 1045//1045 1048//1048 1046//1046
f 1259//1259 1260//1260 1262//1262
f 1257//1257 1046//1046 1260//1260
f 1035//1035 1038//1038 1258//1258
f 250//250 1041//1041 331//331
f 1048//1048 1051//1051 1263//1263
f 1258//1258 1261//1261 1042//1042
f 1261//1261 1041//1041 1264//1264
f 1265//1265 1263//1263 1266//1266
f 1264//1264 1049//1049 1045//1045
f 1049//1049 1051//1051 1048//1048
f 1262//1262 1263//1263 1265//1265
f 1260//1260 1048//1048 1263//1263
f 1038//1038 1041//1041 1261//1261
f 252//252 1044//1044 250//250
f 1051//1051 1052//1052 1266//1266
f 1261//1261 1264//1264 1045//1045
f 1264//1264 1044//1044 1267//1267
f 1268//1268 1266//1266 1269//1269
f 1267//1267 1050//1050 1049//1049
f 1050//1050 1052//1052 1051//1051
f 1265//1265 1266//1266 1268//1268
f 1263//1263 1051//1051 1266//1266
f 1041//1041 1044//1044 1264//1264
f 262//262 1047//1047 252//252
f 1052//1052 1064//1064 1269//1269
f 1264//1264 1267//1267 1049//1049
f 1267//1267 1047//1047 1270//1270
f 1271//1271 1269//1269 1272//1272
f 1270//1270 1053//1053 1050//1050
f 1053//1053 1064//1064 1052//1052
f 1268//1268 1269//1269 1271//1271
f 1266//1266 1052//1052 1269//1269
f 1044//1044 1047//1047 1267//1267
f 261//261 1054//1054 262//262
f 1064//1064 1067//1067 1272//1272
f 1267//1267 1270//1270 1050//1050
f 1054//1054 1273//1273 1270//1270
f 1274//1274 1272//1272 1066//1066
f 1063//1063 1053//1053 1273//1273
f 1063//1063 1067//1067 1064//1064
f 1271//1271 1272//1272 1274//1274
f 1269//1269 1064//1064 1272//1272
f 1047//1047 1054//1054 1270//1270
f 260//260 1055//1055 261//261
f 846//846 1067//1067 1063//1063
f 1270//1270 1273//1273 1053//1053
f 1273//1273 1055//1055 1275//1275
f 1276//1276 1066//1066 1068//1068
f 1063//1063 1275//1275 846//846
f 846//846 848//848 1067//1067
f 1274//1274 1066//1066 1276//1276
f 1272//1272 1067//1067 1066//1066
f 1054//1054 1055//1055 1273//1273
f 257//257 1056//1056 260//260
f 1277//1277 1068//1068 848//848
f 1273//1273 1275//1275 1063//1063
f 1056//1056 1059//1059 1275//1275
f 1278//1278 1065//1065 1277//1277
f 847//847 846//846 1059//1059
f 1277//1277 848//848 847//847
f 1276//1276 1068//1068 1069//1069
f 1066//1066 848//848 1068//1068
f 1055//1055 1056//1056 1275//1275
f 257//257 254//254 1056//1056
f 1057//1057 1279//1279 847//847
f 1275//1275 1059//1059 846//846
f 1057//1057 847//847 1059//1059
f 1279//1279 1278//1278 1277//1277
f 1279//1279 1277//1277 847//847
f 1062//1062 1065//1065 1278//1278
f 1069//1069 1065//1065 1061//1061
f 1068//1068 1277//1277 1065//1065
f 1056//1056 254//254 1058//1058
f 1059//1059 1056//1056 1058//1058
f 1279//1279 937//937 936//936
f 907//907 1057//1057 1058//1058
f 1278//1278 936//936 938//938
f 937//937 1279//1279 1057//1057
f 1062//1062 938//938 940//940
f 936//936 1278//1278 1279//1279
f 940//940 1060//1060 1062//1062
f 938//938 1062//1062 1278//1278
f 116//116 1280//1280 1281//1281
f 53//53 1282//1282 1283//1283
f 1282//1282 123//123 1284//1284
f 1283//1283 1285//1285 126//126
f 56//56 1286//1286 1284//1284
f 124//124 1285//1285 1287//1287
f 55//55 1288//1288 1286//1286
f 129//129 1289//1289 127//127
f 1290//1290 1288//1288 117//117
f 1291//1291 92//92 27//27
f 1292//1292 1290//1290 60//60
f 1293//1293 91//91 1294//1294
f 1295//1295 71//71 1296//1296
f 104//104 1297//1297 1298//1298
f 84//84 1299//1299 1300//1300
f 1301//1301 98//98 1302//1302
f 1303//1303 76//76 1304//1304
f 1305//1305 95//95 1306//1306
f 1302//1302 96//96 1305//1305
f 101//101 1301//1301 1307//1307
f 1303//1303 1306//1306 79//79
f 75//75 1308//1308 1304//1304
f 102//102 1307//1307 1297//1297
f 82//82 1300//1300 1308//1308
f 70//70 1309//1309 1296//1296
f 1298//1298 1309//1309 107//107
f 1310//1310 88//88 1293//1293
f 1310//1310 1299//1299 86//86
f 1311//1311 1280//1280 67//67
f 1311//1311 114//114 1295//1295
f 1287//1287 1289//1289 129//129
f 1294//1294 93//93 1312//1312
f 121//121 1313//1313 1314//1314
f 1313//1313 58//58 1281//1281
f 62//62 1314//1314 1292//1292
f 1291//1291 27//27 1315//1315
f 1315//1315 133//133 1316//1316
f 1312//1312 93//93 92//92
f 1291//1291 1312//1312 92//92
f 1294//1294 91//91 93//93
f 1293//1293 88//88 91//91
f 1310//1310 86//86 88//88
f 1299//1299 84//84 86//86
f 1300//1300 82//82 84//84
f 1308//1308 75//75 82//82
f 1304//1304 76//76 75//75
f 1303//1303 79//79 76//76
f 1306//1306 95//95 79//79
f 1305//1305 96//96 95//95
f 1302//1302 98//98 96//96
f 1301//1301 101//101 98//98
f 1307//1307 102//102 101//101
f 1297//1297 104//104 102//102
f 1298//1298 107//107 104//104
f 1309//1309 70//70 107//107
f 1296//1296 71//71 70//70
f 1295//1295 114//114 71//71
f 1311//1311 67//67 114//114
f 1280//1280 116//116 67//67
f 1281//1281 58//58 116//116
f 1313//1313 121//121 58//58
f 1314//1314 62//62 121//121
f 1292//1292 60//60 62//62
f 1290//1290 117//117 60//60
f 1288//1288 55//55 117//117
f 1286//1286 56//56 55//55
f 1284//1284 123//123 56//56
f 1282//1282 53//53 123//123
f 1283//1283 126//126 53//53
f 1285//1285 124//124 126//126
f 1287//1287 129//129 124//124
f 1289//1289 1316//1316 127//127
f 1315//1315 27//27 133//133
f 1316//1316 133//133 127//127
f 1317//1317 1318//1318 1319//1319
f 1320//1320 1321//1321 1322//1322
f 1323//1323 1324//1324 1325//1325
f 1326//1326 1327//1327 1328//1328
f 1329//1329 1330//1330 1331//1331
f 1332//1332 1333//1333 1334//1334
f 1335//1335 1336//1336 1337//1337
f 1338//1338 1339//1339 1340//1340
f 1341//1341 1342//1342 1343//1343
f 1341//1341 1344//1344 1345//1345
f 1346//1346 1340//1340 1343//1343
f 1339//1339 1347//1347 1348//1348
f 1349//1349 1350//1350 1337//1337
f 1351//1351 1352//1352 1331//1331
f 1351//1351 1353//1353 1352//1352
f 1354//1354 1355//1355 1326//1326
f 1336//1336 1356//1356 1354//1354
f 1357//1357 1319//1319 1358//1358
f 1357//1357 1359//1359 1329//1329
f 1321//1321 1360//1360 1361//1361
f 1362//1362 1360//1360 1328//1328
f 1325//1325 1363//1363 1364//1364
f 1365//1365 1317//1317 1364//1364
f 1349//1349 1348//1348 1366//1366
f 1352//1352 1353//1353 1367//1367
f 1331//1331 1330//1330 1351//1351
f 1329//1329 1359//1359 1330//1330
f 1357//1357 1358//1358 1359//1359
f 1319//1319 1318//1318 1358//1358
f 1317//1317 1365//1365 1318//1318
f 1364//1364 1363//1363 1365//1365
f 1325//1325 1324//1324 1363//1363
f 1368//1368 1369//1369 1323//1323
f 1325//1325 1368//1368 1323//1323
f 1370//1370 1371//1371 1369//1369
f 1368//1368 1370//1370 1369//1369
f 1372//1372 1373//1373 1371//1371
f 1370//1370 1372//1372 1371//1371
f 1374//1374 1375//1375 1373//1373
f 1372//1372 1374//1374 1373//1373
f 1376//1376 1377//1377 1375//1375
f 1374//1374 1376//1376 1375//1375
f 1378//1378 1379//1379 1377//1377
f 1376//1376 1378//1378 1377//1377
f 1380//1380 1381//1381 1379//1379
f 1378//1378 1380//1380 1379//1379
f 1382//1382 1383//1383 1381//1381
f 1380//1380 1382//1382 1381//1381
f 1384//1384 1385//1385 1383//1383
f 1382//1382 1384//1384 1383//1383
f 1320//1320 1322//1322 1385//1385
f 1384//1384 1320//1320 1385//1385
f 1321//1321 1361//1361 1322//1322
f 1360//1360 1362//1362 1386//1386
f 1360//1360 1386//1386 1361//1361
f 1328//1328 1327//1327 1362//1362
f 1326//1326 1355//1355 1327//1327
f 1354//1354 1356//1356 1355//1355
f 1336//1336 1335//1335 1356//1356
f 1337//1337 1350//1350 1335//1335
f 1349//1349 1366//1366 1350//1350
f 1348//1348 1347//1347 1366//1366
f 1339//1339 1338//1338 1347//1347
f 1340//1340 1346//1346 1338//1338
f 1343//1343 1342//1342 1346//1346
f 1341//1341 1345//1345 1342//1342
f 1387//1387 1388//1388 1344//1344
f 1344//1344 1388//1388 1345//1345
f 1387//1387 1389//1389 1390//1390
f 1387//1387 1390//1390 1388//1388
f 1391//1391 1392//1392 1389//1389
f 1387//1387 1391//1391 1389//1389
f 1393//1393 1333//1333 1392//1392
f 1391//1391 1393//1393 1392//1392
f 1334//1334 1367//1367 1332//1332
f 1393//1393 1334//1334 1333//1333
f 1353//1353 1332//1332 1367//1367
f 1394//1394 1395//1395 1396//1396
f 1397//1397 1398//1398 1399//1399
f 1400//1400 1395//1395 1401//1401
f 1395//1395 1400//1400 1396//1396
f 1402//1402 1403//1403 1401//1401
f 1400//1400 1401//1401 1403//1403
f 1402//1402 1404//1404 1405//1405
f 1405//1405 1403//1403 1402//1402
f 1406//1406 1404//1404 1407//1407
f 1404//1404 1406//1406 1405//1405
f 1408//1408 1409//1409 1407//1407
f 1406//1406 1407//1407 1409//1409
f 1408//1408 1410//1410 1409//1409
f 1410//1410 1411//1411 1412//1412
f 1411//1411 1410//1410 1408//1408
f 1413//1413 1412//1412 1414//1414
f 1411//1411 1414//1414 1412//1412
f 1415//1415 1416//1416 1413//1413
f 1413//1413 1414//1414 1415//1415
f 1417//1417 1416//1416 1415//1415
f 1394//1394 1396//1396 1418//1418
f 1418//1418 1419//1419 1420//1420
f 1420//1420 1394//1394 1418//1418
f 1421//1421 1419//1419 1422//1422
f 1419//1419 1421//1421 1420//1420
f 1423//1423 1424//1424 1422//1422
f 1421//1421 1422//1422 1424//1424
f 1423//1423 1425//1425 1426//1426
f 1426//1426 1424//1424 1423//1423
f 1425//1425 1427//1427 1426//1426
f 1428//1428 1427//1427 1429//1429
f 1425//1425 1429//1429 1427//1427
f 1430//1430 1431//1431 1428//1428
f 1428//1428 1429//1429 1430//1430
f 1431//1431 1432//1432 1433//1433
f 1432//1432 1431//1431 1430//1430
f 1398//1398 1433//1433 1399//1399
f 1432//1432 1399//1399 1433//1433
f 1434//1434 1435//1435 1436//1436
f 1437//1437 1438//1438 1439//1439
f 1440//1440 1441//1441 1442//1442
f 1443//1443 1444//1444 1445//1445
f 1446//1446 1447//1447 1448//1448
f 1449//1449 1450//1450 1451//1451
f 1452//1452 1453//1453 1454//1454
f 1455//1455 1456//1456 1457//1457
f 1458//1458 1459//1459 1460//1460
f 1461//1461 1462//1462 1459//1459
f 1463//1463 1464//1464 1458//1458
f 1458//1458 1460//1460 1463//1463
f 1464//1464 1465//1465 1466//1466
f 1465//1465 1464//1464 1463//1463
f 1467//1467 1466//1466 1468//1468
f 1465//1465 1468//1468 1466//1466
f 1416//1416 1417//1417 1467//1467
f 1467//1467 1468//1468 1416//1416
f 1452//1452 1462//1462 1461//1461
f 1459//1459 1462//1462 1460//1460
f 1453//1453 1455//1455 1454//1454
f 1461//1461 1453//1453 1452//1452
f 1457//1457 1456//1456 1447//1447
f 1454//1454 1455//1455 1457//1457
f 1446//1446 1448//1448 1450//1450
f 1447//1447 1456//1456 1448//1448
f 1442//1442 1449//1449 1451//1451
f 1449//1449 1446//1446 1450//1450
f 1445//1445 1441//1441 1440//1440
f 1440//1440 1442//1442 1451//1451
f 1443//1443 1434//1434 1444//1444
f 1445//1445 1444//1444 1441//1441
f 1435//1435 1438//1438 1436//1436
f 1443//1443 1435//1435 1434//1434
f 1437//1437 1439//1439 1397//1397
f 1436//1436 1438//1438 1437//1437
f 1398//1398 1397//1397 1439//1439
f 1469//1469 1470//1470 1471//1471
f 1472//1472 1473//1473 1474//1474
f 1475//1475 1476//1476 1474//1474
f 1477//1477 1472//1472 1478//1478
f 1476//1476 1479//1479 1480//1480
f 1481//1481 1482//1482 1478//1478
f 1480//1480 1483//1483 1484//1484
f 1485//1485 1486//1486 1487//1487
f 1488//1488 1484//1484 1489//1489
f 1490//1490 1491//1491 1492//1492
f 1493//1493 1494//1494 1495//1495
f 1496//1496 1497//1497 1498//1498
f 1499//1499 1500//1500 1501//1501
f 1502//1502 1503//1503 1504//1504
f 1505//1505 1506//1506 1507//1507
f 1508//1508 1509//1509 1510//1510
f 1511//1511 1512//1512 1513//1513
f 1514//1514 1513//1513 1506//1506
f 1507//1507 1515//1515 1516//1516
f 1510//1510 1512//1512 1517//1517
f 1509//1509 1518//1518 1519//1519
f 1520//1520 1501//1501 1515//1515
f 1519//1519 1521//1521 1502//1502
f 1522//1522 1497//1497 1523//1523
f 1500//1500 1524//1524 1523//1523
f 1525//1525 1493//1493 1526//1526
f 1527//1527 1504//1504 1525//1525
f 1471//1471 1528//1528 1529//1529
f 1528//1528 1496//1496 1530//1530
f 1482//1482 1485//1485 1487//1487
f 1494//1494 1531//1531 1532//1532
f 1533//1533 1534//1534 1535//1535
f 1536//1536 1534//1534 1470//1470
f 1537//1537 1538//1538 1535//1535
f 1490//1490 1539//1539 1491//1491
f 1539//1539 1540//1540 1541//1541
f 1531//1531 1492//1492 1532//1532
f 1490//1490 1492//1492 1531//1531
f 1494//1494 1532//1532 1495//1495
f 1493//1493 1495//1495 1526//1526
f 1525//1525 1526//1526 1527//1527
f 1525//1525 1504//1504 1503//1503
f 1503//1503 1502//1502 1521//1521
f 1521//1521 1519//1519 1518//1518
f 1518//1518 1509//1509 1508//1508
f 1508//1508 1510//1510 1517//1517
f 1517//1517 1512//1512 1511//1511
f 1511//1511 1513//1513 1514//1514
f 1514//1514 1506//1506 1505//1505
f 1505//1505 1507//1507 1516//1516
f 1515//1515 1507//1507 1520//1520
f 1501//1501 1520//1520 1499//1499
f 1500//1500 1499//1499 1524//1524
f 1523//1523 1524//1524 1522//1522
f 1497//1497 1522//1522 1498//1498
f 1496//1496 1498//1498 1530//1530
f 1528//1528 1530//1530 1529//1529
f 1471//1471 1529//1529 1469//1469
f 1470//1470 1469//1469 1536//1536
f 1470//1470 1534//1534 1533//1533
f 1533//1533 1535//1535 1538//1538
f 1538//1538 1537//1537 1542//1542
f 1542//1542 1488//1488 1489//1489
f 1537//1537 1488//1488 1542//1542
f 1489//1489 1484//1484 1483//1483
f 1483//1483 1480//1480 1479//1479
f 1479//1479 1476//1476 1475//1475
f 1475//1475 1474//1474 1473//1473
f 1473//1473 1472//1472 1477//1477
f 1478//1478 1472//1472 1481//1481
f 1482//1482 1481//1481 1485//1485
f 1487//1487 1486//1486 1540//1540
f 1539//1539 1541//1541 1491//1491
f 1540//1540 1486//1486 1541//1541
f 1353//1353 1543//1543 1332//1332
f 1061//1061 1060//1060 1544//1544
f 1071//1071 1543//1543 942//942
f 943//943 942//942 1545//1545
f 1060//1060 1545//1545 1544//1544
f 1545//1545 942//942 1543//1543
f 1330//1330 1546//1546 1544//1544
f 1351//1351 1330//1330 1544//1544
f 1268//1268 1547//1547 1265//1265
f 1548//1548 1274//1274 1546//1546
f 1549//1549 1318//1318 1365//1365
f 1549//1549 1259//1259 1262//1262
f 1550//1550 1551//1551 1253//1253
f 1365//1365 1550//1550 1549//1549
f 1324//1324 1552//1552 1551//1551
f 1363//1363 1324//1324 1551//1551
f 1323//1323 1369//1369 1553//1553
f 1553//1553 1241//1241 1552//1552
f 1554//1554 1229//1229 1555//1555
f 1555//1555 1553//1553 1369//1369
f 1556//1556 1554//1554 1373//1373
f 1373//1373 1554//1554 1371//1371
f 1557//1557 1208//1208 1211//1211
f 1375//1375 1558//1558 1556//1556
f 1379//1379 1559//1559 1557//1557
f 1377//1377 1379//1379 1557//1557
f 1381//1381 1383//1383 1560//1560
f 1560//1560 1203//1203 1559//1559
f 1561//1561 1562//1562 1385//1385
f 1562//1562 1560//1560 1383//1383
f 1361//1361 1563//1563 1322//1322
f 1184//1184 1561//1561 1563//1563
f 1173//1173 1564//1564 1565//1565
f 1563//1563 1361//1361 1564//1564
f 1566//1566 1158//1158 1161//1161
f 1565//1565 1386//1386 1362//1362
f 1155//1155 1156//1156 1567//1567
f 1566//1566 1568//1568 1327//1327
f 1569//1569 1567//1567 1356//1356
f 1356//1356 1567//1567 1355//1355
f 1350//1350 1570//1570 1335//1335
f 1149//1149 1569//1569 1570//1570
f 1571//1571 1570//1570 1350//1350
f 1143//1143 1570//1570 1571//1571
f 1572//1572 1136//1136 1571//1571
f 1366//1366 1571//1571 1350//1350
f 1573//1573 1130//1130 1572//1572
f 1572//1572 1571//1571 1366//1366
f 1347//1347 1338//1338 1573//1573
f 1573//1573 1572//1572 1347//1347
f 1338//1338 1574//1574 1573//1573
f 1574//1574 1124//1124 1573//1573
f 1575//1575 1574//1574 1346//1346
f 1338//1338 1346//1346 1574//1574
f 1575//1575 1346//1346 1342//1342
f 1110//1110 1113//1113 1576//1576
f 1577//1577 1104//1104 1107//1107
f 1576//1576 1575//1575 1342//1342
f 1345//1345 1577//1577 1576//1576
f 1576//1576 1342//1342 1345//1345
f 1578//1578 1101//1101 1577//1577
f 1345//1345 1388//1388 1577//1577
f 1578//1578 1388//1388 1390//1390
f 1388//1388 1578//1578 1577//1577
f 1578//1578 1390//1390 1579//1579
f 1578//1578 1579//1579 1098//1098
f 1092//1092 1579//1579 1580//1580
f 1579//1579 1390//1390 1389//1389
f 1392//1392 1580//1580 1389//1389
f 1579//1579 1389//1389 1580//1580
f 1581//1581 1580//1580 1392//1392
f 1086//1086 1580//1580 1581//1581
f 1581//1581 1582//1582 1080//1080
f 1333//1333 1581//1581 1392//1392
f 1582//1582 1581//1581 1333//1333
f 1333//1333 1332//1332 1582//1582
f 1074//1074 1543//1543 1071//1071
f 1543//1543 1074//1074 1582//1582
f 1347//1347 1572//1572 1366//1366
f 1356//1356 1335//1335 1569//1569
f 1335//1335 1570//1570 1569//1569
f 1355//1355 1567//1567 1566//1566
f 1567//1567 1569//1569 1155//1155
f 1327//1327 1568//1568 1362//1362
f 1566//1566 1327//1327 1355//1355
f 1565//1565 1564//1564 1386//1386
f 1565//1565 1362//1362 1568//1568
f 1564//1564 1179//1179 1563//1563
f 1361//1361 1386//1386 1564//1564
f 1385//1385 1322//1322 1561//1561
f 1322//1322 1563//1563 1561//1561
f 1562//1562 1383//1383 1385//1385
f 1562//1562 1561//1561 1190//1190
f 1560//1560 1559//1559 1381//1381
f 1562//1562 1196//1196 1560//1560
f 1203//1203 1205//1205 1559//1559
f 1379//1379 1381//1381 1559//1559
f 1375//1375 1377//1377 1558//1558
f 1377//1377 1557//1557 1558//1558
f 1223//1223 1554//1554 1556//1556
f 1375//1375 1556//1556 1373//1373
f 1371//1371 1555//1555 1369//1369
f 1554//1554 1555//1555 1371//1371
f 1553//1553 1552//1552 1323//1323
f 1555//1555 1235//1235 1553//1553
f 1552//1552 1247//1247 1551//1551
f 1324//1324 1323//1323 1552//1552
f 1365//1365 1363//1363 1550//1550
f 1363//1363 1551//1551 1550//1550
f 1318//1318 1549//1549 1547//1547
f 1550//1550 1253//1253 1256//1256
f 1548//1548 1358//1358 1547//1547
f 1547//1547 1358//1358 1318//1318
f 1546//1546 1330//1330 1359//1359
f 1359//1359 1548//1548 1546//1546
f 1545//1545 1351//1351 1544//1544
f 1069//1069 1544//1544 1546//1546
f 1351//1351 1545//1545 1353//1353
f 1543//1543 1353//1353 1545//1545
f 943//943 1545//1545 1060//1060
f 1061//1061 1544//1544 1069//1069
f 1069//1069 1546//1546 1276//1276
f 1276//1276 1546//1546 1274//1274
f 1274//1274 1548//1548 1271//1271
f 1268//1268 1271//1271 1548//1548
f 1358//1358 1548//1548 1359//1359
f 1268//1268 1548//1548 1547//1547
f 1547//1547 1262//1262 1265//1265
f 1262//1262 1547//1547 1549//1549
f 1549//1549 1256//1256 1259//1259
f 1256//1256 1549//1549 1550//1550
f 1253//1253 1551//1551 1250//1250
f 1250//1250 1551//1551 1247//1247
f 1247//1247 1552//1552 1244//1244
f 1244//1244 1552//1552 1241//1241
f 1241//1241 1553//1553 1238//1238
f 1238//1238 1553//1553 1235//1235
f 1235//1235 1555//1555 1232//1232
f 1232//1232 1555//1555 1229//1229
f 1229//1229 1554//1554 1226//1226
f 1226//1226 1554//1554 1223//1223
f 1223//1223 1556//1556 1220//1220
f 1220//1220 1556//1556 1217//1217
f 1217//1217 1558//1558 1214//1214
f 1217//1217 1556//1556 1558//1558
f 1558//1558 1211//1211 1214//1214
f 1211//1211 1558//1558 1557//1557
f 1557//1557 1205//1205 1208//1208
f 1205//1205 1557//1557 1559//1559
f 1203//1203 1560//1560 1200//1200
f 1200//1200 1560//1560 1196//1196
f 1196//1196 1562//1562 1193//1193
f 1193//1193 1562//1562 1190//1190
f 1190//1190 1561//1561 1187//1187
f 1187//1187 1561//1561 1184//1184
f 1184//1184 1563//1563 1181//1181
f 1181//1181 1563//1563 1179//1179
f 1179//1179 1564//1564 1176//1176
f 1176//1176 1564//1564 1173//1173
f 1173//1173 1565//1565 1170//1170
f 1170//1170 1565//1565 1167//1167
f 1167//1167 1568//1568 1164//1164
f 1167//1167 1565//1565 1568//1568
f 1161//1161 1164//1164 1568//1568
f 1161//1161 1568//1568 1566//1566
f 1566//1566 1156//1156 1158//1158
f 1156//1156 1566//1566 1567//1567
f 1155//1155 1569//1569 1152//1152
f 1152//1152 1569//1569 1149//1149
f 1149//1149 1570//1570 1146//1146
f 1146//1146 1570//1570 1143//1143
f 1143//1143 1571//1571 1140//1140
f 1140//1140 1571//1571 1136//1136
f 1136//1136 1572//1572 1133//1133
f 1133//1133 1572//1572 1130//1130
f 1130//1130 1573//1573 1127//1127
f 1127//1127 1573//1573 1124//1124
f 1124//1124 1574//1574 1122//1122
f 1122//1122 1574//1574 1119//1119
f 1119//1119 1575//1575 1116//1116
f 1119//1119 1574//1574 1575//1575
f 1113//1113 1116//1116 1575//1575
f 1113//1113 1575//1575 1576//1576
f 1107//1107 1110//1110 1576//1576
f 1107//1107 1576//1576 1577//1577
f 1577//1577 1101//1101 1104//1104
f 1101//1101 1578//1578 1098//1098
f 1098//1098 1579//1579 1095//1095
f 1095//1095 1579//1579 1092//1092
f 1092//1092 1580//1580 1089//1089
f 1089//1089 1580//1580 1086//1086
f 1086//1086 1581//1581 1083//1083
f 1083//1083 1581//1581 1080//1080
f 1080//1080 1582//1582 1077//1077
f 1074//1074 1077//1077 1582//1582
f 1332//1332 1543//1543 1582//1582
f 364//364 348//348 1583//1583
f 633//633 636//636 1584//1584
f 1585//1585 1586//1586 1587//1587
f 1588//1588 1589//1589 1590//1590
f 616//616 502//502 1587//1587
f 1587//1587 502//502 620//620
f 617//617 616//616 1591//1591
f 616//616 1587//1587 1591//1591
f 627//627 630//630 1592//1592
f 620//620 619//619 1593//1593
f 641//641 1594//1594 639//639
f 648//648 1595//1595 644//644
f 1596//1596 1588//1588 1590//1590
f 1597//1597 655//655 658//658
f 1596//1596 1598//1598 1599//1599
f 1600//1600 1601//1601 1602//1602
f 1584//1584 636//636 1594//1594
f 668//668 1603//1603 665//665
f 644//644 1595//1595 1604//1604
f 1605//1605 1606//1606 1607//1607
f 1597//1597 1595//1595 652//652
f 688//688 1608//1608 685//685
f 1605//1605 1609//1609 1610//1610
f 1611//1611 1612//1612 1613//1613
f 1603//1603 668//668 1614//1614
f 699//699 1615//1615 696//696
f 1616//1616 1617//1617 1612//1612
f 1618//1618 1619//1619 1620//1620
f 1608//1608 1621//1621 682//682
f 693//693 1622//1622 1623//1623
f 715//715 1624//1624 711//711
f 1615//1615 702//702 1625//1625
f 719//719 1626//1626 714//714
f 731//731 734//734 1627//1627
f 1628//1628 1629//1629 1630//1630
f 1631//1631 1632//1632 1633//1633
f 715//715 1626//1626 1624//1624
f 746//746 1634//1634 745//745
f 1635//1635 1636//1636 722//722
f 1627//1627 734//734 1637//1637
f 1638//1638 1639//1639 1640//1640
f 1641//1641 762//762 765//765
f 1642//1642 1643//1643 1644//1644
f 1645//1645 1646//1646 1647//1647
f 746//746 1648//1648 1634//1634
f 1649//1649 774//774 776//776
f 752//752 1650//1650 1651//1651
f 1652//1652 1653//1653 1654//1654
f 1650//1650 759//759 1641//1641
f 1655//1655 1654//1654 1656//1656
f 1657//1657 1641//1641 765//765
f 774//774 1649//1649 1658//1658
f 1658//1658 1657//1657 771//771
f 1649//1649 779//779 1659//1659
f 1660//1660 793//793 796//796
f 1661//1661 1662//1662 1663//1663
f 1664//1664 1665//1665 1663//1663
f 807//807 810//810 1666//1666
f 1667//1667 1659//1659 785//785
f 1660//1660 1667//1667 791//791
f 1668//1668 1669//1669 1661//1661
f 1670//1670 1660//1660 796//796
f 1671//1671 813//813 816//816
f 1672//1672 1673//1673 1674//1674
f 1670//1670 800//800 1675//1675
f 1675//1675 804//804 1666//1666
f 1676//1676 819//819 822//822
f 1677//1677 825//825 827//827
f 1678//1678 1674//1674 1679//1679
f 1680//1680 1679//1679 1681//1681
f 344//344 1583//1583 348//348
f 1682//1682 1683//1683 1684//1684
f 1671//1671 1666//1666 810//810
f 1685//1685 1686//1686 1687//1687
f 1688//1688 1689//1689 1681//1681
f 1687//1687 1686//1686 1690//1690
f 335//335 1684//1684 340//340
f 1676//1676 1671//1671 816//816
f 1691//1691 1676//1676 822//822
f 1692//1692 1591//1591 1586//1586
f 1693//1693 1694//1694 1687//1687
f 828//828 1591//1591 1677//1677
f 1677//1677 1692//1692 1695//1695
f 617//617 1591//1591 828//828
f 800//800 799//799 1675//1675
f 1696//1696 1668//1668 1673//1673
f 1667//1667 788//788 791//791
f 1665//1665 1697//1697 1656//1656
f 1698//1698 1699//1699 1645//1645
f 782//782 785//785 1659//1659
f 1700//1700 1698//1698 1653//1653
f 1651//1651 1648//1648 747//747
f 771//771 1657//1657 768//768
f 741//741 1634//1634 1637//1637
f 1647//1647 1701//1701 1642//1642
f 1644//1644 1702//1702 1639//1639
f 756//756 759//759 1650//1650
f 728//728 1627//1627 1635//1635
f 747//747 749//749 1651//1651
f 1636//1636 1626//1626 719//719
f 1703//1703 1631//1631 1638//1638
f 1704//1704 1628//1628 1633//1633
f 737//737 741//741 1637//1637
f 1635//1635 722//722 725//725
f 709//709 1624//1624 1625//1625
f 1705//1705 1706//1706 1707//1707
f 1705//1705 1630//1630 1708//1708
f 1709//1709 1618//1618 1707//1707
f 1615//1615 1622//1622 696//696
f 1625//1625 706//706 709//709
f 688//688 1623//1623 1608//1608
f 1621//1621 1710//1710 677//677
f 1620//1620 1711//1711 1616//1616
f 671//671 1710//1710 1614//1614
f 693//693 1623//1623 690//690
f 1712//1712 664//664 1603//1603
f 1609//1609 1611//1611 1713//1713
f 1712//1712 1597//1597 658//658
f 1621//1621 680//680 682//682
f 1714//1714 1715//1715 1607//1607
f 1710//1710 671//671 674//674
f 641//641 1604//1604 1594//1594
f 1715//1715 1716//1716 1601//1601
f 1600//1600 1717//1717 1598//1598
f 1712//1712 661//661 664//664
f 1592//1592 1593//1593 623//623
f 1592//1592 630//630 1584//1584
f 1585//1585 1590//1590 1718//1718
f 620//620 1593//1593 1587//1587
f 1719//1719 1583//1583 1588//1588
f 1590//1590 1589//1589 1718//1718
f 1587//1587 1586//1586 1591//1591
f 623//623 1593//1593 619//619
f 1720//1720 1719//1719 1599//1599
f 1586//1586 1585//1585 1718//1718
f 1585//1585 1593//1593 1721//1721
f 1589//1589 1588//1588 1583//1583
f 1721//1721 1596//1596 1590//1590
f 1583//1583 1719//1719 364//364
f 1588//1588 1596//1596 1599//1599
f 371//371 364//364 1719//1719
f 1587//1587 1593//1593 1585//1585
f 627//627 1592//1592 623//623
f 1722//1722 1720//1720 1717//1717
f 1585//1585 1721//1721 1590//1590
f 1721//1721 1592//1592 1723//1723
f 1588//1588 1599//1599 1719//1719
f 1723//1723 1598//1598 1596//1596
f 1719//1719 1720//1720 371//371
f 1599//1599 1598//1598 1717//1717
f 367//367 371//371 1720//1720
f 1593//1593 1592//1592 1721//1721
f 633//633 1584//1584 630//630
f 1724//1724 1722//1722 1602//1602
f 1721//1721 1723//1723 1596//1596
f 1723//1723 1584//1584 1725//1725
f 1599//1599 1717//1717 1720//1720
f 1725//1725 1600//1600 1598//1598
f 1720//1720 1722//1722 367//367
f 1717//1717 1600//1600 1602//1602
f 368//368 367//367 1722//1722
f 1592//1592 1584//1584 1723//1723
f 639//639 1594//1594 636//636
f 1726//1726 1724//1724 1716//1716
f 1723//1723 1725//1725 1598//1598
f 1725//1725 1594//1594 1727//1727
f 1717//1717 1602//1602 1722//1722
f 1727//1727 1601//1601 1600//1600
f 1722//1722 1724//1724 368//368
f 1602//1602 1601//1601 1716//1716
f 372//372 368//368 1724//1724
f 1594//1594 1725//1725 1584//1584
f 644//644 1604//1604 641//641
f 1728//1728 1726//1726 1714//1714
f 1725//1725 1727//1727 1600//1600
f 1727//1727 1604//1604 1729//1729
f 1602//1602 1716//1716 1724//1724
f 1729//1729 1715//1715 1601//1601
f 1724//1724 1726//1726 372//372
f 1716//1716 1715//1715 1714//1714
f 373//373 372//372 1726//1726
f 1604//1604 1727//1727 1594//1594
f 652//652 1595//1595 648//648
f 1730//1730 1728//1728 1606//1606
f 1727//1727 1729//1729 1601//1601
f 1729//1729 1595//1595 1731//1731
f 1716//1716 1714//1714 1726//1726
f 1731//1731 1607//1607 1715//1715
f 1726//1726 1728//1728 373//373
f 1714//1714 1607//1607 1606//1606
f 374//374 373//373 1728//1728
f 1604//1604 1595//1595 1729//1729
f 655//655 1597//1597 652//652
f 1732//1732 1730//1730 1610//1610
f 1729//1729 1731//1731 1715//1715
f 1731//1731 1597//1597 1733//1733
f 1714//1714 1606//1606 1728//1728
f 1733//1733 1605//1605 1607//1607
f 1728//1728 1730//1730 374//374
f 1606//1606 1605//1605 1610//1610
f 375//375 374//374 1730//1730
f 1595//1595 1597//1597 1731//1731
f 661//661 1712//1712 658//658
f 1734//1734 1732//1732 1713//1713
f 1731//1731 1733//1733 1607//1607
f 1733//1733 1712//1712 1735//1735
f 1606//1606 1610//1610 1730//1730
f 1735//1735 1609//1609 1605//1605
f 1730//1730 1732//1732 375//375
f 1610//1610 1609//1609 1713//1713
f 369//369 375//375 1732//1732
f 1597//1597 1712//1712 1733//1733
f 665//665 1603//1603 664//664
f 1736//1736 1734//1734 1613//1613
f 1733//1733 1735//1735 1605//1605
f 1735//1735 1603//1603 1737//1737
f 1610//1610 1713//1713 1732//1732
f 1737//1737 1611//1611 1609//1609
f 1732//1732 1734//1734 369//369
f 1713//1713 1611//1611 1613//1613
f 370//370 369//369 1734//1734
f 1603//1603 1735//1735 1712//1712
f 671//671 1614//1614 668//668
f 1738//1738 1736//1736 1617//1617
f 1735//1735 1737//1737 1609//1609
f 1737//1737 1614//1614 1739//1739
f 1713//1713 1613//1613 1734//1734
f 1739//1739 1612//1612 1611//1611
f 1734//1734 1736//1736 370//370
f 1613//1613 1612//1612 1617//1617
f 366//366 370//370 1736//1736
f 1614//1614 1737//1737 1603//1603
f 677//677 1710//1710 674//674
f 1740//1740 1738//1738 1711//1711
f 1737//1737 1739//1739 1611//1611
f 1739//1739 1710//1710 1741//1741
f 1613//1613 1617//1617 1736//1736
f 1741//1741 1616//1616 1612//1612
f 1736//1736 1738//1738 366//366
f 1617//1617 1616//1616 1711//1711
f 365//365 366//366 1738//1738
f 1614//1614 1710//1710 1739//1739
f 680//680 1621//1621 677//677
f 1742//1742 1740//1740 1619//1619
f 1739//1739 1741//1741 1612//1612
f 1741//1741 1621//1621 1743//1743
f 1617//1617 1711//1711 1738//1738
f 1743//1743 1620//1620 1616//1616
f 1738//1738 1740//1740 365//365
f 1711//1711 1620//1620 1619//1619
f 359//359 365//365 1740//1740
f 1710//1710 1621//1621 1741//1741
f 685//685 1608//1608 682//682
f 1744//1744 1742//1742 1709//1709
f 1741//1741 1743//1743 1616//1616
f 1743//1743 1608//1608 1745//1745
f 1711//1711 1619//1619 1740//1740
f 1745//1745 1618//1618 1620//1620
f 1740//1740 1742//1742 359//359
f 1619//1619 1618//1618 1709//1709
f 336//336 359//359 1742//1742
f 1621//1621 1608//1608 1743//1743
f 690//690 1623//1623 688//688
f 1746//1746 1744//1744 1706//1706
f 1743//1743 1745//1745 1620//1620
f 1745//1745 1623//1623 1747//1747
f 1619//1619 1709//1709 1742//1742
f 1747//1747 1707//1707 1618//1618
f 1742//1742 1744//1744 336//336
f 1709//1709 1707//1707 1706//1706
f 358//358 336//336 1744//1744
f 1623//1623 1745//1745 1608//1608
f 696//696 1622//1622 693//693
f 1748//1748 1746//1746 1708//1708
f 1745//1745 1747//1747 1618//1618
f 1747//1747 1622//1622 1749//1749
f 1709//1709 1706//1706 1744//1744
f 1749//1749 1705//1705 1707//1707
f 1744//1744 1746//1746 358//358
f 1706//1706 1705//1705 1708//1708
f 361//361 358//358 1746//1746
f 1622//1622 1747//1747 1623//1623
f 702//702 1615//1615 699//699
f 1750//1750 1748//1748 1629//1629
f 1747//1747 1749//1749 1707//1707
f 1749//1749 1615//1615 1751//1751
f 1706//1706 1708//1708 1746//1746
f 1751//1751 1630//1630 1705//1705
f 1746//1746 1748//1748 361//361
f 1708//1708 1630//1630 1629//1629
f 362//362 361//361 1748//1748
f 1622//1622 1615//1615 1749//1749
f 706//706 1625//1625 702//702
f 1752//1752 1750//1750 1704//1704
f 1749//1749 1751//1751 1705//1705
f 1751//1751 1625//1625 1753//1753
f 1708//1708 1629//1629 1748//1748
f 1753//1753 1628//1628 1630//1630
f 1748//1748 1750//1750 362//362
f 1629//1629 1628//1628 1704//1704
f 360//360 362//362 1750//1750
f 1615//1615 1625//1625 1751//1751
f 711//711 1624//1624 709//709
f 1754//1754 1752//1752 1632//1632
f 1751//1751 1753//1753 1630//1630
f 1753//1753 1624//1624 1755//1755
f 1629//1629 1704//1704 1750//1750
f 1755//1755 1633//1633 1628//1628
f 1750//1750 1752//1752 360//360
f 1704//1704 1633//1633 1632//1632
f 363//363 360//360 1752//1752
f 1625//1625 1624//1624 1753//1753
f 714//714 1626//1626 715//715
f 1756//1756 1754//1754 1703//1703
f 1753//1753 1755//1755 1628//1628
f 1755//1755 1626//1626 1757//1757
f 1704//1704 1632//1632 1752//1752
f 1757//1757 1631//1631 1633//1633
f 1752//1752 1754//1754 363//363
f 1632//1632 1631//1631 1703//1703
f 337//337 363//363 1754//1754
f 1626//1626 1755//1755 1624//1624
f 722//722 1636//1636 719//719
f 1758//1758 1756//1756 1640//1640
f 1755//1755 1757//1757 1633//1633
f 1757//1757 1636//1636 1759//1759
f 1632//1632 1703//1703 1754//1754
f 1759//1759 1638//1638 1631//1631
f 1754//1754 1756//1756 337//337
f 1703//1703 1638//1638 1640//1640
f 338//338 337//337 1756//1756
f 1636//1636 1757//1757 1626//1626
f 728//728 1635//1635 725//725
f 1760//1760 1758//1758 1702//1702
f 1757//1757 1759//1759 1631//1631
f 1759//1759 1635//1635 1761//1761
f 1703//1703 1640//1640 1756//1756
f 1761//1761 1639//1639 1638//1638
f 1756//1756 1758//1758 338//338
f 1640//1640 1639//1639 1702//1702
f 357//357 338//338 1758//1758
f 1636//1636 1635//1635 1759//1759
f 731//731 1627//1627 728//728
f 1762//1762 1760//1760 1643//1643
f 1759//1759 1761//1761 1638//1638
f 1761//1761 1627//1627 1763//1763
f 1640//1640 1702//1702 1758//1758
f 1763//1763 1644//1644 1639//1639
f 1758//1758 1760//1760 357//357
f 1702//1702 1644//1644 1643//1643
f 345//345 357//357 1760//1760
f 1635//1635 1627//1627 1761//1761
f 737//737 1637//1637 734//734
f 1764//1764 1762//1762 1701//1701
f 1761//1761 1763//1763 1639//1639
f 1763//1763 1637//1637 1765//1765
f 1702//1702 1643//1643 1760//1760
f 1765//1765 1642//1642 1644//1644
f 1760//1760 1762//1762 345//345
f 1643//1643 1642//1642 1701//1701
f 346//346 345//345 1762//1762
f 1627//1627 1637//1637 1763//1763
f 745//745 1634//1634 741//741
f 1766//1766 1764//1764 1646//1646
f 1763//1763 1765//1765 1644//1644
f 1765//1765 1634//1634 1767//1767
f 1643//1643 1701//1701 1762//1762
f 1767//1767 1647//1647 1642//1642
f 1762//1762 1764//1764 346//346
f 1701//1701 1647//1647 1646//1646
f 349//349 346//346 1764//1764
f 1634//1634 1765//1765 1637//1637
f 747//747 1648//1648 746//746
f 1768//1768 1766//1766 1699//1699
f 1765//1765 1767//1767 1642//1642
f 1767//1767 1648//1648 1769//1769
f 1701//1701 1646//1646 1764//1764
f 1769//1769 1645//1645 1647//1647
f 1764//1764 1766//1766 349//349
f 1646//1646 1645//1645 1699//1699
f 354//354 349//349 1766//1766
f 1648//1648 1767//1767 1634//1634
f 752//752 1651//1651 749//749
f 1770//1770 1768//1768 1700//1700
f 1767//1767 1769//1769 1647//1647
f 1769//1769 1651//1651 1771//1771
f 1646//1646 1699//1699 1766//1766
f 1771//1771 1698//1698 1645//1645
f 1766//1766 1768//1768 354//354
f 1699//1699 1698//1698 1700//1700
f 352//352 354//354 1768//1768
f 1648//1648 1651//1651 1769//1769
f 756//756 1650//1650 752//752
f 1772//1772 1770//1770 1652//1652
f 1769//1769 1771//1771 1645//1645
f 1771//1771 1650//1650 1773//1773
f 1699//1699 1700//1700 1768//1768
f 1773//1773 1653//1653 1698//1698
f 1768//1768 1770//1770 352//352
f 1700//1700 1653//1653 1652//1652
f 356//356 352//352 1770//1770
f 1651//1651 1650//1650 1771//1771
f 762//762 1641//1641 759//759
f 1774//1774 1772//1772 1655//1655
f 1771//1771 1773//1773 1698//1698
f 1773//1773 1641//1641 1775//1775
f 1700//1700 1652//1652 1770//1770
f 1775//1775 1654//1654 1653//1653
f 1770//1770 1772//1772 356//356
f 1652//1652 1654//1654 1655//1655
f 353//353 356//356 1772//1772
f 1650//1650 1641//1641 1773//1773
f 768//768 1657//1657 765//765
f 1776//1776 1774//1774 1697//1697
f 1773//1773 1775//1775 1653//1653
f 1775//1775 1657//1657 1777//1777
f 1652//1652 1655//1655 1772//1772
f 1777//1777 1656//1656 1654//1654
f 1772//1772 1774//1774 353//353
f 1655//1655 1656//1656 1697//1697
f 353//353 1774//1774 1776//1776
f 1657//1657 1775//1775 1641//1641
f 774//774 1658//1658 771//771
f 1778//1778 1776//1776 1664//1664
f 1775//1775 1777//1777 1654//1654
f 1777//1777 1658//1658 1779//1779
f 1655//1655 1697//1697 1774//1774
f 1779//1779 1665//1665 1656//1656
f 1776//1776 355//355 353//353
f 1697//1697 1665//1665 1664//1664
f 355//355 1776//1776 1778//1778
f 1658//1658 1777//1777 1657//1657
f 779//779 1649//1649 776//776
f 1778//1778 1664//1664 1662//1662
f 1777//1777 1779//1779 1656//1656
f 1779//1779 1649//1649 1780//1780
f 1697//1697 1664//1664 1776//1776
f 1780//1780 1663//1663 1665//1665
f 1778//1778 350//350 355//355
f 1664//1664 1663//1663 1662//1662
f 350//350 1778//1778 1781//1781
f 1658//1658 1649//1649 1779//1779
f 782//782 1659//1659 779//779
f 1781//1781 1662//1662 1669//1669
f 1779//1779 1780//1780 1665//1665
f 1780//1780 1659//1659 1782//1782
f 1781//1781 1778//1778 1662//1662
f 1782//1782 1661//1661 1663//1663
f 1661//1661 1669//1669 1662//1662
f 347//347 1781//1781 1783//1783
f 1781//1781 347//347 350//350
f 1649//1649 1659//1659 1780//1780
f 788//788 1667//1667 785//785
f 1783//1783 1669//1669 1696//1696
f 1780//1780 1782//1782 1663//1663
f 1782//1782 1667//1667 1784//1784
f 1783//1783 1781//1781 1669//1669
f 1784//1784 1668//1668 1661//1661
f 1668//1668 1696//1696 1669//1669
f 351//351 1783//1783 1785//1785
f 1783//1783 351//351 347//347
f 1659//1659 1667//1667 1782//1782
f 793//793 1660//1660 791//791
f 1785//1785 1696//1696 1672//1672
f 1782//1782 1784//1784 1661//1661
f 1784//1784 1660//1660 1786//1786
f 1785//1785 1783//1783 1696//1696
f 1786//1786 1673//1673 1668//1668
f 1673//1673 1672//1672 1696//1696
f 343//343 1785//1785 1787//1787
f 1785//1785 343//343 351//351
f 1660//1660 1784//1784 1667//1667
f 800//800 1670//1670 796//796
f 1787//1787 1672//1672 1678//1678
f 1784//1784 1786//1786 1668//1668
f 1786//1786 1670//1670 1788//1788
f 1787//1787 1785//1785 1672//1672
f 1788//1788 1674//1674 1673//1673
f 1674//1674 1678//1678 1672//1672
f 342//342 1787//1787 1789//1789
f 1787//1787 342//342 343//343
f 1670//1670 1786//1786 1660//1660
f 804//804 1675//1675 799//799
f 1789//1789 1678//1678 1680//1680
f 1786//1786 1788//1788 1673//1673
f 1788//1788 1675//1675 1790//1790
f 1789//1789 1787//1787 1678//1678
f 1790//1790 1679//1679 1674//1674
f 1679//1679 1680//1680 1678//1678
f 333//333 1789//1789 1791//1791
f 1789//1789 333//333 342//342
f 1670//1670 1675//1675 1788//1788
f 807//807 1666//1666 804//804
f 1791//1791 1680//1680 1689//1689
f 1788//1788 1790//1790 1674//1674
f 1790//1790 1666//1666 1792//1792
f 1791//1791 1789//1789 1680//1680
f 1792//1792 1681//1681 1679//1679
f 1681//1681 1689//1689 1680//1680
f 334//334 1791//1791 1793//1793
f 1791//1791 334//334 333//333
f 1675//1675 1666//1666 1790//1790
f 813//813 1671//1671 810//810
f 1793//1793 1689//1689 1690//1690
f 1790//1790 1792//1792 1679//1679
f 1671//1671 1794//1794 1792//1792
f 1793//1793 1791//1791 1689//1689
f 1794//1794 1688//1688 1681//1681
f 1688//1688 1690//1690 1689//1689
f 341//341 1793//1793 1686//1686
f 1793//1793 341//341 334//334
f 1666//1666 1671//1671 1792//1792
f 819//819 1676//1676 816//816
f 1690//1690 1688//1688 1693//1693
f 1792//1792 1794//1794 1681//1681
f 1676//1676 1795//1795 1794//1794
f 1686//1686 1793//1793 1690//1690
f 1693//1693 1688//1688 1795//1795
f 1693//1693 1687//1687 1690//1690
f 339//339 1686//1686 1685//1685
f 1686//1686 339//339 341//341
f 1676//1676 1794//1794 1671//1671
f 825//825 1691//1691 822//822
f 1796//1796 1685//1685 1687//1687
f 1794//1794 1795//1795 1688//1688
f 1691//1691 1695//1695 1795//1795
f 1685//1685 1796//1796 1684//1684
f 1695//1695 1694//1694 1693//1693
f 1694//1694 1796//1796 1687//1687
f 335//335 1685//1685 1684//1684
f 1685//1685 335//335 339//339
f 1691//1691 1795//1795 1676//1676
f 828//828 1677//1677 827//827
f 1692//1692 1797//1797 1694//1694
f 1795//1795 1695//1695 1693//1693
f 1692//1692 1694//1694 1695//1695
f 1797//1797 1682//1682 1796//1796
f 1797//1797 1796//1796 1694//1694
f 344//344 340//340 1683//1683
f 1684//1684 1796//1796 1682//1682
f 340//340 1684//1684 1683//1683
f 825//825 1677//1677 1691//1691
f 1695//1695 1691//1691 1677//1677
f 1797//1797 1586//1586 1718//1718
f 1591//1591 1692//1692 1677//1677
f 1682//1682 1718//1718 1589//1589
f 1586//1586 1797//1797 1692//1692
f 1683//1683 1589//1589 1583//1583
f 1718//1718 1682//1682 1797//1797
f 1589//1589 1683//1683 1682//1682
f 1583//1583 344//344 1683//1683
f 1798//1798 1799//1799 1800//1800
f 1801//1801 1802//1802 1803//1803
f 1804//1804 1805//1805 1806//1806
f 1807//1807 1808//1808 1809//1809
f 1810//1810 1811//1811 1812//1812
f 1813//1813 1810//1810 1798//1798
f 1814//1814 1815//1815 1816//1816
f 1817//1817 1818//1818 1804//1804
f 1819//1819 1820//1820 1817//1817
f 1821//1821 1812//1812 1822//1822
f 1823//1823 1824//1824 1825//1825
f 1821//1821 1826//1826 1827//1827
f 1808//1808 1827//1827 1809//1809
f 1828//1828 1829//1829 1819//1819
f 1830//1830 1828//1828 1831//1831
f 1825//1825 1832//1832 1833//1833
f 1823//1823 1831//1831 1824//1824
f 1816//1816 1834//1834 1814//1814
f 1835//1835 1825//1825 1833//1833
f 1836//1836 1837//1837 1833//1833
f 1838//1838 1839//1839 1840//1840
f 1841//1841 1833//1833 1837//1837
f 1842//1842 1839//1839 1843//1843
f 1824//1824 1832//1832 1825//1825
f 1844//1844 1845//1845 1846//1846
f 1832//1832 1836//1836 1833//1833
f 1837//1837 1844//1844 1847//1847
f 1848//1848 1849//1849 1850//1850
f 1851//1851 1852//1852 1853//1853
f 1854//1854 1855//1855 1834//1834
f 1856//1856 1857//1857 1858//1858
f 1855//1855 1859//1859 1858//1858
f 1860//1860 1861//1861 1862//1862
f 1861//1861 1860//1860 1857//1857
f 1861//1861 1863//1863 1864//1864
f 1862//1862 1861//1861 1865//1865
f 1866//1866 1867//1867 1806//1806
f 1863//1863 1868//1868 1864//1864
f 1869//1869 1870//1870 1799//1799
f 1826//1826 1821//1821 1871//1871
f 1872//1872 1873//1873 1869//1869
f 1874//1874 1866//1866 1875//1875
f 1812//1812 1811//1811 1876//1876
f 1877//1877 1874//1874 1878//1878
f 1879//1879 1880//1880 1881//1881
f 1882//1882 1881//1881 1883//1883
f 1884//1884 1885//1885 1886//1886
f 1887//1887 1882//1882 1877//1877
f 1877//1877 1882//1882 1883//1883
f 1879//1879 1882//1882 1888//1888
f 1889//1889 1884//1884 1890//1890
f 1880//1880 1891//1891 1892//1892
f 1879//1879 1893//1893 1891//1891
f 1801//1801 1894//1894 1892//1892
f 1895//1895 1894//1894 1803//1803
f 1801//1801 1891//1891 1896//1896
f 1897//1897 1898//1898 1899//1899
f 1900//1900 1899//1899 1901//1901
f 1902//1902 1903//1903 1904//1904
f 1885//1885 1905//1905 1886//1886
f 1889//1889 1890//1890 1906//1906
f 1907//1907 1908//1908 1897//1897
f 1909//1909 1910//1910 1907//1907
f 1911//1911 1912//1912 1902//1902
f 1913//1913 1914//1914 1915//1915
f 1916//1916 1917//1917 1912//1912
f 1918//1918 1919//1919 1920//1920
f 1919//1919 1921//1921 1922//1922
f 1923//1923 1924//1924 1925//1925
f 1926//1926 1927//1927 1928//1928
f 1929//1929 1930//1930 1931//1931
f 1932//1932 1923//1923 1933//1933
f 1923//1923 1932//1932 1934//1934
f 1935//1935 1925//1925 1936//1936
f 1937//1937 1938//1938 1939//1939
f 1940//1940 1941//1941 1942//1942
f 1868//1868 1943//1943 1864//1864
f 1944//1944 1945//1945 1946//1946
f 1947//1947 1948//1948 1949//1949
f 1950//1950 1944//1944 1946//1946
f 1943//1943 1947//1947 1949//1949
f 1943//1943 1949//1949 1864//1864
f 1951//1951 1865//1865 1949//1949
f 1952//1952 1953//1953 1951//1951
f 1954//1954 1955//1955 1956//1956
f 1957//1957 1958//1958 1959//1959
f 1840//1840 1954//1954 1960//1960
f 1957//1957 1956//1956 1955//1955
f 1961//1961 1962//1962 1963//1963
f 1949//1949 1865//1865 1864//1864
f 1951//1951 1959//1959 1964//1964
f 1865//1865 1951//1951 1964//1964
f 1965//1965 1945//1945 1952//1952
f 1966//1966 1957//1957 1959//1959
f 1967//1967 1938//1938 1937//1937
f 1963//1963 1944//1944 1968//1968
f 1969//1969 1970//1970 1966//1966
f 1941//1941 1963//1963 1962//1962
f 1971//1971 1939//1939 1969//1969
f 1972//1972 1973//1973 1974//1974
f 1972//1972 1967//1967 1937//1937
f 1972//1972 1975//1975 1976//1976
f 1975//1975 1937//1937 1971//1971
f 1977//1977 1940//1940 1978//1978
f 1979//1979 1980//1980 1981//1981
f 1982//1982 1981//1981 1980//1980
f 1982//1982 1973//1973 1976//1976
f 1983//1983 1984//1984 1985//1985
f 1977//1977 1986//1986 1984//1984
f 1987//1987 1988//1988 1983//1983
f 1979//1979 1981//1981 1989//1989
f 1990//1990 1991//1991 1992//1992
f 1929//1929 1993//1993 1994//1994
f 1995//1995 1996//1996 1997//1997
f 1933//1933 1988//1988 1998//1998
f 1925//1925 1935//1935 1991//1991
f 1927//1927 1999//1999 1930//1930
f 2000//2000 1991//1991 1990//1990
f 2001//2001 2002//2002 1927//1927
f 2003//2003 2001//2001 1926//1926
f 1918//1918 2004//2004 2001//2001
f 1918//1918 2003//2003 1921//1921
f 1996//1996 2005//2005 2006//2006
f 2007//2007 2008//2008 1919//1919
f 2009//2009 2007//2007 2010//2010
f 2011//2011 2007//2007 2009//2009
f 2012//2012 1907//1907 1910//1910
f 2009//2009 2010//2010 2013//2013
f 2006//2006 2014//2014 1913//1913
f 2013//2013 1917//1917 2015//2015
f 2016//2016 1898//1898 1897//1897
f 1901//1901 2017//2017 1900//1900
f 1915//1915 2018//2018 2019//2019
f 1909//1909 2019//2019 2020//2020
f 2021//2021 1952//1952 1948//1948
f 1965//1965 1952//1952 2021//2021
f 1952//1952 1949//1949 1948//1948
f 1970//1970 2022//2022 1956//1956
f 1958//1958 1957//1957 1955//1955
f 1964//1964 1959//1959 1958//1958
f 1953//1953 1966//1966 1959//1959
f 1956//1956 1960//1960 1954//1954
f 1957//1957 1966//1966 1970//1970
f 1960//1960 1956//1956 2022//2022
f 2023//2023 2024//2024 1960//1960
f 1960//1960 2024//2024 1840//1840
f 1952//1952 1951//1951 1949//1949
f 1946//1946 1945//1945 1965//1965
f 1938//1938 2022//2022 1939//1939
f 1951//1951 1953//1953 1959//1959
f 1953//1953 1945//1945 2025//2025
f 1957//1957 1970//1970 1956//1956
f 1969//1969 1966//1966 2025//2025
f 2026//2026 1960//1960 2022//2022
f 1970//1970 1969//1969 1939//1939
f 2026//2026 2022//2022 1938//1938
f 2027//2027 2023//2023 2026//2026
f 1960//1960 2026//2026 2023//2023
f 1945//1945 1953//1953 1952//1952
f 1968//1968 1944//1944 1950//1950
f 1940//1940 1942//1942 2028//2028
f 1953//1953 2025//2025 1966//1966
f 2025//2025 1944//1944 2029//2029
f 1970//1970 1939//1939 2022//2022
f 1971//1971 1969//1969 2029//2029
f 2030//2030 2026//2026 1938//1938
f 1939//1939 1971//1971 1937//1937
f 2030//2030 1938//1938 1967//1967
f 2031//2031 2027//2027 2030//2030
f 2026//2026 2030//2030 2027//2027
f 1945//1945 1944//1944 2025//2025
f 1961//1961 1963//1963 1968//1968
f 2032//2032 1986//1986 1977//1977
f 2025//2025 2029//2029 1969//1969
f 2033//2033 2029//2029 1963//1963
f 1967//1967 1972//1972 1974//1974
f 1971//1971 2033//2033 1975//1975
f 2034//2034 2030//2030 1967//1967
f 1975//1975 1972//1972 1937//1937
f 2034//2034 1967//1967 1974//1974
f 2035//2035 2031//2031 2034//2034
f 2030//2030 2034//2034 2031//2031
f 1963//1963 2029//2029 1944//1944
f 1942//1942 1941//1941 1962//1962
f 2036//2036 1983//1983 1985//1985
f 2029//2029 2033//2033 1971//1971
f 2033//2033 1941//1941 2037//2037
f 2038//2038 2039//2039 2040//2040
f 1976//1976 1975//1975 2037//2037
f 2039//2039 2034//2034 1974//1974
f 1976//1976 1973//1973 1972//1972
f 1973//1973 2040//2040 1974//1974
f 2041//2041 2035//2035 2039//2039
f 2034//2034 2039//2039 2035//2035
f 1941//1941 2033//2033 1963//1963
f 1978//1978 1940//1940 2028//2028
f 2042//2042 1998//1998 1988//1988
f 2033//2033 2037//2037 1975//1975
f 2037//2037 1940//1940 2043//2043
f 2044//2044 2038//2038 2045//2045
f 1982//1982 1976//1976 2043//2043
f 1974//1974 2040//2040 2039//2039
f 1982//1982 1980//1980 1973//1973
f 2039//2039 2038//2038 2041//2041
f 2038//2038 2040//2040 2045//2045
f 2046//2046 2041//2041 2038//2038
f 1941//1941 1940//1940 2037//2037
f 2032//2032 1977//1977 1978//1978
f 1979//1979 2045//2045 1980//1980
f 2037//2037 2043//2043 1976//1976
f 2047//2047 2043//2043 1977//1977
f 1973//1973 1980//1980 2040//2040
f 2047//2047 1981//1981 1982//1982
f 2044//2044 2048//2048 2049//2049
f 2044//2044 2046//2046 2038//2038
f 2040//2040 1980//1980 2045//2045
f 2044//2044 2045//2045 2048//2048
f 2050//2050 2046//2046 2044//2044
f 1940//1940 1977//1977 2043//2043
f 1985//1985 1984//1984 1986//1986
f 2051//2051 2048//2048 1979//1979
f 2043//2043 2047//2047 1982//1982
f 2052//2052 2047//2047 1984//1984
f 2053//2053 2049//2049 2054//2054
f 2052//2052 1989//1989 1981//1981
f 2051//2051 1979//1979 1989//1989
f 2049//2049 2050//2050 2044//2044
f 2045//2045 1979//1979 2048//2048
f 2049//2049 2048//2048 2054//2054
f 2055//2055 2050//2050 2049//2049
f 1984//1984 2047//2047 1977//1977
f 1987//1987 1983//1983 2036//2036
f 2051//2051 1994//1994 2054//2054
f 2047//2047 2052//2052 1981//1981
f 2056//2056 2052//2052 1983//1983
f 2057//2057 2053//2053 1993//1993
f 2056//2056 2058//2058 1989//1989
f 2058//2058 1994//1994 2051//2051
f 2053//2053 2055//2055 2049//2049
f 2048//2048 2051//2051 2054//2054
f 1993//1993 2053//2053 2054//2054
f 2059//2059 2055//2055 2053//2053
f 1984//1984 1983//1983 2052//2052
f 2042//2042 1988//1988 1987//1987
f 1989//1989 2058//2058 2051//2051
f 2052//2052 2056//2056 1989//1989
f 2060//2060 2056//2056 1988//1988
f 1931//1931 2061//2061 2057//2057
f 2060//2060 2062//2062 2058//2058
f 2062//2062 1929//1929 1994//1994
f 2053//2053 2057//2057 2059//2059
f 2054//2054 1994//1994 1993//1993
f 1931//1931 2057//2057 1993//1993
f 2063//2063 2059//2059 2057//2057
f 1983//1983 1988//1988 2056//2056
f 1932//1932 1933//1933 1998//1998
f 2058//2058 2062//2062 1994//1994
f 2056//2056 2060//2060 2058//2058
f 2064//2064 2060//2060 1933//1933
f 1999//1999 2065//2065 2061//2061
f 2064//2064 2066//2066 2062//2062
f 2066//2066 1930//1930 1929//1929
f 2057//2057 2061//2061 2063//2063
f 1993//1993 1929//1929 1931//1931
f 1999//1999 2061//2061 1931//1931
f 2067//2067 2063//2063 2061//2061
f 1933//1933 2060//2060 1988//1988
f 1924//1924 1923//1923 1934//1934
f 2062//2062 2066//2066 1929//1929
f 2060//2060 2064//2064 2062//2062
f 2068//2068 2064//2064 1923//1923
f 1999//1999 1927//1927 2002//2002
f 2068//2068 1928//1928 2066//2066
f 1928//1928 1927//1927 1930//1930
f 2061//2061 2065//2065 2067//2067
f 1931//1931 1930//1930 1999//1999
f 2002//2002 2065//2065 1999//1999
f 2069//2069 2067//2067 2065//2065
f 1933//1933 1923//1923 2064//2064
f 1936//1936 1925//1925 1924//1924
f 2066//2066 1928//1928 1930//1930
f 2064//2064 2068//2068 2066//2066
f 2068//2068 1925//1925 2070//2070
f 2002//2002 2001//2001 2004//2004
f 2070//2070 1926//1926 1928//1928
f 2071//2071 2065//2065 2002//2002
f 1927//1927 1926//1926 2001//2001
f 2071//2071 2002//2002 2004//2004
f 2072//2072 2069//2069 2071//2071
f 2065//2065 2071//2071 2069//2069
f 1923//1923 1925//1925 2068//2068
f 1992//1992 1991//1991 1935//1935
f 2014//2014 2006//2006 2073//2073
f 2068//2068 2070//2070 1928//1928
f 2074//2074 2070//2070 1991//1991
f 2004//2004 1918//1918 1920//1920
f 2003//2003 1926//1926 2074//2074
f 2075//2075 2071//2071 2004//2004
f 2001//2001 2003//2003 1918//1918
f 2075//2075 2004//2004 1920//1920
f 2076//2076 2072//2072 2075//2075
f 2071//2071 2075//2075 2072//2072
f 1991//1991 2070//2070 1925//1925
f 1997//1997 2000//2000 1990//1990
f 1997//1997 1996//1996 2000//2000
f 2070//2070 2074//2074 1926//1926
f 2074//2074 2000//2000 2077//2077
f 2008//2008 2078//2078 2079//2079
f 2077//2077 1921//1921 2003//2003
f 2079//2079 2075//2075 1920//1920
f 1921//1921 1919//1919 1918//1918
f 2079//2079 1920//1920 2008//2008
f 2080//2080 2076//2076 2079//2079
f 2075//2075 2079//2079 2076//2076
f 2000//2000 2074//2074 1991//1991
f 2005//2005 1996//1996 1995//1995
f 1914//1914 2081//2081 1915//1915
f 2074//2074 2077//2077 2003//2003
f 1996//1996 2082//2082 2077//2077
f 2083//2083 2078//2078 2011//2011
f 1921//1921 2082//2082 1922//1922
f 2007//2007 1919//1919 1922//1922
f 2079//2079 2078//2078 2080//2080
f 1920//1920 1919//1919 2008//2008
f 2078//2078 2008//2008 2011//2011
f 2084//2084 2080//2080 2078//2078
f 2000//2000 1996//1996 2077//2077
f 2073//2073 2006//2006 2005//2005
f 2085//2085 2020//2020 2019//2019
f 2077//2077 2082//2082 1921//1921
f 2086//2086 2082//2082 2006//2006
f 2015//2015 2009//2009 2013//2013
f 2086//2086 2010//2010 1922//1922
f 2083//2083 2087//2087 2088//2088
f 2083//2083 2084//2084 2078//2078
f 2008//2008 2007//2007 2011//2011
f 2083//2083 2011//2011 2087//2087
f 2089//2089 2084//2084 2083//2083
f 2006//2006 2082//2082 1996//1996
f 1914//1914 1913//1913 2014//2014
f 1922//1922 2010//2010 2007//2007
f 2082//2082 2086//2086 1922//1922
f 2090//2090 2086//2086 1913//1913
f 1916//1916 2015//2015 1917//1917
f 2090//2090 2013//2013 2010//2010
f 2091//2091 2088//2088 2092//2092
f 2088//2088 2089//2089 2083//2083
f 2011//2011 2009//2009 2087//2087
f 2088//2088 2087//2087 2093//2093
f 2091//2091 2089//2089 2088//2088
f 1913//1913 2086//2086 2006//2006
f 2018//2018 1915//1915 2081//2081
f 1912//1912 1911//1911 1916//1916
f 2086//2086 2090//2090 2010//2010
f 2090//2090 1915//1915 2094//2094
f 2009//2009 2015//2015 2087//2087
f 2094//2094 1917//1917 2013//2013
f 2092//2092 2095//2095 2096//2096
f 2088//2088 2093//2093 2092//2092
f 2087//2087 2015//2015 2093//2093
f 2092//2092 2093//2093 2095//2095
f 2091//2091 2092//2092 2097//2097
f 1913//1913 1915//1915 2090//2090
f 2085//2085 2019//2019 2018//2018
f 1911//1911 2095//2095 1916//1916
f 2090//2090 2094//2094 2013//2013
f 2098//2098 2094//2094 2019//2019
f 2015//2015 1916//1916 2093//2093
f 2098//2098 1912//1912 1917//1917
f 2096//2096 2099//2099 2100//2100
f 2096//2096 2097//2097 2092//2092
f 2093//2093 1916//1916 2095//2095
f 2096//2096 2095//2095 2099//2099
f 2101//2101 2097//2097 2096//2096
f 1915//1915 2019//2019 2094//2094
f 1910//1910 1909//1909 2020//2020
f 1904//1904 2099//2099 1911//1911
f 2094//2094 2098//2098 1917//1917
f 2102//2102 2098//2098 1909//1909
f 2103//2103 2100//2100 2104//2104
f 2102//2102 1902//1902 1912//1912
f 1904//1904 1911//1911 1902//1902
f 2100//2100 2101//2101 2096//2096
f 2095//2095 1911//1911 2099//2099
f 2100//2100 2099//2099 2104//2104
f 2105//2105 2101//2101 2100//2100
f 1909//1909 2098//2098 2019//2019
f 1908//1908 1907//1907 2012//2012
f 1904//1904 2106//2106 2104//2104
f 2098//2098 2102//2102 1912//1912
f 2107//2107 2102//2102 1907//1907
f 2108//2108 2103//2103 2109//2109
f 2107//2107 1903//1903 1902//1902
f 1903//1903 2106//2106 1904//1904
f 2103//2103 2105//2105 2100//2100
f 2099//2099 1904//1904 2104//2104
f 2103//2103 2104//2104 2109//2109
f 2110//2110 2105//2105 2103//2103
f 1909//1909 1907//1907 2102//2102
f 2016//2016 1897//1897 1908//1908
f 2106//2106 1803//1803 2109//2109
f 2102//2102 2107//2107 1902//1902
f 2111//2111 2107//2107 1897//1897
f 1802//1802 2112//2112 2108//2108
f 2111//2111 1895//1895 1903//1903
f 1895//1895 1803//1803 2106//2106
f 2108//2108 2110//2110 2103//2103
f 2104//2104 2106//2106 2109//2109
f 1802//1802 2108//2108 2109//2109
f 2113//2113 2110//2110 2108//2108
f 1907//1907 1897//1897 2107//2107
f 1901//1901 1899//1899 1898//1898
f 1903//1903 1895//1895 2106//2106
f 2107//2107 2111//2111 1903//1903
f 2114//2114 2111//2111 1899//1899
f 1896//1896 2115//2115 2112//2112
f 2114//2114 1894//1894 1895//1895
f 1894//1894 1801//1801 1803//1803
f 2108//2108 2112//2112 2113//2113
f 2109//2109 1803//1803 1802//1802
f 2112//2112 1802//1802 1896//1896
f 2116//2116 2113//2113 2112//2112
f 1899//1899 2111//2111 1897//1897
f 2117//2117 1900//1900 2017//2017
f 1900//1900 2117//2117 1890//1890
f 2111//2111 2114//2114 1895//1895
f 2118//2118 2114//2114 1900//1900
f 1893//1893 2119//2119 2115//2115
f 1894//1894 2118//2118 1892//1892
f 1891//1891 1801//1801 1892//1892
f 2115//2115 2116//2116 2112//2112
f 1802//1802 1801//1801 1896//1896
f 2115//2115 1896//1896 1893//1893
f 2120//2120 2116//2116 2115//2115
f 1899//1899 1900//1900 2114//2114
f 1906//1906 1890//1890 2117//2117
f 2121//2121 1873//1873 1872//1872
f 2114//2114 2118//2118 1894//1894
f 1890//1890 2122//2122 2118//2118
f 2123//2123 2119//2119 1888//1888
f 1892//1892 2122//2122 1880//1880
f 1879//1879 1891//1891 1880//1880
f 2119//2119 2120//2120 2115//2115
f 1896//1896 1891//1891 1893//1893
f 2119//2119 1893//1893 1888//1888
f 2124//2124 2120//2120 2119//2119
f 1900//1900 1890//1890 2118//2118
f 1885//1885 1884//1884 1889//1889
f 1799//1799 1870//1870 2125//2125
f 2118//2118 2122//2122 1892//1892
f 2122//2122 1884//1884 2126//2126
f 2127//2127 2128//2128 2123//2123
f 2126//2126 1881//1881 1880//1880
f 1882//1882 1879//1879 1881//1881
f 2123//2123 2124//2124 2119//2119
f 1893//1893 1879//1879 1888//1888
f 2123//2123 1888//1888 1887//1887
f 2128//2128 2124//2124 2123//2123
f 1884//1884 2122//2122 1890//1890
f 2129//2129 1886//1886 1905//1905
f 1886//1886 2129//2129 1872//1872
f 2122//2122 2126//2126 1880//1880
f 2130//2130 2126//2126 1886//1886
f 1874//1874 1877//1877 2131//2131
f 2130//2130 1883//1883 1881//1881
f 2132//2132 2127//2127 2133//2133
f 2123//2123 1887//1887 2127//2127
f 1888//1888 1882//1882 1887//1887
f 2127//2127 1887//1887 1878//1878
f 2128//2128 2127//2127 2132//2132
f 1884//1884 1886//1886 2126//2126
f 2121//2121 1872//1872 2129//2129
f 2134//2134 1813//1813 1798//1798
f 2126//2126 2130//2130 1881//1881
f 2135//2135 2130//2130 1872//1872
f 1866//1866 1874//1874 1867//1867
f 2135//2135 2131//2131 1883//1883
f 2136//2136 2133//2133 2137//2137
f 2127//2127 1878//1878 2133//2133
f 1887//1887 1877//1877 1878//1878
f 2133//2133 1878//1878 1875//1875
f 2132//2132 2133//2133 2136//2136
f 1886//1886 1872//1872 2130//2130
f 1870//1870 1869//1869 1873//1873
f 1883//1883 2131//2131 1877//1877
f 2130//2130 2135//2135 1883//1883
f 2138//2138 2135//2135 1869//1869
f 1805//1805 1866//1866 1806//1806
f 2138//2138 1867//1867 2131//2131
f 2139//2139 2137//2137 2140//2140
f 2133//2133 1875//1875 2137//2137
f 1878//1878 1874//1874 1875//1875
f 2137//2137 1875//1875 2141//2141
f 2136//2136 2137//2137 2139//2139
f 1869//1869 2135//2135 1872//1872
f 1800//1800 1799//1799 2125//2125
f 2131//2131 1867//1867 1874//1874
f 2135//2135 2138//2138 2131//2131
f 2142//2142 2138//2138 1799//1799
f 1818//1818 1805//1805 1804//1804
f 2142//2142 1806//1806 1867//1867
f 2143//2143 2140//2140 2144//2144
f 2137//2137 2141//2141 2140//2140
f 1875//1875 1866//1866 2141//2141
f 2140//2140 2141//2141 2145//2145
f 2139//2139 2140//2140 2143//2143
f 1869//1869 1799//1799 2138//2138
f 2134//2134 1798//1798 1800//1800
f 1817//1817 1820//1820 1818//1818
f 2138//2138 2142//2142 1867//1867
f 2142//2142 1798//1798 2146//2146
f 1866//1866 1805//1805 2141//2141
f 2146//2146 1804//1804 1806//1806
f 2147//2147 2144//2144 2148//2148
f 2140//2140 2145//2145 2144//2144
f 2141//2141 1805//1805 2145//2145
f 2144//2144 2145//2145 2149//2149
f 2143//2143 2144//2144 2147//2147
f 1799//1799 1798//1798 2142//2142
f 1811//1811 1810//1810 1813//1813
f 1819//1819 1829//1829 1820//1820
f 2142//2142 2146//2146 1806//1806
f 2146//2146 1810//1810 2150//2150
f 1805//1805 1818//1818 2145//2145
f 2150//2150 1817//1817 1804//1804
f 2151//2151 2148//2148 2152//2152
f 2144//2144 2149//2149 2148//2148
f 2145//2145 1818//1818 2149//2149
f 2148//2148 2149//2149 2153//2153
f 2147//2147 2148//2148 2151//2151
f 1810//1810 2146//2146 1798//1798
f 1822//1822 1812//1812 1876//1876
f 1828//1828 1830//1830 1829//1829
f 2146//2146 2150//2150 1804//1804
f 2154//2154 2150//2150 1812//1812
f 1818//1818 1820//1820 2149//2149
f 2154//2154 1819//1819 1817//1817
f 2155//2155 2152//2152 2156//2156
f 2148//2148 2153//2153 2152//2152
f 2149//2149 1820//1820 2153//2153
f 2152//2152 2153//2153 2157//2157
f 2151//2151 2152//2152 2155//2155
f 1810//1810 1812//1812 2150//2150
f 1871//1871 1821//1821 1822//1822
f 1831//1831 1823//1823 1830//1830
f 2150//2150 2154//2154 1817//1817
f 2158//2158 2154//2154 1821//1821
f 1820//1820 1829//1829 2153//2153
f 2158//2158 1828//1828 1819//1819
f 2159//2159 2156//2156 2160//2160
f 2152//2152 2157//2157 2156//2156
f 2153//2153 1829//1829 2157//2157
f 2156//2156 2157//2157 2161//2161
f 2155//2155 2156//2156 2159//2159
f 1812//1812 1821//1821 2154//2154
f 1809//1809 1827//1827 1826//1826
f 1834//1834 2162//2162 1854//1854
f 2154//2154 2158//2158 1819//1819
f 2163//2163 2158//2158 1827//1827
f 1829//1829 1830//1830 2157//2157
f 1831//1831 1828//1828 2163//2163
f 2164//2164 2160//2160 2165//2165
f 2156//2156 2161//2161 2160//2160
f 2157//2157 1830//1830 2161//2161
f 2160//2160 2161//2161 2166//2166
f 2159//2159 2160//2160 2164//2164
f 1827//1827 2158//2158 1821//1821
f 2167//2167 1808//1808 1807//1807
f 1808//1808 2167//2167 1814//1814
f 2158//2158 2163//2163 1828//1828
f 2163//2163 1808//1808 2168//2168
f 1830//1830 1823//1823 2161//2161
f 1831//1831 2168//2168 1824//1824
f 2169//2169 2165//2165 2170//2170
f 2160//2160 2166//2166 2165//2165
f 2161//2161 1823//1823 2166//2166
f 2165//2165 2166//2166 1835//1835
f 2164//2164 2165//2165 2169//2169
f 1827//1827 1808//1808 2163//2163
f 1815//1815 1814//1814 2167//2167
f 1858//1858 2171//2171 1856//1856
f 2163//2163 2168//2168 1831//1831
f 1814//1814 2172//2172 2168//2168
f 1823//1823 1825//1825 2166//2166
f 1824//1824 2172//2172 1832//1832
f 2173//2173 2170//2170 2174//2174
f 2165//2165 1835//1835 2170//2170
f 2166//2166 1825//1825 1835//1835
f 2170//2170 1835//1835 1841//1841
f 2169//2169 2170//2170 2173//2173
f 1808//1808 1814//1814 2168//2168
f 2162//2162 1834//1834 1816//1816
f 2175//2175 1857//1857 2176//2176
f 2168//2168 2172//2172 1824//1824
f 1834//1834 2177//2177 2172//2172
f 1841//1841 1847//1847 2174//2174
f 1836//1836 1832//1832 2177//2177
f 2178//2178 2174//2174 2179//2179
f 2170//2170 1841//1841 2174//2174
f 1835//1835 1833//1833 1841//1841
f 1841//1841 1837//1837 1847//1847
f 2173//2173 2174//2174 2178//2178
f 1834//1834 2172//2172 1814//1814
f 1859//1859 1855//1855 1854//1854
f 1837//1837 1836//1836 2180//2180
f 2172//2172 2177//2177 1832//1832
f 2181//2181 2177//2177 1855//1855
f 1846//1846 1852//1852 2179//2179
f 2180//2180 1836//1836 2181//2181
f 2182//2182 2179//2179 1852//1852
f 1844//1844 1837//1837 2180//2180
f 1846//1846 2179//2179 1847//1847
f 2178//2178 2179//2179 2182//2182
f 2174//2174 1847//1847 2179//2179
f 1834//1834 1855//1855 2177//2177
f 2171//2171 1858//1858 1859//1859
f 1844//1844 2180//2180 2183//2183
f 2177//2177 2181//2181 1836//1836
f 2181//2181 1858//1858 2184//2184
f 1839//1839 2185//2185 1843//1843
f 2183//2183 2180//2180 2184//2184
f 1845//1845 1844//1844 2183//2183
f 2186//2186 1852//1852 1851//1851
f 1847//1847 1844//1844 1846//1846
f 1852//1852 1846//1846 1853//1853
f 2182//2182 1852//1852 2186//2186
f 1855//1855 1858//1858 2181//2181
f 2176//2176 1857//1857 1856//1856
f 1845//1845 2183//2183 2187//2187
f 2181//2181 2184//2184 2180//2180
f 2184//2184 1857//1857 1860//1860
f 1853//1853 1845//1845 1849//1849
f 1860//1860 2187//2187 2183//2183
f 2187//2187 1849//1849 1845//1845
f 1843//1843 2188//2188 1851//1851
f 1846//1846 1845//1845 1853//1853
f 1851//1851 1853//1853 1848//1848
f 2186//2186 1851//1851 2188//2188
f 1857//1857 2184//2184 1858//1858
f 2175//2175 1863//1863 1861//1861
f 1862//1862 2189//2189 2187//2187
f 2184//2184 1860//1860 2183//2183
f 2187//2187 1860//1860 1862//1862
f 2189//2189 1850//1850 1849//1849
f 1849//1849 2187//2187 2189//2189
f 1842//1842 1848//1848 1850//1850
f 1851//1851 1848//1848 1843//1843
f 1853//1853 1849//1849 1848//1848
f 1848//1848 1842//1842 1843//1843
f 2188//2188 1843//1843 2185//2185
f 2175//2175 1861//1861 1857//1857
f 1864//1864 1865//1865 1861//1861
f 1865//1865 1964//1964 1862//1862
f 1862//1862 1964//1964 2189//2189
f 1964//1964 1958//1958 2189//2189
f 2189//2189 1958//1958 1850//1850
f 1958//1958 1955//1955 1850//1850
f 1850//1850 1955//1955 1842//1842
f 1955//1955 1954//1954 1842//1842
f 1840//1840 1839//1839 1954//1954
f 1954//1954 1839//1839 1842//1842
f 2185//2185 1839//1839 1838//1838
f 2190//2190 2191//2191 2192//2192
f 2193//2193 2194//2194 2195//2195
f 2196//2196 2197//2197 2198//2198
f 2199//2199 2200//2200 2197//2197
f 2201//2201 2190//2190 2202//2202
f 2190//2190 2201//2201 2191//2191
f 2200//2200 2199//2199 2203//2203
f 2204//2204 2203//2203 2205//2205
f 2202//2202 2206//2206 2207//2207
f 2207//2207 2201//2201 2202//2202
f 2205//2205 2208//2208 2204//2204
f 2209//2209 2210//2210 2208//2208
f 2211//2211 2212//2212 2206//2206
f 2207//2207 2206//2206 2212//2212
f 2210//2210 2209//2209 2213//2213
f 2214//2214 2213//2213 2215//2215
f 2216//2216 2211//2211 2217//2217
f 2211//2211 2216//2216 2212//2212
f 2215//2215 2218//2218 2214//2214
f 2219//2219 2220//2220 2218//2218
f 2217//2217 2221//2221 2222//2222
f 2222//2222 2216//2216 2217//2217
f 2220//2220 2219//2219 2223//2223
f 2224//2224 2223//2223 2225//2225
f 2226//2226 2221//2221 2227//2227
f 2222//2222 2221//2221 2226//2226
f 2225//2225 2228//2228 2224//2224
f 2191//2191 2229//2229 2192//2192
f 2230//2230 2231//2231 2232//2232
f 2231//2231 2230//2230 2227//2227
f 2233//2233 2232//2232 2234//2234
f 2232//2232 2231//2231 2234//2234
f 2235//2235 2233//2233 2236//2236
f 2236//2236 2233//2233 2234//2234
f 2237//2237 2238//2238 2239//2239
f 2238//2238 2237//2237 2235//2235
f 2239//2239 2240//2240 2241//2241
f 2241//2241 2237//2237 2239//2239
f 2242//2242 2243//2243 2240//2240
f 2241//2241 2240//2240 2243//2243
f 2244//2244 2242//2242 2245//2245
f 2242//2242 2244//2244 2243//2243
f 2245//2245 2246//2246 2247//2247
f 2247//2247 2244//2244 2245//2245
f 2235//2235 2236//2236 2238//2238
f 2246//2246 2248//2248 2247//2247
f 2230//2230 2226//2226 2227//2227
f 2249//2249 2250//2250 2248//2248
f 2248//2248 2246//2246 2249//2249
f 2251//2251 2250//2250 2252//2252
f 2249//2249 2252//2252 2250//2250
f 2253//2253 2254//2254 2255//2255
f 2253//2253 2251//2251 2254//2254
f 2255//2255 2256//2256 2257//2257
f 2257//2257 2253//2253 2255//2255
f 2258//2258 2259//2259 2256//2256
f 2257//2257 2256//2256 2259//2259
f 2258//2258 2260//2260 2259//2259
f 2260//2260 2261//2261 2262//2262
f 2261//2261 2260//2260 2258//2258
f 2263//2263 2264//2264 2262//2262
f 2262//2262 2261//2261 2263//2263
f 2265//2265 2264//2264 2266//2266
f 2263//2263 2266//2266 2264//2264
f 2267//2267 2265//2265 2266//2266
f 2254//2254 2251//2251 2252//2252
f 2268//2268 2192//2192 2229//2229
f 2269//2269 2270//2270 2268//2268
f 2268//2268 2229//2229 2269//2269
f 2271//2271 2270//2270 2272//2272
f 2269//2269 2272//2272 2270//2270
f 2271//2271 2273//2273 2274//2274
f 2273//2273 2271//2271 2272//2272
f 2275//2275 2276//2276 2274//2274
f 2274//2274 2273//2273 2275//2275
f 2277//2277 2276//2276 2278//2278
f 2275//2275 2278//2278 2276//2276
f 2277//2277 2279//2279 2280//2280
f 2279//2279 2277//2277 2278//2278
f 2281//2281 2282//2282 2280//2280
f 2280//2280 2279//2279 2281//2281
f 2283//2283 2282//2282 2284//2284
f 2281//2281 2284//2284 2282//2282
f 2285//2285 2283//2283 2284//2284
f 2285//2285 2286//2286 2287//2287
f 2287//2287 2283//2283 2285//2285
f 2288//2288 2289//2289 2286//2286
f 2287//2287 2286//2286 2289//2289
f 2290//2290 2288//2288 2291//2291
f 2288//2288 2290//2290 2289//2289
f 2291//2291 2292//2292 2293//2293
f 2293//2293 2290//2290 2291//2291
f 2294//2294 2295//2295 2292//2292
f 2293//2293 2292//2292 2295//2295
f 2296//2296 2294//2294 2297//2297
f 2294//2294 2296//2296 2295//2295
f 2297//2297 2298//2298 2299//2299
f 2299//2299 2296//2296 2297//2297
f 2300//2300 2301//2301 2298//2298
f 2299//2299 2298//2298 2301//2301
f 2302//2302 2300//2300 2303//2303
f 2300//2300 2302//2302 2301//2301
f 2304//2304 2302//2302 2303//2303
f 2305//2305 2306//2306 2304//2304
f 2304//2304 2303//2303 2305//2305
f 2307//2307 2306//2306 2308//2308
f 2305//2305 2308//2308 2306//2306
f 2307//2307 2309//2309 2310//2310
f 2309//2309 2307//2307 2308//2308
f 2311//2311 2312//2312 2310//2310
f 2310//2310 2309//2309 2311//2311
f 2313//2313 2312//2312 2314//2314
f 2311//2311 2314//2314 2312//2312
f 2313//2313 2315//2315 2316//2316
f 2315//2315 2313//2313 2314//2314
f 2317//2317 2195//2195 2316//2316
f 2316//2316 2315//2315 2317//2317
f 2318//2318 2319//2319 2320//2320
f 2317//2317 2193//2193 2195//2195
f 2228//2228 2225//2225 2321//2321
f 2322//2322 2323//2323 2324//2324
f 2223//2223 2224//2224 2220//2220
f 2215//2215 2219//2219 2218//2218
f 2205//2205 2209//2209 2208//2208
f 2210//2210 2213//2213 2214//2214
f 2197//2197 2196//2196 2199//2199
f 2204//2204 2200//2200 2203//2203
f 2325//2325 2326//2326 2327//2327
f 2328//2328 2198//2198 2329//2329
f 2330//2330 2327//2327 2331//2331
f 2332//2332 2333//2333 2330//2330
f 2330//2330 2331//2331 2332//2332
f 2334//2334 2333//2333 2335//2335
f 2332//2332 2335//2335 2333//2333
f 2334//2334 2336//2336 2337//2337
f 2336//2336 2334//2334 2335//2335
f 2337//2337 2336//2336 2338//2338
f 2339//2339 2340//2340 2338//2338
f 2337//2337 2338//2338 2340//2340
f 2267//2267 2339//2339 2265//2265
f 2339//2339 2267//2267 2340//2340
f 2326//2326 2325//2325 2329//2329
f 2327//2327 2326//2326 2331//2331
f 2328//2328 2196//2196 2198//2198
f 2325//2325 2328//2328 2329//2329
f 2341//2341 2228//2228 2321//2321
f 2323//2323 2322//2322 2341//2341
f 2341//2341 2321//2321 2323//2323
f 2322//2322 2324//2324 2318//2318
f 2319//2319 2194//2194 2320//2320
f 2324//2324 2319//2319 2318//2318
f 2193//2193 2320//2320 2194//2194
f 2342//2342 2343//2343 2344//2344
f 2345//2345 2346//2346 2347//2347
f 2342//2342 2348//2348 2343//2343
f 2349//2349 2348//2348 2342//2342
f 2350//2350 2344//2344 2351//2351
f 2351//2351 2344//2344 2343//2343
f 2352//2352 2353//2353 2350//2350
f 2350//2350 2351//2351 2352//2352
f 2354//2354 2355//2355 2346//2346
f 2356//2356 2353//2353 2352//2352
f 2357//2357 2345//2345 2358//2358
f 2359//2359 2360//2360 2361//2361
f 2357//2357 2362//2362 2361//2361
f 2362//2362 2357//2357 2358//2358
f 2359//2359 2361//2361 2362//2362
f 2347//2347 2346//2346 2355//2355
f 2345//2345 2347//2347 2358//2358
f 2363//2363 2356//2356 2354//2354
f 2354//2354 2356//2356 2355//2355
f 2364//2364 2365//2365 2366//2366
f 2356//2356 2363//2363 2365//2365
f 2366//2366 2367//2367 2364//2364
f 2368//2368 2369//2369 2370//2370
f 2371//2371 2367//2367 2370//2370
f 2372//2372 2369//2369 2368//2368
f 2364//2364 2367//2367 2371//2371
f 2370//2370 2369//2369 2371//2371
f 2365//2365 2353//2353 2356//2356
f 2365//2365 2363//2363 2366//2366
f 2373//2373 2353//2353 2374//2374
f 2365//2365 2374//2374 2353//2353
f 2375//2375 2376//2376 2377//2377
f 2373//2373 2374//2374 2378//2378
f 2379//2379 2380//2380 2381//2381
f 2382//2382 2383//2383 2377//2377
f 2383//2383 2379//2379 2381//2381
f 2380//2380 2384//2384 2381//2381
f 2377//2377 2376//2376 2382//2382
f 2383//2383 2382//2382 2379//2379
f 2373//2373 2378//2378 2375//2375
f 2378//2378 2376//2376 2375//2375
f 2323//2323 2385//2385 2386//2386
f 2387//2387 2388//2388 2389//2389
f 2390//2390 2391//2391 2340//2340
f 2392//2392 2393//2393 2319//2319
f 2394//2394 2395//2395 2396//2396
f 2397//2397 2195//2195 2398//2398
f 2399//2399 2394//2394 2400//2400
f 2401//2401 2402//2402 2313//2313
f 2403//2403 2404//2404 2405//2405
f 2401//2401 2316//2316 2397//2397
f 2406//2406 2407//2407 2310//2310
f 2408//2408 2409//2409 2410//2410
f 2411//2411 2412//2412 2413//2413
f 2400//2400 2414//2414 2415//2415
f 2393//2393 2398//2398 2194//2194
f 2266//2266 2416//2416 2417//2417
f 2418//2418 2419//2419 2420//2420
f 2420//2420 2421//2421 2414//2414
f 2392//2392 2324//2324 2386//2386
f 2422//2422 2423//2423 2424//2424
f 2425//2425 2422//2422 2426//2426
f 2427//2427 2403//2403 2428//2428
f 2321//2321 2429//2429 2385//2385
f 2312//2312 2402//2402 2406//2406
f 2430//2430 2431//2431 2432//2432
f 2433//2433 2434//2434 2435//2435
f 2436//2436 2223//2223 2437//2437
f 2213//2213 2209//2209 2438//2438
f 2213//2213 2439//2439 2215//2215
f 2439//2439 2213//2213 2438//2438
f 2203//2203 2440//2440 2205//2205
f 2205//2205 2441//2441 2209//2209
f 2209//2209 2441//2441 2438//2438
f 2442//2442 2443//2443 2434//2434
f 2215//2215 2439//2439 2444//2444
f 2445//2445 2446//2446 2442//2442
f 2219//2219 2444//2444 2437//2437
f 2442//2442 2447//2447 2443//2443
f 2447//2447 2442//2442 2446//2446
f 2430//2430 2443//2443 2447//2447
f 2448//2448 2433//2433 2449//2449
f 2426//2426 2448//2448 2450//2450
f 2436//2436 2429//2429 2225//2225
f 2451//2451 2452//2452 2428//2428
f 2453//2453 2454//2454 2455//2455
f 2451//2451 2455//2455 2456//2456
f 2457//2457 2453//2453 2458//2458
f 2459//2459 2307//2307 2407//2407
f 2306//2306 2459//2459 2460//2460
f 2458//2458 2461//2461 2462//2462
f 2463//2463 2461//2461 2464//2464
f 2465//2465 2304//2304 2460//2460
f 2466//2466 2301//2301 2467//2467
f 2302//2302 2465//2465 2467//2467
f 2458//2458 2468//2468 2461//2461
f 2464//2464 2461//2461 2469//2469
f 2470//2470 2299//2299 2466//2466
f 2471//2471 2464//2464 2472//2472
f 2296//2296 2470//2470 2473//2473
f 2474//2474 2475//2475 2476//2476
f 2295//2295 2473//2473 2477//2477
f 2478//2478 2471//2471 2479//2479
f 2477//2477 2480//2480 2293//2293
f 2478//2478 2481//2481 2482//2482
f 2483//2483 2290//2290 2480//2480
f 2484//2484 2485//2485 2482//2482
f 2289//2289 2483//2483 2486//2486
f 2487//2487 2485//2485 2488//2488
f 2486//2486 2489//2489 2287//2287
f 2487//2487 2490//2490 2491//2491
f 2492//2492 2283//2283 2489//2489
f 2493//2493 2494//2494 2491//2491
f 2282//2282 2492//2492 2495//2495
f 2496//2496 2494//2494 2497//2497
f 2495//2495 2498//2498 2280//2280
f 2496//2496 2499//2499 2500//2500
f 2501//2501 2277//2277 2498//2498
f 2502//2502 2503//2503 2500//2500
f 2504//2504 2503//2503 2505//2505
f 2506//2506 2507//2507 2504//2504
f 2508//2508 2276//2276 2501//2501
f 2509//2509 2507//2507 2510//2510
f 2274//2274 2508//2508 2511//2511
f 2509//2509 2512//2512 2513//2513
f 2511//2511 2514//2514 2271//2271
f 2515//2515 2516//2516 2517//2517
f 2518//2518 2270//2270 2514//2514
f 2519//2519 2202//2202 2520//2520
f 2268//2268 2518//2518 2521//2521
f 2522//2522 2523//2523 2217//2217
f 2524//2524 2525//2525 2526//2526
f 2527//2527 2528//2528 2529//2529
f 2523//2523 2530//2530 2221//2221
f 2531//2531 2238//2238 2532//2532
f 2533//2533 2534//2534 2527//2527
f 2535//2535 2536//2536 2242//2242
f 2537//2537 2538//2538 2539//2539
f 2540//2540 2541//2541 2542//2542
f 2543//2543 2544//2544 2545//2545
f 2546//2546 2249//2249 2547//2547
f 2548//2548 2549//2549 2550//2550
f 2551//2551 2552//2552 2255//2255
f 2553//2553 2554//2554 2413//2413
f 2261//2261 2555//2555 2556//2556
f 2557//2557 2558//2558 2559//2559
f 2390//2390 2267//2267 2417//2417
f 2560//2560 2561//2561 2562//2562
f 2563//2563 2561//2561 2557//2557
f 2564//2564 2565//2565 2330//2330
f 2566//2566 2567//2567 2560//2560
f 2568//2568 2569//2569 2570//2570
f 2327//2327 2565//2565 2571//2571
f 2572//2572 2573//2573 2570//2570
f 2325//2325 2571//2571 2574//2574
f 2575//2575 2576//2576 2577//2577
f 2578//2578 2431//2431 2430//2430
f 2576//2576 2579//2579 2577//2577
f 2580//2580 2581//2581 2576//2576
f 2582//2582 2476//2476 2475//2475
f 2583//2583 2328//2328 2574//2574
f 2584//2584 2199//2199 2583//2583
f 2585//2585 2586//2586 2441//2441
f 2440//2440 2585//2585 2441//2441
f 2441//2441 2205//2205 2440//2440
f 2587//2587 2568//2568 2567//2567
f 2581//2581 2474//2474 2588//2588
f 2589//2589 2590//2590 2334//2334
f 2564//2564 2333//2333 2590//2590
f 2558//2558 2591//2591 2592//2592
f 2337//2337 2391//2391 2589//2589
f 2593//2593 2591//2591 2412//2412
f 2556//2556 2416//2416 2263//2263
f 2594//2594 2549//2549 2595//2595
f 2553//2553 2594//2594 2596//2596
f 2256//2256 2552//2552 2597//2597
f 2258//2258 2597//2597 2555//2555
f 2598//2598 2599//2599 2550//2550
f 2600//2600 2601//2601 2231//2231
f 2531//2531 2602//2602 2239//2239
f 2543//2543 2603//2603 2598//2598
f 2530//2530 2600//2600 2227//2227
f 2604//2604 2533//2533 2529//2529
f 2605//2605 2252//2252 2546//2546
f 2551//2551 2254//2254 2605//2605
f 2606//2606 2540//2540 2607//2607
f 2544//2544 2606//2606 2608//2608
f 2245//2245 2536//2536 2609//2609
f 2246//2246 2609//2609 2547//2547
f 2610//2610 2611//2611 2538//2538
f 2611//2611 2612//2612 2541//2541
f 2602//2602 2535//2535 2240//2240
f 2613//2613 2539//2539 2604//2604
f 2234//2234 2601//2601 2614//2614
f 2236//2236 2614//2614 2532//2532
f 2615//2615 2616//2616 2617//2617
f 2408//2408 2618//2618 2527//2527
f 2617//2617 2619//2619 2526//2526
f 2620//2620 2206//2206 2519//2519
f 2620//2620 2522//2522 2211//2211
f 2389//2389 2621//2621 2622//2622
f 2621//2621 2525//2525 2623//2623
f 2521//2521 2624//2624 2192//2192
f 2190//2190 2624//2624 2520//2520
f 2515//2515 2388//2388 2625//2625
f 2586//2586 2445//2445 2438//2438
f 2438//2438 2441//2441 2586//2586
f 2434//2434 2443//2443 2435//2435
f 2586//2586 2446//2446 2445//2445
f 2626//2626 2439//2439 2445//2445
f 2432//2432 2443//2443 2430//2430
f 2442//2442 2434//2434 2626//2626
f 2432//2432 2435//2435 2443//2443
f 2627//2627 2432//2432 2628//2628
f 2432//2432 2431//2431 2628//2628
f 2438//2438 2445//2445 2439//2439
f 2219//2219 2215//2215 2444//2444
f 2435//2435 2449//2449 2433//2433
f 2445//2445 2442//2442 2626//2626
f 2629//2629 2444//2444 2626//2626
f 2630//2630 2435//2435 2432//2432
f 2629//2629 2434//2434 2433//2433
f 2630//2630 2449//2449 2435//2435
f 2631//2631 2630//2630 2627//2627
f 2432//2432 2627//2627 2630//2630
f 2439//2439 2626//2626 2444//2444
f 2223//2223 2219//2219 2437//2437
f 2632//2632 2450//2450 2633//2633
f 2626//2626 2434//2434 2629//2629
f 2634//2634 2437//2437 2629//2629
f 2633//2633 2449//2449 2630//2630
f 2634//2634 2433//2433 2448//2448
f 2448//2448 2449//2449 2450//2450
f 2635//2635 2633//2633 2631//2631
f 2630//2630 2631//2631 2633//2633
f 2444//2444 2629//2629 2437//2437
f 2225//2225 2223//2223 2436//2436
f 2636//2636 2425//2425 2632//2632
f 2629//2629 2433//2433 2634//2634
f 2637//2637 2436//2436 2634//2634
f 2449//2449 2633//2633 2450//2450
f 2637//2637 2448//2448 2426//2426
f 2633//2633 2635//2635 2632//2632
f 2450//2450 2425//2425 2426//2426
f 2638//2638 2632//2632 2635//2635
f 2437//2437 2634//2634 2436//2436
f 2321//2321 2225//2225 2429//2429
f 2639//2639 2423//2423 2636//2636
f 2634//2634 2448//2448 2637//2637
f 2640//2640 2429//2429 2637//2637
f 2450//2450 2632//2632 2425//2425
f 2640//2640 2426//2426 2422//2422
f 2632//2632 2638//2638 2636//2636
f 2425//2425 2423//2423 2422//2422
f 2641//2641 2636//2636 2638//2638
f 2436//2436 2637//2637 2429//2429
f 2323//2323 2321//2321 2385//2385
f 2419//2419 2418//2418 2639//2639
f 2637//2637 2426//2426 2640//2640
f 2642//2642 2385//2385 2640//2640
f 2425//2425 2636//2636 2423//2423
f 2642//2642 2422//2422 2424//2424
f 2636//2636 2641//2641 2639//2639
f 2423//2423 2418//2418 2424//2424
f 2643//2643 2639//2639 2641//2641
f 2429//2429 2640//2640 2385//2385
f 2324//2324 2323//2323 2386//2386
f 2421//2421 2420//2420 2419//2419
f 2640//2640 2422//2422 2642//2642
f 2644//2644 2386//2386 2642//2642
f 2423//2423 2639//2639 2418//2418
f 2644//2644 2424//2424 2645//2645
f 2639//2639 2643//2643 2419//2419
f 2418//2418 2420//2420 2645//2645
f 2646//2646 2419//2419 2643//2643
f 2385//2385 2642//2642 2386//2386
f 2319//2319 2324//2324 2392//2392
f 2424//2424 2418//2418 2645//2645
f 2642//2642 2424//2424 2644//2644
f 2392//2392 2644//2644 2647//2647
f 2421//2421 2415//2415 2414//2414
f 2647//2647 2645//2645 2648//2648
f 2419//2419 2646//2646 2421//2421
f 2420//2420 2414//2414 2648//2648
f 2649//2649 2421//2421 2646//2646
f 2386//2386 2644//2644 2392//2392
f 2194//2194 2319//2319 2393//2393
f 2645//2645 2420//2420 2648//2648
f 2644//2644 2645//2645 2647//2647
f 2393//2393 2647//2647 2650//2650
f 2415//2415 2399//2399 2400//2400
f 2650//2650 2648//2648 2651//2651
f 2421//2421 2649//2649 2415//2415
f 2414//2414 2400//2400 2651//2651
f 2652//2652 2415//2415 2649//2649
f 2392//2392 2647//2647 2393//2393
f 2195//2195 2194//2194 2398//2398
f 2648//2648 2414//2414 2651//2651
f 2647//2647 2648//2648 2650//2650
f 2398//2398 2650//2650 2653//2653
f 2399//2399 2395//2395 2394//2394
f 2653//2653 2651//2651 2654//2654
f 2415//2415 2652//2652 2399//2399
f 2400//2400 2394//2394 2654//2654
f 2655//2655 2399//2399 2652//2652
f 2393//2393 2650//2650 2398//2398
f 2316//2316 2195//2195 2397//2397
f 2651//2651 2400//2400 2654//2654
f 2650//2650 2651//2651 2653//2653
f 2397//2397 2653//2653 2656//2656
f 2395//2395 2657//2657 2396//2396
f 2656//2656 2654//2654 2658//2658
f 2399//2399 2655//2655 2395//2395
f 2394//2394 2396//2396 2658//2658
f 2659//2659 2395//2395 2655//2655
f 2398//2398 2653//2653 2397//2397
f 2313//2313 2316//2316 2401//2401
f 2654//2654 2394//2394 2658//2658
f 2653//2653 2654//2654 2656//2656
f 2401//2401 2656//2656 2660//2660
f 2657//2657 2661//2661 2662//2662
f 2660//2660 2658//2658 2405//2405
f 2395//2395 2659//2659 2657//2657
f 2657//2657 2662//2662 2396//2396
f 2663//2663 2657//2657 2659//2659
f 2397//2397 2656//2656 2401//2401
f 2312//2312 2313//2313 2402//2402
f 2658//2658 2396//2396 2405//2405
f 2656//2656 2658//2658 2660//2660
f 2402//2402 2660//2660 2404//2404
f 2664//2664 2665//2665 2661//2661
f 2661//2661 2657//2657 2663//2663
f 2396//2396 2662//2662 2405//2405
f 2661//2661 2666//2666 2662//2662
f 2664//2664 2661//2661 2663//2663
f 2401//2401 2660//2660 2402//2402
f 2310//2310 2312//2312 2406//2406
f 2405//2405 2662//2662 2403//2403
f 2660//2660 2405//2405 2404//2404
f 2406//2406 2404//2404 2427//2427
f 2667//2667 2668//2668 2665//2665
f 2661//2661 2665//2665 2666//2666
f 2662//2662 2666//2666 2403//2403
f 2665//2665 2669//2669 2666//2666
f 2664//2664 2667//2667 2665//2665
f 2402//2402 2404//2404 2406//2406
f 2307//2307 2310//2310 2407//2407
f 2403//2403 2666//2666 2428//2428
f 2404//2404 2403//2403 2427//2427
f 2407//2407 2427//2427 2452//2452
f 2670//2670 2671//2671 2668//2668
f 2665//2665 2668//2668 2669//2669
f 2666//2666 2669//2669 2428//2428
f 2668//2668 2672//2672 2669//2669
f 2667//2667 2670//2670 2668//2668
f 2406//2406 2427//2427 2407//2407
f 2306//2306 2307//2307 2459//2459
f 2428//2428 2669//2669 2451//2451
f 2427//2427 2428//2428 2452//2452
f 2459//2459 2452//2452 2456//2456
f 2673//2673 2674//2674 2671//2671
f 2668//2668 2671//2671 2672//2672
f 2669//2669 2672//2672 2451//2451
f 2671//2671 2675//2675 2672//2672
f 2670//2670 2673//2673 2671//2671
f 2407//2407 2452//2452 2459//2459
f 2304//2304 2306//2306 2460//2460
f 2451//2451 2672//2672 2455//2455
f 2452//2452 2451//2451 2456//2456
f 2460//2460 2456//2456 2454//2454
f 2676//2676 2677//2677 2674//2674
f 2671//2671 2674//2674 2675//2675
f 2672//2672 2675//2675 2455//2455
f 2674//2674 2678//2678 2675//2675
f 2673//2673 2676//2676 2674//2674
f 2459//2459 2456//2456 2460//2460
f 2302//2302 2304//2304 2465//2465
f 2455//2455 2675//2675 2453//2453
f 2456//2456 2455//2455 2454//2454
f 2465//2465 2454//2454 2457//2457
f 2679//2679 2680//2680 2677//2677
f 2674//2674 2677//2677 2678//2678
f 2675//2675 2678//2678 2453//2453
f 2677//2677 2468//2468 2678//2678
f 2676//2676 2679//2679 2677//2677
f 2460//2460 2454//2454 2465//2465
f 2301//2301 2302//2302 2467//2467
f 2453//2453 2678//2678 2458//2458
f 2454//2454 2453//2453 2457//2457
f 2467//2467 2457//2457 2462//2462
f 2681//2681 2682//2682 2680//2680
f 2677//2677 2680//2680 2468//2468
f 2678//2678 2468//2468 2458//2458
f 2680//2680 2469//2469 2468//2468
f 2679//2679 2681//2681 2680//2680
f 2465//2465 2457//2457 2467//2467
f 2299//2299 2301//2301 2466//2466
f 2471//2471 2683//2683 2464//2464
f 2457//2457 2458//2458 2462//2462
f 2466//2466 2462//2462 2463//2463
f 2684//2684 2685//2685 2682//2682
f 2680//2680 2682//2682 2469//2469
f 2468//2468 2469//2469 2461//2461
f 2682//2682 2472//2472 2469//2469
f 2681//2681 2684//2684 2682//2682
f 2467//2467 2462//2462 2466//2466
f 2296//2296 2299//2299 2470//2470
f 2478//2478 2686//2686 2471//2471
f 2462//2462 2461//2461 2463//2463
f 2683//2683 2470//2470 2463//2463
f 2687//2687 2688//2688 2685//2685
f 2682//2682 2685//2685 2472//2472
f 2469//2469 2472//2472 2464//2464
f 2685//2685 2479//2479 2472//2472
f 2684//2684 2687//2687 2685//2685
f 2466//2466 2463//2463 2470//2470
f 2295//2295 2296//2296 2473//2473
f 2482//2482 2689//2689 2478//2478
f 2463//2463 2464//2464 2683//2683
f 2686//2686 2473//2473 2683//2683
f 2690//2690 2691//2691 2688//2688
f 2685//2685 2688//2688 2479//2479
f 2472//2472 2479//2479 2471//2471
f 2688//2688 2481//2481 2479//2479
f 2687//2687 2690//2690 2688//2688
f 2470//2470 2683//2683 2473//2473
f 2293//2293 2295//2295 2477//2477
f 2484//2484 2481//2481 2691//2691
f 2683//2683 2471//2471 2686//2686
f 2689//2689 2477//2477 2686//2686
f 2692//2692 2693//2693 2691//2691
f 2688//2688 2691//2691 2481//2481
f 2479//2479 2481//2481 2478//2478
f 2481//2481 2484//2484 2482//2482
f 2690//2690 2692//2692 2691//2691
f 2473//2473 2686//2686 2477//2477
f 2290//2290 2293//2293 2480//2480
f 2488//2488 2484//2484 2693//2693
f 2686//2686 2478//2478 2689//2689
f 2694//2694 2480//2480 2689//2689
f 2484//2484 2691//2691 2693//2693
f 2694//2694 2482//2482 2485//2485
f 2484//2484 2488//2488 2485//2485
f 2695//2695 2696//2696 2693//2693
f 2693//2693 2692//2692 2695//2695
f 2477//2477 2689//2689 2480//2480
f 2289//2289 2290//2290 2483//2483
f 2697//2697 2490//2490 2696//2696
f 2689//2689 2482//2482 2694//2694
f 2698//2698 2483//2483 2694//2694
f 2488//2488 2693//2693 2696//2696
f 2698//2698 2485//2485 2487//2487
f 2487//2487 2488//2488 2490//2490
f 2699//2699 2696//2696 2700//2700
f 2696//2696 2695//2695 2700//2700
f 2480//2480 2694//2694 2483//2483
f 2287//2287 2289//2289 2486//2486
f 2701//2701 2493//2493 2697//2697
f 2694//2694 2485//2485 2698//2698
f 2702//2702 2486//2486 2698//2698
f 2488//2488 2696//2696 2490//2490
f 2702//2702 2487//2487 2491//2491
f 2696//2696 2699//2699 2697//2697
f 2490//2490 2493//2493 2491//2491
f 2703//2703 2697//2697 2699//2699
f 2483//2483 2698//2698 2486//2486
f 2283//2283 2287//2287 2489//2489
f 2704//2704 2497//2497 2701//2701
f 2698//2698 2487//2487 2702//2702
f 2705//2705 2489//2489 2702//2702
f 2490//2490 2697//2697 2493//2493
f 2705//2705 2491//2491 2494//2494
f 2697//2697 2703//2703 2701//2701
f 2493//2493 2497//2497 2494//2494
f 2706//2706 2701//2701 2703//2703
f 2486//2486 2702//2702 2489//2489
f 2282//2282 2283//2283 2492//2492
f 2707//2707 2499//2499 2704//2704
f 2702//2702 2491//2491 2705//2705
f 2708//2708 2492//2492 2705//2705
f 2493//2493 2701//2701 2497//2497
f 2708//2708 2494//2494 2496//2496
f 2701//2701 2706//2706 2704//2704
f 2497//2497 2499//2499 2496//2496
f 2709//2709 2704//2704 2706//2706
f 2489//2489 2705//2705 2492//2492
f 2280//2280 2282//2282 2495//2495
f 2710//2710 2502//2502 2707//2707
f 2705//2705 2494//2494 2708//2708
f 2711//2711 2495//2495 2708//2708
f 2497//2497 2704//2704 2499//2499
f 2711//2711 2496//2496 2500//2500
f 2704//2704 2709//2709 2707//2707
f 2499//2499 2502//2502 2500//2500
f 2712//2712 2707//2707 2709//2709
f 2492//2492 2708//2708 2495//2495
f 2277//2277 2280//2280 2498//2498
f 2713//2713 2505//2505 2710//2710
f 2708//2708 2496//2496 2711//2711
f 2714//2714 2498//2498 2711//2711
f 2499//2499 2707//2707 2502//2502
f 2714//2714 2500//2500 2503//2503
f 2707//2707 2712//2712 2710//2710
f 2502//2502 2505//2505 2503//2503
f 2715//2715 2710//2710 2712//2712
f 2495//2495 2711//2711 2498//2498
f 2276//2276 2277//2277 2501//2501
f 2716//2716 2506//2506 2713//2713
f 2711//2711 2500//2500 2714//2714
f 2717//2717 2501//2501 2714//2714
f 2502//2502 2710//2710 2505//2505
f 2717//2717 2503//2503 2504//2504
f 2710//2710 2715//2715 2713//2713
f 2713//2713 2506//2506 2505//2505
f 2718//2718 2713//2713 2715//2715
f 2498//2498 2714//2714 2501//2501
f 2274//2274 2276//2276 2508//2508
f 2719//2719 2510//2510 2716//2716
f 2714//2714 2503//2503 2717//2717
f 2720//2720 2508//2508 2717//2717
f 2507//2507 2720//2720 2504//2504
f 2716//2716 2713//2713 2718//2718
f 2505//2505 2506//2506 2504//2504
f 2716//2716 2510//2510 2506//2506
f 2721//2721 2716//2716 2718//2718
f 2501//2501 2717//2717 2508//2508
f 2271//2271 2274//2274 2511//2511
f 2722//2722 2512//2512 2719//2719
f 2717//2717 2504//2504 2720//2720
f 2723//2723 2511//2511 2720//2720
f 2509//2509 2723//2723 2507//2507
f 2719//2719 2716//2716 2721//2721
f 2506//2506 2510//2510 2507//2507
f 2719//2719 2512//2512 2510//2510
f 2724//2724 2719//2719 2721//2721
f 2508//2508 2720//2720 2511//2511
f 2270//2270 2271//2271 2514//2514
f 2725//2725 2726//2726 2722//2722
f 2720//2720 2507//2507 2723//2723
f 2727//2727 2514//2514 2723//2723
f 2513//2513 2727//2727 2509//2509
f 2722//2722 2719//2719 2724//2724
f 2510//2510 2512//2512 2509//2509
f 2722//2722 2726//2726 2512//2512
f 2728//2728 2722//2722 2724//2724
f 2511//2511 2723//2723 2514//2514
f 2268//2268 2270//2270 2518//2518
f 2729//2729 2730//2730 2725//2725
f 2723//2723 2509//2509 2727//2727
f 2731//2731 2518//2518 2727//2727
f 2517//2517 2731//2731 2513//2513
f 2725//2725 2722//2722 2728//2728
f 2512//2512 2726//2726 2513//2513
f 2725//2725 2730//2730 2726//2726
f 2732//2732 2725//2725 2728//2728
f 2514//2514 2727//2727 2518//2518
f 2192//2192 2268//2268 2521//2521
f 2513//2513 2726//2726 2517//2517
f 2727//2727 2513//2513 2731//2731
f 2521//2521 2731//2731 2516//2516
f 2729//2729 2733//2733 2734//2734
f 2729//2729 2725//2725 2732//2732
f 2726//2726 2730//2730 2517//2517
f 2729//2729 2734//2734 2730//2730
f 2735//2735 2729//2729 2732//2732
f 2518//2518 2731//2731 2521//2521
f 2190//2190 2192//2192 2624//2624
f 2517//2517 2730//2730 2515//2515
f 2731//2731 2517//2517 2516//2516
f 2624//2624 2516//2516 2625//2625
f 2733//2733 2736//2736 2737//2737
f 2733//2733 2729//2729 2735//2735
f 2730//2730 2734//2734 2515//2515
f 2733//2733 2737//2737 2734//2734
f 2738//2738 2733//2733 2735//2735
f 2521//2521 2516//2516 2624//2624
f 2202//2202 2190//2190 2520//2520
f 2515//2515 2734//2734 2388//2388
f 2516//2516 2515//2515 2625//2625
f 2520//2520 2625//2625 2387//2387
f 2736//2736 2739//2739 2740//2740
f 2736//2736 2733//2733 2738//2738
f 2734//2734 2737//2737 2388//2388
f 2736//2736 2740//2740 2737//2737
f 2741//2741 2736//2736 2738//2738
f 2624//2624 2625//2625 2520//2520
f 2206//2206 2202//2202 2519//2519
f 2388//2388 2737//2737 2389//2389
f 2625//2625 2388//2388 2387//2387
f 2519//2519 2387//2387 2622//2622
f 2742//2742 2743//2743 2739//2739
f 2739//2739 2736//2736 2741//2741
f 2737//2737 2740//2740 2389//2389
f 2739//2739 2744//2744 2740//2740
f 2742//2742 2739//2739 2741//2741
f 2520//2520 2387//2387 2519//2519
f 2211//2211 2206//2206 2620//2620
f 2389//2389 2740//2740 2621//2621
f 2387//2387 2389//2389 2622//2622
f 2623//2623 2620//2620 2622//2622
f 2745//2745 2746//2746 2743//2743
f 2739//2739 2743//2743 2744//2744
f 2740//2740 2744//2744 2621//2621
f 2743//2743 2747//2747 2744//2744
f 2742//2742 2745//2745 2743//2743
f 2519//2519 2622//2622 2620//2620
f 2217//2217 2211//2211 2522//2522
f 2621//2621 2744//2744 2525//2525
f 2622//2622 2621//2621 2623//2623
f 2524//2524 2522//2522 2623//2623
f 2748//2748 2749//2749 2746//2746
f 2743//2743 2746//2746 2747//2747
f 2744//2744 2747//2747 2525//2525
f 2746//2746 2750//2750 2747//2747
f 2745//2745 2748//2748 2746//2746
f 2620//2620 2623//2623 2522//2522
f 2221//2221 2217//2217 2523//2523
f 2525//2525 2747//2747 2526//2526
f 2623//2623 2525//2525 2524//2524
f 2619//2619 2523//2523 2524//2524
f 2751//2751 2410//2410 2749//2749
f 2746//2746 2749//2749 2750//2750
f 2747//2747 2750//2750 2526//2526
f 2749//2749 2409//2409 2750//2750
f 2748//2748 2751//2751 2749//2749
f 2522//2522 2524//2524 2523//2523
f 2227//2227 2221//2221 2530//2530
f 2526//2526 2750//2750 2617//2617
f 2524//2524 2526//2526 2619//2619
f 2616//2616 2530//2530 2619//2619
f 2752//2752 2618//2618 2410//2410
f 2749//2749 2410//2410 2409//2409
f 2750//2750 2409//2409 2617//2617
f 2409//2409 2408//2408 2615//2615
f 2751//2751 2752//2752 2410//2410
f 2523//2523 2619//2619 2530//2530
f 2231//2231 2227//2227 2600//2600
f 2617//2617 2409//2409 2615//2615
f 2619//2619 2617//2617 2616//2616
f 2753//2753 2600//2600 2616//2616
f 2754//2754 2528//2528 2618//2618
f 2753//2753 2615//2615 2534//2534
f 2534//2534 2408//2408 2527//2527
f 2752//2752 2754//2754 2618//2618
f 2410//2410 2618//2618 2408//2408
f 2530//2530 2616//2616 2600//2600
f 2234//2234 2231//2231 2601//2601
f 2615//2615 2408//2408 2534//2534
f 2616//2616 2615//2615 2753//2753
f 2755//2755 2601//2601 2753//2753
f 2756//2756 2757//2757 2528//2528
f 2755//2755 2534//2534 2533//2533
f 2533//2533 2527//2527 2529//2529
f 2754//2754 2756//2756 2528//2528
f 2618//2618 2528//2528 2527//2527
f 2600//2600 2753//2753 2601//2601
f 2236//2236 2234//2234 2614//2614
f 2529//2529 2757//2757 2613//2613
f 2753//2753 2534//2534 2755//2755
f 2758//2758 2614//2614 2755//2755
f 2759//2759 2760//2760 2757//2757
f 2758//2758 2533//2533 2604//2604
f 2604//2604 2529//2529 2613//2613
f 2756//2756 2759//2759 2757//2757
f 2528//2528 2757//2757 2529//2529
f 2601//2601 2755//2755 2614//2614
f 2238//2238 2236//2236 2532//2532
f 2613//2613 2760//2760 2537//2537
f 2755//2755 2533//2533 2758//2758
f 2761//2761 2532//2532 2758//2758
f 2762//2762 2763//2763 2760//2760
f 2761//2761 2604//2604 2539//2539
f 2539//2539 2613//2613 2537//2537
f 2759//2759 2762//2762 2760//2760
f 2757//2757 2760//2760 2613//2613
f 2614//2614 2758//2758 2532//2532
f 2239//2239 2238//2238 2531//2531
f 2537//2537 2763//2763 2610//2610
f 2758//2758 2604//2604 2761//2761
f 2764//2764 2531//2531 2761//2761
f 2765//2765 2766//2766 2763//2763
f 2764//2764 2539//2539 2538//2538
f 2538//2538 2537//2537 2610//2610
f 2762//2762 2765//2765 2763//2763
f 2760//2760 2763//2763 2537//2537
f 2532//2532 2761//2761 2531//2531
f 2240//2240 2239//2239 2602//2602
f 2541//2541 2767//2767 2611//2611
f 2761//2761 2539//2539 2764//2764
f 2768//2768 2602//2602 2764//2764
f 2769//2769 2770//2770 2766//2766
f 2768//2768 2538//2538 2611//2611
f 2610//2610 2766//2766 2612//2612
f 2765//2765 2769//2769 2766//2766
f 2763//2763 2766//2766 2610//2610
f 2531//2531 2764//2764 2602//2602
f 2242//2242 2240//2240 2535//2535
f 2540//2540 2771//2771 2541//2541
f 2764//2764 2538//2538 2768//2768
f 2768//2768 2767//2767 2535//2535
f 2772//2772 2773//2773 2770//2770
f 2766//2766 2770//2770 2612//2612
f 2610//2610 2612//2612 2611//2611
f 2770//2770 2542//2542 2612//2612
f 2769//2769 2772//2772 2770//2770
f 2602//2602 2768//2768 2535//2535
f 2245//2245 2242//2242 2536//2536
f 2606//2606 2774//2774 2540//2540
f 2768//2768 2611//2611 2767//2767
f 2767//2767 2771//2771 2536//2536
f 2775//2775 2776//2776 2773//2773
f 2770//2770 2773//2773 2542//2542
f 2612//2612 2542//2542 2541//2541
f 2773//2773 2607//2607 2542//2542
f 2772//2772 2775//2775 2773//2773
f 2535//2535 2767//2767 2536//2536
f 2246//2246 2245//2245 2609//2609
f 2544//2544 2777//2777 2606//2606
f 2767//2767 2541//2541 2771//2771
f 2771//2771 2774//2774 2609//2609
f 2778//2778 2779//2779 2776//2776
f 2773//2773 2776//2776 2607//2607
f 2542//2542 2607//2607 2540//2540
f 2776//2776 2608//2608 2607//2607
f 2775//2775 2778//2778 2776//2776
f 2536//2536 2771//2771 2609//2609
f 2249//2249 2246//2246 2547//2547
f 2543//2543 2780//2780 2544//2544
f 2771//2771 2540//2540 2774//2774
f 2774//2774 2777//2777 2547//2547
f 2781//2781 2782//2782 2779//2779
f 2776//2776 2779//2779 2608//2608
f 2607//2607 2608//2608 2606//2606
f 2779//2779 2545//2545 2608//2608
f 2778//2778 2781//2781 2779//2779
f 2609//2609 2774//2774 2547//2547
f 2252//2252 2249//2249 2546//2546
f 2598//2598 2783//2783 2543//2543
f 2774//2774 2606//2606 2777//2777
f 2777//2777 2780//2780 2546//2546
f 2784//2784 2785//2785 2782//2782
f 2779//2779 2782//2782 2545//2545
f 2608//2608 2545//2545 2544//2544
f 2782//2782 2603//2603 2545//2545
f 2781//2781 2784//2784 2782//2782
f 2547//2547 2777//2777 2546//2546
f 2254//2254 2252//2252 2605//2605
f 2550//2550 2786//2786 2598//2598
f 2777//2777 2544//2544 2780//2780
f 2780//2780 2783//2783 2605//2605
f 2787//2787 2788//2788 2785//2785
f 2782//2782 2785//2785 2603//2603
f 2545//2545 2603//2603 2543//2543
f 2785//2785 2599//2599 2603//2603
f 2784//2784 2787//2787 2785//2785
f 2546//2546 2780//2780 2605//2605
f 2255//2255 2254//2254 2551//2551
f 2549//2549 2789//2789 2550//2550
f 2780//2780 2543//2543 2783//2783
f 2783//2783 2786//2786 2551//2551
f 2790//2790 2791//2791 2788//2788
f 2785//2785 2788//2788 2599//2599
f 2603//2603 2599//2599 2598//2598
f 2788//2788 2548//2548 2599//2599
f 2787//2787 2790//2790 2788//2788
f 2605//2605 2783//2783 2551//2551
f 2256//2256 2255//2255 2552//2552
f 2594//2594 2792//2792 2549//2549
f 2783//2783 2598//2598 2786//2786
f 2786//2786 2789//2789 2552//2552
f 2793//2793 2794//2794 2791//2791
f 2788//2788 2791//2791 2548//2548
f 2599//2599 2548//2548 2550//2550
f 2791//2791 2595//2595 2548//2548
f 2790//2790 2793//2793 2791//2791
f 2551//2551 2786//2786 2552//2552
f 2258//2258 2256//2256 2597//2597
f 2595//2595 2596//2596 2594//2594
f 2786//2786 2550//2550 2789//2789
f 2789//2789 2792//2792 2597//2597
f 2795//2795 2796//2796 2794//2794
f 2791//2791 2794//2794 2595//2595
f 2548//2548 2595//2595 2549//2549
f 2794//2794 2596//2596 2595//2595
f 2793//2793 2795//2795 2794//2794
f 2552//2552 2789//2789 2597//2597
f 2261//2261 2258//2258 2555//2555
f 2596//2596 2554//2554 2553//2553
f 2789//2789 2549//2549 2792//2792
f 2792//2792 2797//2797 2555//2555
f 2796//2796 2596//2596 2794//2794
f 2594//2594 2553//2553 2797//2797
f 2796//2796 2554//2554 2596//2596
f 2798//2798 2799//2799 2796//2796
f 2796//2796 2795//2795 2798//2798
f 2597//2597 2792//2792 2555//2555
f 2263//2263 2261//2261 2556//2556
f 2411//2411 2554//2554 2799//2799
f 2792//2792 2594//2594 2797//2797
f 2797//2797 2800//2800 2556//2556
f 2799//2799 2554//2554 2796//2796
f 2800//2800 2553//2553 2413//2413
f 2554//2554 2411//2411 2413//2413
f 2801//2801 2799//2799 2802//2802
f 2799//2799 2798//2798 2802//2802
f 2555//2555 2797//2797 2556//2556
f 2266//2266 2263//2263 2416//2416
f 2803//2803 2593//2593 2804//2804
f 2797//2797 2553//2553 2800//2800
f 2800//2800 2805//2805 2416//2416
f 2411//2411 2799//2799 2804//2804
f 2805//2805 2413//2413 2412//2412
f 2412//2412 2411//2411 2593//2593
f 2806//2806 2804//2804 2801//2801
f 2799//2799 2801//2801 2804//2804
f 2556//2556 2800//2800 2416//2416
f 2267//2267 2266//2266 2417//2417
f 2807//2807 2592//2592 2803//2803
f 2800//2800 2413//2413 2805//2805
f 2805//2805 2808//2808 2417//2417
f 2411//2411 2804//2804 2593//2593
f 2808//2808 2412//2412 2591//2591
f 2804//2804 2806//2806 2803//2803
f 2593//2593 2592//2592 2591//2591
f 2809//2809 2803//2803 2806//2806
f 2416//2416 2805//2805 2417//2417
f 2340//2340 2267//2267 2390//2390
f 2810//2810 2559//2559 2807//2807
f 2805//2805 2412//2412 2808//2808
f 2808//2808 2811//2811 2390//2390
f 2593//2593 2803//2803 2592//2592
f 2811//2811 2591//2591 2558//2558
f 2803//2803 2809//2809 2807//2807
f 2592//2592 2559//2559 2558//2558
f 2812//2812 2807//2807 2809//2809
f 2417//2417 2808//2808 2390//2390
f 2337//2337 2340//2340 2391//2391
f 2813//2813 2563//2563 2810//2810
f 2808//2808 2591//2591 2811//2811
f 2811//2811 2814//2814 2391//2391
f 2592//2592 2807//2807 2559//2559
f 2814//2814 2558//2558 2557//2557
f 2807//2807 2812//2812 2810//2810
f 2559//2559 2563//2563 2557//2557
f 2815//2815 2810//2810 2812//2812
f 2390//2390 2811//2811 2391//2391
f 2334//2334 2337//2337 2589//2589
f 2816//2816 2562//2562 2813//2813
f 2811//2811 2558//2558 2814//2814
f 2814//2814 2817//2817 2589//2589
f 2559//2559 2810//2810 2563//2563
f 2817//2817 2557//2557 2561//2561
f 2810//2810 2815//2815 2813//2813
f 2563//2563 2562//2562 2561//2561
f 2818//2818 2813//2813 2815//2815
f 2391//2391 2814//2814 2589//2589
f 2333//2333 2334//2334 2590//2590
f 2819//2819 2566//2566 2816//2816
f 2814//2814 2557//2557 2817//2817
f 2817//2817 2820//2820 2590//2590
f 2563//2563 2813//2813 2562//2562
f 2820//2820 2561//2561 2560//2560
f 2813//2813 2818//2818 2816//2816
f 2562//2562 2566//2566 2560//2560
f 2821//2821 2816//2816 2818//2818
f 2589//2589 2817//2817 2590//2590
f 2330//2330 2333//2333 2564//2564
f 2822//2822 2587//2587 2819//2819
f 2817//2817 2561//2561 2820//2820
f 2820//2820 2823//2823 2564//2564
f 2562//2562 2816//2816 2566//2566
f 2823//2823 2560//2560 2567//2567
f 2816//2816 2821//2821 2819//2819
f 2566//2566 2587//2587 2567//2567
f 2824//2824 2819//2819 2821//2821
f 2590//2590 2820//2820 2564//2564
f 2327//2327 2330//2330 2565//2565
f 2825//2825 2569//2569 2822//2822
f 2820//2820 2560//2560 2823//2823
f 2823//2823 2826//2826 2565//2565
f 2566//2566 2819//2819 2587//2587
f 2826//2826 2567//2567 2568//2568
f 2819//2819 2824//2824 2822//2822
f 2587//2587 2569//2569 2568//2568
f 2827//2827 2822//2822 2824//2824
f 2564//2564 2823//2823 2565//2565
f 2325//2325 2327//2327 2571//2571
f 2828//2828 2572//2572 2825//2825
f 2823//2823 2567//2567 2826//2826
f 2826//2826 2829//2829 2571//2571
f 2587//2587 2822//2822 2569//2569
f 2829//2829 2568//2568 2570//2570
f 2822//2822 2827//2827 2825//2825
f 2825//2825 2572//2572 2569//2569
f 2830//2830 2825//2825 2827//2827
f 2565//2565 2826//2826 2571//2571
f 2328//2328 2325//2325 2574//2574
f 2588//2588 2831//2831 2828//2828
f 2826//2826 2568//2568 2829//2829
f 2832//2832 2574//2574 2829//2829
f 2573//2573 2832//2832 2570//2570
f 2828//2828 2825//2825 2830//2830
f 2569//2569 2572//2572 2570//2570
f 2828//2828 2831//2831 2572//2572
f 2833//2833 2828//2828 2830//2830
f 2571//2571 2829//2829 2574//2574
f 2196//2196 2328//2328 2583//2583
f 2573//2573 2831//2831 2476//2476
f 2829//2829 2570//2570 2832//2832
f 2834//2834 2583//2583 2832//2832
f 2573//2573 2476//2476 2834//2834
f 2588//2588 2828//2828 2833//2833
f 2572//2572 2831//2831 2573//2573
f 2588//2588 2474//2474 2831//2831
f 2835//2835 2588//2588 2833//2833
f 2574//2574 2832//2832 2583//2583
f 2196//2196 2583//2583 2199//2199
f 2580//2580 2575//2575 2836//2836
f 2832//2832 2573//2573 2834//2834
f 2584//2584 2834//2834 2582//2582
f 2475//2475 2580//2580 2836//2836
f 2581//2581 2588//2588 2835//2835
f 2831//2831 2474//2474 2476//2476
f 2581//2581 2580//2580 2474//2474
f 2837//2837 2581//2581 2835//2835
f 2583//2583 2834//2834 2584//2584
f 2199//2199 2584//2584 2203//2203
f 2446//2446 2585//2585 2836//2836
f 2834//2834 2476//2476 2582//2582
f 2585//2585 2440//2440 2582//2582
f 2475//2475 2836//2836 2585//2585
f 2576//2576 2581//2581 2837//2837
f 2474//2474 2580//2580 2475//2475
f 2576//2576 2575//2575 2580//2580
f 2579//2579 2576//2576 2837//2837
f 2582//2582 2440//2440 2584//2584
f 2203//2203 2584//2584 2440//2440
f 2446//2446 2586//2586 2585//2585
f 2475//2475 2585//2585 2582//2582
f 2446//2446 2836//2836 2447//2447
f 2836//2836 2575//2575 2447//2447
f 2447//2447 2575//2575 2430//2430
f 2578//2578 2430//2430 2577//2577
f 2430//2430 2575//2575 2577//2577
f 2578//2578 2577//2577 2579//2579
f 2838//2838 2839//2839 2840//2840
f 2841//2841 2842//2842 2843//2843
f 2840//2840 2844//2844 2845//2845
f 2846//2846 2847//2847 2216//2216
f 2848//2848 2849//2849 2850//2850
f 2851//2851 2212//2212 2847//2847
f 2852//2852 2853//2853 2838//2838
f 2846//2846 2222//2222 2854//2854
f 2226//2226 2855//2855 2854//2854
f 2851//2851 2856//2856 2207//2207
f 2857//2857 2858//2858 2859//2859
f 2250//2250 2251//2251 2860//2860
f 2861//2861 2862//2862 2863//2863
f 2235//2235 2864//2864 2865//2865
f 2233//2233 2865//2865 2866//2866
f 2867//2867 2868//2868 2863//2863
f 2237//2237 2869//2869 2864//2864
f 2867//2867 2870//2870 2871//2871
f 2872//2872 2859//2859 2873//2873
f 2874//2874 2870//2870 2858//2858
f 2244//2244 2875//2875 2876//2876
f 2243//2243 2876//2876 2877//2877
f 2878//2878 2873//2873 2879//2879
f 2869//2869 2241//2241 2877//2877
f 2247//2247 2880//2880 2875//2875
f 2881//2881 2232//2232 2866//2866
f 2855//2855 2230//2230 2881//2881
f 2882//2882 2883//2883 2862//2862
f 2880//2880 2248//2248 2884//2884
f 2852//2852 2883//2883 2885//2885
f 2886//2886 2887//2887 2879//2879
f 2248//2248 2250//2250 2884//2884
f 2888//2888 2878//2878 2879//2879
f 2879//2879 2887//2887 2888//2888
f 1943//1943 2889//2889 1947//1947
f 2878//2878 2889//2889 2890//2890
f 2250//2250 2860//2860 2884//2884
f 2884//2884 2891//2891 2886//2886
f 2253//2253 2892//2892 2251//2251
f 2201//2201 2856//2856 2893//2893
f 2894//2894 2850//2850 2895//2895
f 2893//2893 2896//2896 2191//2191
f 2897//2897 2894//2894 2898//2898
f 2897//2897 2899//2899 2900//2900
f 2901//2901 2229//2229 2896//2896
f 2901//2901 2902//2902 2269//2269
f 2903//2903 2900//2900 2904//2904
f 2905//2905 2272//2272 2902//2902
f 2903//2903 2906//2906 2907//2907
f 2908//2908 2909//2909 2907//2907
f 2909//2909 2910//2910 2911//2911
f 2912//2912 2273//2273 2905//2905
f 2913//2913 2914//2914 2911//2911
f 2915//2915 2916//2916 2917//2917
f 2912//2912 2918//2918 2275//2275
f 2278//2278 2918//2918 2919//2919
f 2920//2920 2921//2921 2914//2914
f 2919//2919 2922//2922 2279//2279
f 2923//2923 2921//2921 2924//2924
f 2925//2925 2281//2281 2922//2922
f 2923//2923 2926//2926 2927//2927
f 2284//2284 2925//2925 2928//2928
f 2929//2929 2930//2930 2927//2927
f 2928//2928 2931//2931 2285//2285
f 2932//2932 2930//2930 2933//2933
f 2934//2934 2286//2286 2931//2931
f 2932//2932 2935//2935 2936//2936
f 2288//2288 2934//2934 2937//2937
f 2938//2938 2939//2939 2936//2936
f 2937//2937 2940//2940 2291//2291
f 2941//2941 2939//2939 2942//2942
f 2943//2943 2292//2292 2940//2940
f 2941//2941 2944//2944 2945//2945
f 2946//2946 2947//2947 2945//2945
f 2947//2947 2948//2948 2949//2949
f 2950//2950 2294//2294 2943//2943
f 2951//2951 2952//2952 2949//2949
f 2297//2297 2950//2950 2953//2953
f 2954//2954 2952//2952 2955//2955
f 2953//2953 2956//2956 2298//2298
f 2957//2957 2954//2954 2958//2958
f 2956//2956 2959//2959 2300//2300
f 2960//2960 2961//2961 2309//2309
f 2962//2962 2303//2303 2959//2959
f 2963//2963 2964//2964 2315//2315
f 2965//2965 2966//2966 2967//2967
f 2320//2320 2968//2968 2969//2969
f 2970//2970 2971//2971 2972//2972
f 2973//2973 2974//2974 2975//2975
f 2976//2976 2977//2977 2978//2978
f 2979//2979 2980//2980 2981//2981
f 2982//2982 2228//2228 2983//2983
f 2984//2984 2985//2985 2218//2218
f 2986//2986 2987//2987 2988//2988
f 2989//2989 2210//2210 2990//2990
f 2991//2991 2992//2992 2993//2993
f 2994//2994 2995//2995 2200//2200
f 2996//2996 2997//2997 2998//2998
f 2329//2329 2999//2999 3000//3000
f 3001//3001 3002//3002 3003//3003
f 3004//3004 2332//2332 3005//3005
f 3006//3006 3007//3007 3008//3008
f 3009//3009 3007//3007 3001//3001
f 2265//2265 3010//3010 3011//3011
f 3012//3012 3013//3013 3006//3006
f 3014//3014 3015//3015 3016//3016
f 3017//3017 2264//2264 3011//3011
f 1947//1947 2889//2889 1948//1948
f 3018//3018 2262//2262 3017//3017
f 3019//3019 2021//2021 3020//3020
f 3021//3021 3022//3022 3023//3023
f 2915//2915 3024//3024 3025//3025
f 1965//1965 3019//3019 3026//3026
f 1948//1948 3020//3020 2021//2021
f 3027//3027 2257//2257 3028//3028
f 3018//3018 3028//3028 2260//2260
f 3029//3029 2892//2892 3030//3030
f 2860//2860 3029//3029 2891//2891
f 2860//2860 2251//2251 2892//2892
f 3031//3031 3014//3014 3013//3013
f 3021//3021 3016//3016 3032//3032
f 2338//2338 3033//3033 3034//3034
f 3034//3034 3010//3010 2339//2339
f 3004//3004 3035//3035 2335//2335
f 3033//3033 2336//2336 3035//3035
f 2985//2985 2990//2990 2214//2214
f 3036//3036 2998//2998 3037//3037
f 3002//3002 3036//3036 3038//3038
f 3039//3039 2986//2986 3040//3040
f 2326//2326 3000//3000 3041//3041
f 2331//2331 3041//3041 3005//3005
f 2204//2204 3042//3042 2994//2994
f 3043//3043 3044//3044 2991//2991
f 3045//3045 2996//2996 3044//3044
f 2995//2995 3046//3046 2197//2197
f 3046//3046 2999//2999 2198//2198
f 3047//3047 3048//3048 2988//2988
f 2992//2992 3048//3048 3049//3049
f 2208//2208 2989//2989 3042//3042
f 2980//2980 3040//3040 3050//3050
f 2984//2984 2220//2220 3051//3051
f 3052//3052 3039//3039 2980//2980
f 2224//2224 2982//2982 3051//3051
f 3053//3053 3054//3054 2973//2973
f 3055//3055 2981//2981 3054//3054
f 2957//2957 3056//3056 2841//2841
f 3057//3057 2960//2960 2308//2308
f 2974//2974 2976//2976 3058//3058
f 2341//2341 3059//3059 2983//2983
f 3060//3060 3061//3061 2967//2967
f 3062//3062 2318//2318 2969//2969
f 3059//3059 2322//2322 3062//3062
f 2314//2314 3063//3063 2963//2963
f 2972//2972 3064//3064 3065//3065
f 3065//3065 3066//3066 2977//2977
f 2317//2317 2964//2964 3067//3067
f 2193//2193 3067//3067 2968//2968
f 2966//2966 3068//3068 3069//3069
f 3070//3070 2970//2970 3069//3069
f 3063//3063 2311//2311 2961//2961
f 2843//2843 3071//3071 3060//3060
f 2962//2962 3057//3057 2305//2305
f 2860//2860 2891//2891 2884//2884
f 2247//2247 2248//2248 2880//2880
f 3072//3072 2872//2872 2890//2890
f 2891//2891 2887//2887 2886//2886
f 3073//3073 2880//2880 2886//2886
f 2888//2888 2889//2889 2878//2878
f 3073//3073 2879//2879 2873//2873
f 2889//2889 1943//1943 2890//2890
f 2878//2878 2872//2872 2873//2873
f 1868//1868 2890//2890 1943//1943
f 2884//2884 2886//2886 2880//2880
f 2244//2244 2247//2247 2875//2875
f 3074//3074 2857//2857 3072//3072
f 2886//2886 2879//2879 3073//3073
f 3075//3075 2875//2875 3073//3073
f 2878//2878 2890//2890 2872//2872
f 3075//3075 2873//2873 2859//2859
f 2890//2890 1868//1868 3072//3072
f 2872//2872 2857//2857 2859//2859
f 1863//1863 3072//3072 1868//1868
f 2880//2880 3073//3073 2875//2875
f 2243//2243 2244//2244 2876//2876
f 3076//3076 2874//2874 3074//3074
f 3073//3073 2873//2873 3075//3075
f 3077//3077 2876//2876 3075//3075
f 2872//2872 3072//3072 2857//2857
f 3077//3077 2859//2859 2858//2858
f 3072//3072 1863//1863 3074//3074
f 2857//2857 2874//2874 2858//2858
f 2175//2175 3074//3074 1863//1863
f 2875//2875 3075//3075 2876//2876
f 2241//2241 2243//2243 2877//2877
f 3078//3078 2871//2871 3076//3076
f 3075//3075 2859//2859 3077//3077
f 3079//3079 2877//2877 3077//3077
f 2857//2857 3074//3074 2874//2874
f 3079//3079 2858//2858 2870//2870
f 3074//3074 2175//2175 3076//3076
f 2874//2874 2871//2871 2870//2870
f 2176//2176 3076//3076 2175//2175
f 2876//2876 3077//3077 2877//2877
f 2237//2237 2241//2241 2869//2869
f 3080//3080 2868//2868 3078//3078
f 3077//3077 2858//2858 3079//3079
f 3081//3081 2869//2869 3079//3079
f 2874//2874 3076//3076 2871//2871
f 3081//3081 2870//2870 2867//2867
f 3076//3076 2176//2176 3078//3078
f 2871//2871 2868//2868 2867//2867
f 1856//1856 3078//3078 2176//2176
f 2877//2877 3079//3079 2869//2869
f 2235//2235 2237//2237 2864//2864
f 3082//3082 2861//2861 3080//3080
f 3079//3079 2870//2870 3081//3081
f 3083//3083 2864//2864 3081//3081
f 2871//2871 3078//3078 2868//2868
f 3083//3083 2867//2867 2863//2863
f 3078//3078 1856//1856 3080//3080
f 2868//2868 2861//2861 2863//2863
f 2171//2171 3080//3080 1856//1856
f 2869//2869 3081//3081 2864//2864
f 2233//2233 2235//2235 2865//2865
f 3084//3084 2882//2882 3082//3082
f 3081//3081 2867//2867 3083//3083
f 3085//3085 2865//2865 3083//3083
f 2868//2868 3080//3080 2861//2861
f 3085//3085 2863//2863 2862//2862
f 3080//3080 2171//2171 3082//3082
f 2861//2861 2882//2882 2862//2862
f 1859//1859 3082//3082 2171//2171
f 2864//2864 3083//3083 2865//2865
f 2232//2232 2233//2233 2866//2866
f 3086//3086 2885//2885 3084//3084
f 3083//3083 2863//2863 3085//3085
f 3087//3087 2866//2866 3085//3085
f 2861//2861 3082//3082 2882//2882
f 3087//3087 2862//2862 2883//2883
f 3082//3082 1859//1859 3084//3084
f 2882//2882 2885//2885 2883//2883
f 1854//1854 3084//3084 1859//1859
f 2865//2865 3085//3085 2866//2866
f 2230//2230 2232//2232 2881//2881
f 3088//3088 2853//2853 3086//3086
f 3085//3085 2862//2862 3087//3087
f 3089//3089 2881//2881 3087//3087
f 2882//2882 3084//3084 2885//2885
f 3089//3089 2883//2883 2852//2852
f 3084//3084 1854//1854 3086//3086
f 2885//2885 2853//2853 2852//2852
f 2162//2162 3086//3086 1854//1854
f 2866//2866 3087//3087 2881//2881
f 2226//2226 2230//2230 2855//2855
f 3090//3090 2839//2839 3088//3088
f 3087//3087 2883//2883 3089//3089
f 3091//3091 2855//2855 3089//3089
f 2885//2885 3086//3086 2853//2853
f 3091//3091 2852//2852 2838//2838
f 3086//3086 2162//2162 3088//3088
f 2853//2853 2839//2839 2838//2838
f 1816//1816 3088//3088 2162//2162
f 2881//2881 3089//3089 2855//2855
f 2222//2222 2226//2226 2854//2854
f 3092//3092 2844//2844 3090//3090
f 3089//3089 2852//2852 3091//3091
f 3093//3093 2854//2854 3091//3091
f 2853//2853 3088//3088 2839//2839
f 3093//3093 2838//2838 2840//2840
f 3088//3088 1816//1816 3090//3090
f 2839//2839 2844//2844 2840//2840
f 1815//1815 3090//3090 1816//1816
f 2855//2855 3091//3091 2854//2854
f 2216//2216 2222//2222 2846//2846
f 2849//2849 2848//2848 3092//3092
f 3091//3091 2838//2838 3093//3093
f 3094//3094 2846//2846 3093//3093
f 2839//2839 3090//3090 2844//2844
f 3094//3094 2840//2840 2845//2845
f 3090//3090 1815//1815 3092//3092
f 2844//2844 2848//2848 2845//2845
f 2167//2167 3092//3092 1815//1815
f 2854//2854 3093//3093 2846//2846
f 2212//2212 2216//2216 2847//2847
f 2895//2895 2850//2850 2849//2849
f 3093//3093 2840//2840 3094//3094
f 3095//3095 2847//2847 3094//3094
f 2844//2844 3092//3092 2848//2848
f 3095//3095 2845//2845 3096//3096
f 3092//3092 2167//2167 2849//2849
f 2848//2848 2850//2850 3096//3096
f 1807//1807 2849//2849 2167//2167
f 2846//2846 3094//3094 2847//2847
f 2207//2207 2212//2212 2851//2851
f 2845//2845 2848//2848 3096//3096
f 3094//3094 2845//2845 3095//3095
f 2851//2851 3095//3095 3097//3097
f 2895//2895 2898//2898 2894//2894
f 3097//3097 3096//3096 3098//3098
f 2849//2849 1807//1807 2895//2895
f 2850//2850 2894//2894 3098//3098
f 1809//1809 2895//2895 1807//1807
f 2847//2847 3095//3095 2851//2851
f 2201//2201 2207//2207 2856//2856
f 3096//3096 2850//2850 3098//3098
f 3095//3095 3096//3096 3097//3097
f 2856//2856 3097//3097 3099//3099
f 2898//2898 2899//2899 2897//2897
f 3099//3099 3098//3098 3100//3100
f 2895//2895 1809//1809 2898//2898
f 2894//2894 2897//2897 3100//3100
f 1826//1826 2898//2898 1809//1809
f 2851//2851 3097//3097 2856//2856
f 2191//2191 2201//2201 2893//2893
f 3098//3098 2894//2894 3100//3100
f 3097//3097 3098//3098 3099//3099
f 2893//2893 3099//3099 3101//3101
f 2899//2899 2904//2904 2900//2900
f 3101//3101 3100//3100 3102//3102
f 2898//2898 1826//1826 2899//2899
f 2897//2897 2900//2900 3102//3102
f 1871//1871 2899//2899 1826//1826
f 2856//2856 3099//3099 2893//2893
f 2229//2229 2191//2191 2896//2896
f 3100//3100 2897//2897 3102//3102
f 3099//3099 3100//3100 3101//3101
f 2896//2896 3101//3101 3103//3103
f 2904//2904 2906//2906 2903//2903
f 3103//3103 3102//3102 3104//3104
f 2899//2899 1871//1871 2904//2904
f 2900//2900 2903//2903 3104//3104
f 1822//1822 2904//2904 1871//1871
f 2893//2893 3101//3101 2896//2896
f 2269//2269 2229//2229 2901//2901
f 3102//3102 2900//2900 3104//3104
f 3101//3101 3102//3102 3103//3103
f 2901//2901 3103//3103 3105//3105
f 2906//2906 2908//2908 2907//2907
f 3105//3105 3104//3104 3106//3106
f 2904//2904 1822//1822 2906//2906
f 2903//2903 2907//2907 3106//3106
f 1876//1876 2906//2906 1822//1822
f 2896//2896 3103//3103 2901//2901
f 2272//2272 2269//2269 2902//2902
f 3104//3104 2903//2903 3106//3106
f 3103//3103 3104//3104 3105//3105
f 2902//2902 3105//3105 3107//3107
f 2908//2908 2910//2910 2909//2909
f 3107//3107 3106//3106 3108//3108
f 2906//2906 1876//1876 2908//2908
f 2907//2907 2909//2909 3108//3108
f 1811//1811 2908//2908 1876//1876
f 2901//2901 3105//3105 2902//2902
f 2273//2273 2272//2272 2905//2905
f 3106//3106 2907//2907 3108//3108
f 3105//3105 3106//3106 3107//3107
f 2905//2905 3107//3107 3109//3109
f 2910//2910 2913//2913 2911//2911
f 3109//3109 3108//3108 3110//3110
f 2908//2908 1811//1811 2910//2910
f 2909//2909 2911//2911 3110//3110
f 1813//1813 2910//2910 1811//1811
f 2902//2902 3107//3107 2905//2905
f 2275//2275 2273//2273 2912//2912
f 3108//3108 2909//2909 3110//3110
f 3107//3107 3108//3108 3109//3109
f 2912//2912 3109//3109 3111//3111
f 2913//2913 2920//2920 2914//2914
f 3111//3111 3110//3110 3112//3112
f 2910//2910 1813//1813 2913//2913
f 2911//2911 2914//2914 3112//3112
f 2134//2134 2913//2913 1813//1813
f 2905//2905 3109//3109 2912//2912
f 2278//2278 2275//2275 2918//2918
f 3110//3110 2911//2911 3112//3112
f 3109//3109 3110//3110 3111//3111
f 2918//2918 3111//3111 3113//3113
f 2920//2920 2924//2924 2921//2921
f 3113//3113 3112//3112 3114//3114
f 2913//2913 2134//2134 2920//2920
f 2914//2914 2921//2921 3114//3114
f 1800//1800 2920//2920 2134//2134
f 2912//2912 3111//3111 2918//2918
f 2279//2279 2278//2278 2919//2919
f 3112//3112 2914//2914 3114//3114
f 3111//3111 3112//3112 3113//3113
f 2919//2919 3113//3113 3115//3115
f 2924//2924 2926//2926 2923//2923
f 3115//3115 3114//3114 3116//3116
f 2920//2920 1800//1800 2924//2924
f 2921//2921 2923//2923 3116//3116
f 2125//2125 2924//2924 1800//1800
f 2918//2918 3113//3113 2919//2919
f 2281//2281 2279//2279 2922//2922
f 3114//3114 2921//2921 3116//3116
f 3113//3113 3114//3114 3115//3115
f 2922//2922 3115//3115 3117//3117
f 2926//2926 2929//2929 2927//2927
f 3117//3117 3116//3116 3118//3118
f 2924//2924 2125//2125 2926//2926
f 2923//2923 2927//2927 3118//3118
f 1870//1870 2926//2926 2125//2125
f 2919//2919 3115//3115 2922//2922
f 2284//2284 2281//2281 2925//2925
f 3116//3116 2923//2923 3118//3118
f 3115//3115 3116//3116 3117//3117
f 2925//2925 3117//3117 3119//3119
f 2929//2929 2933//2933 2930//2930
f 3119//3119 3118//3118 3120//3120
f 2926//2926 1870//1870 2929//2929
f 2927//2927 2930//2930 3120//3120
f 1873//1873 2929//2929 1870//1870
f 2922//2922 3117//3117 2925//2925
f 2285//2285 2284//2284 2928//2928
f 3118//3118 2927//2927 3120//3120
f 3117//3117 3118//3118 3119//3119
f 2928//2928 3119//3119 3121//3121
f 2933//2933 2935//2935 2932//2932
f 3121//3121 3120//3120 3122//3122
f 2929//2929 1873//1873 2933//2933
f 2930//2930 2932//2932 3122//3122
f 2121//2121 2933//2933 1873//1873
f 2925//2925 3119//3119 2928//2928
f 2286//2286 2285//2285 2931//2931
f 3120//3120 2930//2930 3122//3122
f 3119//3119 3120//3120 3121//3121
f 2931//2931 3121//3121 3123//3123
f 2935//2935 2938//2938 2936//2936
f 3123//3123 3122//3122 3124//3124
f 2933//2933 2121//2121 2935//2935
f 2932//2932 2936//2936 3124//3124
f 2129//2129 2935//2935 2121//2121
f 2928//2928 3121//3121 2931//2931
f 2288//2288 2286//2286 2934//2934
f 3122//3122 2932//2932 3124//3124
f 3121//3121 3122//3122 3123//3123
f 2934//2934 3123//3123 3125//3125
f 2938//2938 2942//2942 2939//2939
f 3125//3125 3124//3124 3126//3126
f 2935//2935 2129//2129 2938//2938
f 2936//2936 2939//2939 3126//3126
f 1905//1905 2938//2938 2129//2129
f 2931//2931 3123//3123 2934//2934
f 2291//2291 2288//2288 2937//2937
f 3124//3124 2936//2936 3126//3126
f 3123//3123 3124//3124 3125//3125
f 2937//2937 3125//3125 3127//3127
f 2942//2942 2944//2944 2941//2941
f 3127//3127 3126//3126 3128//3128
f 2938//2938 1905//1905 2942//2942
f 2939//2939 2941//2941 3128//3128
f 1885//1885 2942//2942 1905//1905
f 2934//2934 3125//3125 2937//2937
f 2292//2292 2291//2291 2940//2940
f 3126//3126 2939//2939 3128//3128
f 3125//3125 3126//3126 3127//3127
f 2940//2940 3127//3127 3129//3129
f 2944//2944 2946//2946 2945//2945
f 3129//3129 3128//3128 3130//3130
f 2942//2942 1885//1885 2944//2944
f 2941//2941 2945//2945 3130//3130
f 1889//1889 2944//2944 1885//1885
f 2937//2937 3127//3127 2940//2940
f 2294//2294 2292//2292 2943//2943
f 3128//3128 2941//2941 3130//3130
f 3127//3127 3128//3128 3129//3129
f 2943//2943 3129//3129 3131//3131
f 2946//2946 2948//2948 2947//2947
f 3131//3131 3130//3130 3132//3132
f 2944//2944 1889//1889 2946//2946
f 2945//2945 2947//2947 3132//3132
f 1906//1906 2946//2946 1889//1889
f 2940//2940 3129//3129 2943//2943
f 2297//2297 2294//2294 2950//2950
f 3130//3130 2945//2945 3132//3132
f 3129//3129 3130//3130 3131//3131
f 2950//2950 3131//3131 3133//3133
f 2948//2948 2951//2951 2949//2949
f 3133//3133 3132//3132 3134//3134
f 2946//2946 1906//1906 2948//2948
f 2947//2947 2949//2949 3134//3134
f 2117//2117 2948//2948 1906//1906
f 2943//2943 3131//3131 2950//2950
f 2298//2298 2297//2297 2953//2953
f 3132//3132 2947//2947 3134//3134
f 3131//3131 3132//3132 3133//3133
f 2953//2953 3133//3133 3135//3135
f 2951//2951 2955//2955 2952//2952
f 3135//3135 3134//3134 3136//3136
f 2948//2948 2117//2117 2951//2951
f 2949//2949 2952//2952 3136//3136
f 2017//2017 2951//2951 2117//2117
f 2950//2950 3133//3133 2953//2953
f 2300//2300 2298//2298 2956//2956
f 3134//3134 2949//2949 3136//3136
f 3133//3133 3134//3134 3135//3135
f 2956//2956 3135//3135 3137//3137
f 2955//2955 2958//2958 2954//2954
f 3137//3137 3136//3136 3138//3138
f 2951//2951 2017//2017 2955//2955
f 2952//2952 2954//2954 3138//3138
f 1901//1901 2955//2955 2017//2017
f 2953//2953 3135//3135 2956//2956
f 2303//2303 2300//2300 2959//2959
f 3136//3136 2952//2952 3138//3138
f 3135//3135 3136//3136 3137//3137
f 2959//2959 3137//3137 3139//3139
f 1898//1898 3056//3056 2958//2958
f 3139//3139 3138//3138 3140//3140
f 2955//2955 1901//1901 2958//2958
f 2954//2954 2957//2957 3140//3140
f 1898//1898 2958//2958 1901//1901
f 2956//2956 3137//3137 2959//2959
f 2305//2305 2303//2303 2962//2962
f 3138//3138 2954//2954 3140//3140
f 3137//3137 3138//3138 3139//3139
f 2962//2962 3139//3139 3141//3141
f 2016//2016 2842//2842 3056//3056
f 3141//3141 3140//3140 3142//3142
f 3142//3142 2957//2957 2841//2841
f 1898//1898 2016//2016 3056//3056
f 2958//2958 3056//3056 2957//2957
f 2959//2959 3139//3139 2962//2962
f 2308//2308 2305//2305 3057//3057
f 3140//3140 2957//2957 3142//3142
f 3139//3139 3140//3140 3141//3141
f 3057//3057 3141//3141 3143//3143
f 1908//1908 3071//3071 2842//2842
f 3143//3143 3142//3142 3144//3144
f 3144//3144 2841//2841 2843//2843
f 2016//2016 1908//1908 2842//2842
f 3056//3056 2842//2842 2841//2841
f 2962//2962 3141//3141 3057//3057
f 2309//2309 2308//2308 2960//2960
f 3142//3142 2841//2841 3144//3144
f 3141//3141 3142//3142 3143//3143
f 3145//3145 2960//2960 3143//3143
f 2012//2012 3061//3061 3071//3071
f 3145//3145 3144//3144 3146//3146
f 3146//3146 2843//2843 3060//3060
f 1908//1908 2012//2012 3071//3071
f 2842//2842 3071//3071 2843//2843
f 3057//3057 3143//3143 2960//2960
f 2311//2311 2309//2309 2961//2961
f 3144//3144 2843//2843 3146//3146
f 3143//3143 3144//3144 3145//3145
f 3147//3147 2961//2961 3145//3145
f 1910//1910 2965//2965 3061//3061
f 3147//3147 3146//3146 3148//3148
f 3148//3148 3060//3060 2967//2967
f 2012//2012 1910//1910 3061//3061
f 3071//3071 3061//3061 3060//3060
f 2960//2960 3145//3145 2961//2961
f 2314//2314 2311//2311 3063//3063
f 3146//3146 3060//3060 3148//3148
f 3145//3145 3146//3146 3147//3147
f 3149//3149 3063//3063 3147//3147
f 2020//2020 3068//3068 2965//2965
f 3149//3149 3148//3148 3150//3150
f 3150//3150 2967//2967 2966//2966
f 1910//1910 2020//2020 2965//2965
f 3061//3061 2965//2965 2967//2967
f 2961//2961 3147//3147 3063//3063
f 2315//2315 2314//2314 2963//2963
f 3148//3148 2967//2967 3150//3150
f 3147//3147 3148//3148 3149//3149
f 3151//3151 2963//2963 3149//3149
f 2085//2085 3070//3070 3068//3068
f 3151//3151 3150//3150 3152//3152
f 3152//3152 2966//2966 3069//3069
f 2020//2020 2085//2085 3068//3068
f 2965//2965 3068//3068 2966//2966
f 3063//3063 3149//3149 2963//2963
f 2317//2317 2315//2315 2964//2964
f 3150//3150 2966//2966 3152//3152
f 3149//3149 3150//3150 3151//3151
f 3153//3153 2964//2964 3151//3151
f 2018//2018 2971//2971 3070//3070
f 3153//3153 3152//3152 3154//3154
f 3154//3154 3069//3069 2970//2970
f 2085//2085 2018//2018 3070//3070
f 3068//3068 3070//3070 3069//3069
f 2963//2963 3151//3151 2964//2964
f 2193//2193 2317//2317 3067//3067
f 3152//3152 3069//3069 3154//3154
f 3151//3151 3152//3152 3153//3153
f 3155//3155 3067//3067 3153//3153
f 2081//2081 3064//3064 2971//2971
f 3155//3155 3154//3154 3156//3156
f 3156//3156 2970//2970 2972//2972
f 2018//2018 2081//2081 2971//2971
f 3070//3070 2971//2971 2970//2970
f 2964//2964 3153//3153 3067//3067
f 2320//2320 2193//2193 2968//2968
f 3154//3154 2970//2970 3156//3156
f 3153//3153 3154//3154 3155//3155
f 3157//3157 2968//2968 3155//3155
f 1914//1914 3066//3066 3064//3064
f 3157//3157 3156//3156 3158//3158
f 3158//3158 2972//2972 3065//3065
f 2081//2081 1914//1914 3064//3064
f 2971//2971 3064//3064 2972//2972
f 3067//3067 3155//3155 2968//2968
f 2318//2318 2320//2320 2969//2969
f 3156//3156 2972//2972 3158//3158
f 3155//3155 3156//3156 3157//3157
f 3159//3159 2969//2969 3157//3157
f 2014//2014 2978//2978 3066//3066
f 3159//3159 3158//3158 3160//3160
f 3160//3160 3065//3065 2977//2977
f 1914//1914 2014//2014 3066//3066
f 3064//3064 3066//3066 3065//3065
f 2968//2968 3157//3157 2969//2969
f 2322//2322 2318//2318 3062//3062
f 3158//3158 3065//3065 3160//3160
f 3157//3157 3158//3158 3159//3159
f 3161//3161 3062//3062 3159//3159
f 2073//2073 3058//3058 2978//2978
f 3161//3161 3160//3160 3162//3162
f 3162//3162 2977//2977 2976//2976
f 2014//2014 2073//2073 2978//2978
f 3066//3066 2978//2978 2977//2977
f 2969//2969 3159//3159 3062//3062
f 2341//2341 2322//2322 3059//3059
f 3160//3160 2977//2977 3162//3162
f 3159//3159 3160//3160 3161//3161
f 3163//3163 3059//3059 3161//3161
f 2005//2005 2975//2975 3058//3058
f 3163//3163 3162//3162 3164//3164
f 3164//3164 2976//2976 2974//2974
f 2073//2073 2005//2005 3058//3058
f 2978//2978 3058//3058 2976//2976
f 3062//3062 3161//3161 3059//3059
f 2228//2228 2341//2341 2983//2983
f 3162//3162 2976//2976 3164//3164
f 3161//3161 3162//3162 3163//3163
f 3165//3165 2983//2983 3163//3163
f 1995//1995 3053//3053 2975//2975
f 3165//3165 3164//3164 3166//3166
f 3166//3166 2974//2974 2973//2973
f 2005//2005 1995//1995 2975//2975
f 3058//3058 2975//2975 2974//2974
f 3059//3059 3163//3163 2983//2983
f 2224//2224 2228//2228 2982//2982
f 3164//3164 2974//2974 3166//3166
f 3163//3163 3164//3164 3165//3165
f 3167//3167 2982//2982 3165//3165
f 1997//1997 3055//3055 3053//3053
f 3167//3167 3166//3166 3168//3168
f 3168//3168 2973//2973 3054//3054
f 1995//1995 1997//1997 3053//3053
f 2975//2975 3053//3053 2973//2973
f 2983//2983 3165//3165 2982//2982
f 2220//2220 2224//2224 3051//3051
f 3166//3166 2973//2973 3168//3168
f 3165//3165 3166//3166 3167//3167
f 3169//3169 3051//3051 3167//3167
f 1990//1990 2979//2979 3055//3055
f 3169//3169 3168//3168 3170//3170
f 3170//3170 3054//3054 2981//2981
f 1997//1997 1990//1990 3055//3055
f 3053//3053 3055//3055 3054//3054
f 2982//2982 3167//3167 3051//3051
f 2218//2218 2220//2220 2984//2984
f 3168//3168 3054//3054 3170//3170
f 3167//3167 3168//3168 3169//3169
f 3171//3171 2984//2984 3169//3169
f 1992//1992 3052//3052 2979//2979
f 3171//3171 3170//3170 3050//3050
f 3050//3050 2981//2981 2980//2980
f 1990//1990 1992//1992 2979//2979
f 3055//3055 2979//2979 2981//2981
f 3051//3051 3169//3169 2984//2984
f 2214//2214 2218//2218 2985//2985
f 3170//3170 2981//2981 3050//3050
f 3169//3169 3170//3170 3171//3171
f 3172//3172 2985//2985 3171//3171
f 1935//1935 3173//3173 3052//3052
f 3172//3172 3050//3050 3040//3040
f 3040//3040 2980//2980 3039//3039
f 1992//1992 1935//1935 3052//3052
f 2979//2979 3052//3052 2980//2980
f 2984//2984 3171//3171 2985//2985
f 2210//2210 2214//2214 2990//2990
f 3039//3039 3173//3173 2987//2987
f 3171//3171 3050//3050 3172//3172
f 3174//3174 2990//2990 3172//3172
f 1936//1936 3175//3175 3173//3173
f 3174//3174 3040//3040 2986//2986
f 2986//2986 3039//3039 2987//2987
f 1935//1935 1936//1936 3173//3173
f 3052//3052 3173//3173 3039//3039
f 2985//2985 3172//3172 2990//2990
f 2208//2208 2210//2210 2989//2989
f 2987//2987 3175//3175 3047//3047
f 3172//3172 3040//3040 3174//3174
f 3176//3176 2989//2989 3174//3174
f 1924//1924 3177//3177 3175//3175
f 3176//3176 2986//2986 2988//2988
f 2988//2988 2987//2987 3047//3047
f 1936//1936 1924//1924 3175//3175
f 3173//3173 3175//3175 2987//2987
f 2990//2990 3174//3174 2989//2989
f 2204//2204 2208//2208 3042//3042
f 3047//3047 3177//3177 3049//3049
f 3174//3174 2986//2986 3176//3176
f 3178//3178 3042//3042 3176//3176
f 1934//1934 3179//3179 3177//3177
f 3178//3178 2988//2988 3048//3048
f 3048//3048 3047//3047 3049//3049
f 1924//1924 1934//1934 3177//3177
f 3175//3175 3177//3177 3047//3047
f 2989//2989 3176//3176 3042//3042
f 2200//2200 2204//2204 2994//2994
f 3049//3049 3179//3179 2993//2993
f 3176//3176 2988//2988 3178//3178
f 3180//3180 2994//2994 3178//3178
f 1932//1932 3181//3181 3179//3179
f 3180//3180 3048//3048 2992//2992
f 2992//2992 3049//3049 2993//2993
f 1934//1934 1932//1932 3179//3179
f 3177//3177 3179//3179 3049//3049
f 3042//3042 3178//3178 2994//2994
f 2197//2197 2200//2200 2995//2995
f 2993//2993 3181//3181 3043//3043
f 3178//3178 3048//3048 3180//3180
f 3182//3182 2995//2995 3180//3180
f 1998//1998 3183//3183 3181//3181
f 3182//3182 2992//2992 2991//2991
f 2991//2991 2993//2993 3043//3043
f 1932//1932 1998//1998 3181//3181
f 3179//3179 3181//3181 2993//2993
f 2994//2994 3180//3180 2995//2995
f 2198//2198 2197//2197 3046//3046
f 3043//3043 3183//3183 3045//3045
f 3180//3180 2992//2992 3182//3182
f 3184//3184 3046//3046 3182//3182
f 2042//2042 3185//3185 3183//3183
f 3184//3184 2991//2991 3044//3044
f 3044//3044 3043//3043 3045//3045
f 1998//1998 2042//2042 3183//3183
f 3181//3181 3183//3183 3043//3043
f 2995//2995 3182//3182 3046//3046
f 2329//2329 2198//2198 2999//2999
f 3045//3045 3185//3185 2997//2997
f 3182//3182 2991//2991 3184//3184
f 3186//3186 2999//2999 3184//3184
f 1987//1987 3187//3187 3185//3185
f 3186//3186 3044//3044 2996//2996
f 2996//2996 3045//3045 2997//2997
f 2042//2042 1987//1987 3185//3185
f 3183//3183 3185//3185 3045//3045
f 3046//3046 3184//3184 2999//2999
f 2326//2326 2329//2329 3000//3000
f 2997//2997 3187//3187 3037//3037
f 3184//3184 3044//3044 3186//3186
f 3186//3186 3188//3188 3000//3000
f 2036//2036 3189//3189 3187//3187
f 3188//3188 2996//2996 2998//2998
f 2998//2998 2997//2997 3037//3037
f 1987//1987 2036//2036 3187//3187
f 3185//3185 3187//3187 2997//2997
f 2999//2999 3186//3186 3000//3000
f 2331//2331 2326//2326 3041//3041
f 3037//3037 3189//3189 3038//3038
f 3186//3186 2996//2996 3188//3188
f 3188//3188 3190//3190 3041//3041
f 1985//1985 3191//3191 3189//3189
f 3190//3190 2998//2998 3036//3036
f 3036//3036 3037//3037 3038//3038
f 2036//2036 1985//1985 3189//3189
f 3187//3187 3189//3189 3037//3037
f 3000//3000 3188//3188 3041//3041
f 2332//2332 2331//2331 3005//3005
f 3038//3038 3191//3191 3003//3003
f 3188//3188 2998//2998 3190//3190
f 3190//3190 3192//3192 3005//3005
f 1986//1986 3193//3193 3191//3191
f 3192//3192 3036//3036 3002//3002
f 3002//3002 3038//3038 3003//3003
f 1985//1985 1986//1986 3191//3191
f 3189//3189 3191//3191 3038//3038
f 3041//3041 3190//3190 3005//3005
f 2335//2335 2332//2332 3004//3004
f 3003//3003 3193//3193 3009//3009
f 3190//3190 3036//3036 3192//3192
f 3192//3192 3194//3194 3004//3004
f 2032//2032 3195//3195 3193//3193
f 3194//3194 3002//3002 3001//3001
f 3001//3001 3003//3003 3009//3009
f 1986//1986 2032//2032 3193//3193
f 3191//3191 3193//3193 3003//3003
f 3005//3005 3192//3192 3004//3004
f 2336//2336 2335//2335 3035//3035
f 3009//3009 3195//3195 3008//3008
f 3192//3192 3002//3002 3194//3194
f 3194//3194 3196//3196 3035//3035
f 1978//1978 3197//3197 3195//3195
f 3196//3196 3001//3001 3007//3007
f 3007//3007 3009//3009 3008//3008
f 2032//2032 1978//1978 3195//3195
f 3193//3193 3195//3195 3009//3009
f 3004//3004 3194//3194 3035//3035
f 2338//2338 2336//2336 3033//3033
f 3008//3008 3197//3197 3012//3012
f 3194//3194 3001//3001 3196//3196
f 3196//3196 3198//3198 3033//3033
f 2028//2028 3199//3199 3197//3197
f 3198//3198 3007//3007 3006//3006
f 3006//3006 3008//3008 3012//3012
f 1978//1978 2028//2028 3197//3197
f 3195//3195 3197//3197 3008//3008
f 3035//3035 3196//3196 3033//3033
f 2339//2339 2338//2338 3034//3034
f 3012//3012 3199//3199 3031//3031
f 3196//3196 3007//3007 3198//3198
f 3198//3198 3200//3200 3034//3034
f 1942//1942 3201//3201 3199//3199
f 3200//3200 3006//3006 3013//3013
f 3013//3013 3012//3012 3031//3031
f 2028//2028 1942//1942 3199//3199
f 3197//3197 3199//3199 3012//3012
f 3033//3033 3198//3198 3034//3034
f 2265//2265 2339//2339 3010//3010
f 3031//3031 3201//3201 3015//3015
f 3198//3198 3006//3006 3200//3200
f 3200//3200 3202//3202 3010//3010
f 1962//1962 3203//3203 3201//3201
f 3202//3202 3013//3013 3014//3014
f 3014//3014 3031//3031 3015//3015
f 1942//1942 1962//1962 3201//3201
f 3199//3199 3201//3201 3031//3031
f 3034//3034 3200//3200 3010//3010
f 2264//2264 2265//2265 3011//3011
f 3015//3015 3203//3203 3032//3032
f 3200//3200 3013//3013 3202//3202
f 3202//3202 3204//3204 3011//3011
f 1961//1961 3205//3205 3203//3203
f 3204//3204 3014//3014 3016//3016
f 3016//3016 3015//3015 3032//3032
f 1962//1962 1961//1961 3203//3203
f 3201//3201 3203//3203 3015//3015
f 3010//3010 3202//3202 3011//3011
f 2262//2262 2264//2264 3017//3017
f 3032//3032 3205//3205 3022//3022
f 3202//3202 3014//3014 3204//3204
f 3204//3204 3206//3206 3017//3017
f 1968//1968 3207//3207 3205//3205
f 3206//3206 3016//3016 3021//3021
f 3021//3021 3032//3032 3022//3022
f 1961//1961 1968//1968 3205//3205
f 3203//3203 3205//3205 3032//3032
f 3011//3011 3204//3204 3017//3017
f 2260//2260 2262//2262 3018//3018
f 3022//3022 3207//3207 3024//3024
f 3204//3204 3016//3016 3206//3206
f 3018//3018 3206//3206 3208//3208
f 1950//1950 3025//3025 3207//3207
f 3023//3023 3208//3208 3021//3021
f 3023//3023 3022//3022 3024//3024
f 1968//1968 1950//1950 3207//3207
f 3205//3205 3207//3207 3022//3022
f 3017//3017 3206//3206 3018//3018
f 2259//2259 2260//2260 3028//3028
f 2917//2917 3023//3023 3024//3024
f 3206//3206 3021//3021 3208//3208
f 3209//3209 3028//3028 3208//3208
f 1946//1946 3026//3026 3025//3025
f 3023//3023 2917//2917 3209//3209
f 2917//2917 3024//3024 2915//2915
f 1950//1950 1946//1946 3025//3025
f 3207//3207 3025//3025 3024//3024
f 3018//3018 3208//3208 3028//3028
f 2259//2259 3028//3028 2257//2257
f 3210//3210 2915//2915 3026//3026
f 3208//3208 3023//3023 3209//3209
f 3027//3027 3209//3209 3030//3030
f 3211//3211 3210//3210 3019//3019
f 2916//2916 3030//3030 2917//2917
f 3210//3210 2916//2916 2915//2915
f 1946//1946 1965//1965 3026//3026
f 3025//3025 3026//3026 2915//2915
f 3028//3028 3209//3209 3027//3027
f 2257//2257 3027//3027 2253//2253
f 3029//3029 2916//2916 3212//3212
f 3209//3209 2917//2917 3030//3030
f 3029//3029 3030//3030 2916//2916
f 3212//3212 3210//3210 3211//3211
f 3212//3212 2916//2916 3210//3210
f 3020//3020 3211//3211 3019//3019
f 1965//1965 2021//2021 3019//3019
f 3026//3026 3019//3019 3210//3210
f 3027//3027 2892//2892 2253//2253
f 3030//3030 2892//2892 3027//3027
f 3212//3212 2887//2887 2891//2891
f 2860//2860 2892//2892 3029//3029
f 3211//3211 2888//2888 2887//2887
f 2891//2891 3029//3029 3212//3212
f 3020//3020 2889//2889 2888//2888
f 2887//2887 3212//3212 3211//3211
f 2889//2889 3020//3020 1948//1948
f 2888//2888 3211//3211 3020//3020
f 2046//2046 3213//3213 2041//2041
f 3214//3214 2063//2063 2067//2067
f 2027//2027 3215//3215 3216//3216
f 2105//2105 3217//3217 2101//2101
f 2084//2084 3218//3218 2080//2080
f 3219//3219 3220//3220 2159//2159
f 3221//3221 2143//2143 2147//2147
f 2120//2120 2124//2124 3222//3222
f 2186//2186 2188//2188 3223//3223
f 1840//1840 3224//3224 3225//3225
f 1840//1840 2024//2024 3224//3224
f 3224//3224 2024//2024 2023//2023
f 1838//1838 3225//3225 3226//3226
f 1840//1840 3225//3225 1838//1838
f 2185//2185 3226//3226 3227//3227
f 1838//1838 3226//3226 2185//2185
f 2188//2188 3227//3227 3223//3223
f 2185//2185 3227//3227 2188//2188
f 2182//2182 3223//3223 3228//3228
f 2186//2186 3223//3223 2182//2182
f 2178//2178 3228//3228 3229//3229
f 2182//2182 3228//3228 2178//2178
f 2173//2173 3229//3229 3230//3230
f 2178//2178 3229//3229 2173//2173
f 2169//2169 3230//3230 3219//3219
f 2173//2173 3230//3230 2169//2169
f 2159//2159 2164//2164 3219//3219
f 2169//2169 3219//3219 2164//2164
f 2155//2155 3220//3220 3231//3231
f 2159//2159 3220//3220 2155//2155
f 2151//2151 3231//3231 3232//3232
f 2155//2155 3231//3231 2151//2151
f 2147//2147 3232//3232 3221//3221
f 2151//2151 3232//3232 2147//2147
f 2143//2143 3233//3233 2139//2139
f 3221//3221 3233//3233 2143//2143
f 2136//2136 3233//3233 3234//3234
f 2139//2139 3233//3233 2136//2136
f 2132//2132 3234//3234 3235//3235
f 2136//2136 3234//3234 2132//2132
f 2128//2128 3235//3235 3236//3236
f 2132//2132 3235//3235 2128//2128
f 2124//2124 3236//3236 3222//3222
f 2128//2128 3236//3236 2124//2124
f 2116//2116 3222//3222 3237//3237
f 2120//2120 3222//3222 2116//2116
f 2113//2113 3237//3237 3238//3238
f 2116//2116 3237//3237 2113//2113
f 2110//2110 3238//3238 3239//3239
f 2113//2113 3238//3238 2110//2110
f 2105//2105 3239//3239 3217//3217
f 2110//2110 3239//3239 2105//2105
f 2097//2097 3217//3217 3240//3240
f 2101//2101 3217//3217 2097//2097
f 2091//2091 3240//3240 3241//3241
f 2097//2097 3240//3240 2091//2091
f 2089//2089 3241//3241 3242//3242
f 2091//2091 3241//3241 2089//2089
f 2084//2084 3242//3242 3218//3218
f 2089//2089 3242//3242 2084//2084
f 2076//2076 3218//3218 3243//3243
f 2080//2080 3218//3218 2076//2076
f 2072//2072 3243//3243 3244//3244
f 2076//2076 3243//3243 2072//2072
f 2069//2069 3244//3244 3245//3245
f 2072//2072 3244//3244 2069//2069
f 2067//2067 3245//3245 3214//3214
f 2069//2069 3245//3245 2067//2067
f 2059//2059 3214//3214 3246//3246
f 2063//2063 3214//3214 2059//2059
f 2055//2055 3246//3246 3247//3247
f 2059//2059 3246//3246 2055//2055
f 2050//2050 3247//3247 3248//3248
f 2055//2055 3247//3247 2050//2050
f 2046//2046 3248//3248 3213//3213
f 2050//2050 3248//3248 2046//2046
f 2035//2035 3213//3213 3249//3249
f 2041//2041 3213//3213 2035//2035
f 2031//2031 3249//3249 3215//3215
f 2035//2035 3249//3249 2031//2031
f 2031//2031 3215//3215 2027//2027
f 3224//3224 2023//2023 3216//3216
f 2027//2027 3216//3216 2023//2023
f 3220//3220 3250//3250 3251//3251
f 3238//3238 3237//3237 3252//3252
f 3253//3253 3250//3250 3219//3219
f 3220//3220 3219//3219 3250//3250
f 3253//3253 3230//3230 3254//3254
f 3230//3230 3253//3253 3219//3219
f 3229//3229 3255//3255 3254//3254
f 3254//3254 3230//3230 3229//3229
f 3256//3256 3255//3255 3228//3228
f 3229//3229 3228//3228 3255//3255
f 3256//3256 3223//3223 3257//3257
f 3223//3223 3256//3256 3228//3228
f 3227//3227 3258//3258 3257//3257
f 3257//3257 3223//3223 3227//3227
f 3259//3259 3258//3258 3226//3226
f 3227//3227 3226//3226 3258//3258
f 3259//3259 3225//3225 3260//3260
f 3225//3225 3259//3259 3226//3226
f 3260//3260 3225//3225 3224//3224
f 3260//3260 3224//3224 3261//3261
f 3251//3251 3231//3231 3220//3220
f 3231//3231 3262//3262 3232//3232
f 3262//3262 3231//3231 3251//3251
f 3263//3263 3221//3221 3232//3232
f 3232//3232 3262//3262 3263//3263
f 3233//3233 3221//3221 3264//3264
f 3263//3263 3264//3264 3221//3221
f 3233//3233 3265//3265 3234//3234
f 3265//3265 3233//3233 3264//3264
f 3266//3266 3235//3235 3234//3234
f 3234//3234 3265//3265 3266//3266
f 3236//3236 3235//3235 3267//3267
f 3266//3266 3267//3267 3235//3235
f 3236//3236 3268//3268 3222//3222
f 3268//3268 3236//3236 3267//3267
f 3269//3269 3237//3237 3222//3222
f 3222//3222 3268//3268 3269//3269
f 3269//3269 3252//3252 3237//3237
f 3217//3217 3270//3270 3271//3271
f 3238//3238 3272//3272 3239//3239
f 3273//3273 3242//3242 3274//3274
f 3275//3275 3241//3241 3240//3240
f 3276//3276 3277//3277 3244//3244
f 3218//3218 3278//3278 3243//3243
f 3247//3247 3246//3246 3279//3279
f 3280//3280 3214//3214 3281//3281
f 3282//3282 3213//3213 3283//3283
f 3284//3284 3283//3283 3248//3248
f 3249//3249 3282//3282 3285//3285
f 3282//3282 3249//3249 3213//3213
f 3285//3285 3286//3286 3215//3215
f 3215//3215 3249//3249 3285//3285
f 3287//3287 3216//3216 3286//3286
f 3215//3215 3286//3286 3216//3216
f 3224//3224 3287//3287 3261//3261
f 3287//3287 3224//3224 3216//3216
f 3284//3284 3248//3248 3247//3247
f 3283//3283 3213//3213 3248//3248
f 3279//3279 3246//3246 3280//3280
f 3284//3284 3247//3247 3279//3279
f 3214//3214 3245//3245 3281//3281
f 3246//3246 3214//3214 3280//3280
f 3243//3243 3276//3276 3244//3244
f 3245//3245 3277//3277 3281//3281
f 3244//3244 3277//3277 3245//3245
f 3273//3273 3278//3278 3218//3218
f 3278//3278 3276//3276 3243//3243
f 3274//3274 3242//3242 3241//3241
f 3273//3273 3218//3218 3242//3242
f 3275//3275 3240//3240 3271//3271
f 3274//3274 3241//3241 3275//3275
f 3217//3217 3239//3239 3270//3270
f 3240//3240 3217//3217 3271//3271
f 3238//3238 3252//3252 3272//3272
f 3239//3239 3272//3272 3270//3270
f 2659//2659 3288//3288 2663//2663
f 2373//2373 3289//3289 3290//3290
f 2649//2649 3291//3291 3292//3292
f 3293//3293 3294//3294 2361//2361
f 3294//3294 3295//3295 2357//2357
f 3296//3296 2655//2655 2652//2652
f 2649//2649 2646//2646 3291//3291
f 3297//3297 3291//3291 2643//2643
f 3295//3295 3298//3298 2345//2345
f 3299//3299 3297//3297 2638//2638
f 3299//3299 2631//2631 3300//3300
f 2643//2643 2641//2641 3297//3297
f 2635//2635 2631//2631 3299//3299
f 2346//2346 3298//3298 3301//3301
f 2627//2627 2628//2628 3300//3300
f 3300//3300 2631//2631 2627//2627
f 2578//2578 2579//2579 3302//3302
f 2578//2578 3302//3302 3303//3303
f 2431//2431 2578//2578 3303//3303
f 3303//3303 2628//2628 2431//2431
f 3304//3304 3305//3305 3303//3303
f 3300//3300 2628//2628 3303//3303
f 3306//3306 2363//2363 3307//3307
f 3308//3308 3293//3293 2360//2360
f 3296//3296 2652//2652 3292//3292
f 3308//3308 2359//2359 3309//3309
f 3296//3296 3288//3288 2659//2659
f 3310//3310 3309//3309 2362//2362
f 3311//3311 2670//2670 2667//2667
f 2673//2673 3312//3312 2676//2676
f 2664//2664 3288//3288 3311//3311
f 3312//3312 2670//2670 3311//3311
f 3310//3310 2358//2358 3313//3313
f 2676//2676 3312//3312 3314//3314
f 3314//3314 2681//2681 2679//2679
f 2687//2687 2684//2684 3315//3315
f 3313//3313 2347//2347 3316//3316
f 3317//3317 3316//3316 2355//2355
f 2681//2681 3314//3314 3318//3318
f 3318//3318 3315//3315 2684//2684
f 3317//3317 2356//2356 3319//3319
f 2352//2352 3320//3320 3319//3319
f 2692//2692 3321//3321 2695//2695
f 2699//2699 2700//2700 3322//3322
f 3321//3321 2690//2690 3315//3315
f 3321//3321 3322//3322 2695//2695
f 3323//3323 3320//3320 2351//2351
f 2343//2343 3324//3324 3323//3323
f 3325//3325 2706//2706 2703//2703
f 3326//3326 2712//2712 2709//2709
f 3322//3322 3325//3325 2699//2699
f 2348//2348 3327//3327 3324//3324
f 3328//3328 2706//2706 3325//3325
f 2709//2709 3328//3328 3326//3326
f 3329//3329 2718//2718 2715//2715
f 2342//2342 3330//3330 3331//3331
f 2349//2349 3331//3331 3327//3327
f 3332//3332 2728//2728 2724//2724
f 2715//2715 3326//3326 3329//3329
f 2721//2721 3329//3329 3332//3332
f 3330//3330 2344//2344 3333//3333
f 3333//3333 2350//2350 3334//3334
f 2732//2732 3335//3335 2735//2735
f 3336//3336 2741//2741 2738//2738
f 2728//2728 3332//3332 3335//3335
f 3334//3334 2353//2353 3290//3290
f 3337//3337 2745//2745 2742//2742
f 3335//3335 3338//3338 2735//2735
f 3336//3336 3337//3337 2742//2742
f 2754//2754 3339//3339 2756//2756
f 3340//3340 2377//2377 3341//3341
f 3342//3342 2756//2756 3339//3339
f 3343//3343 3339//3339 2752//2752
f 3344//3344 3345//3345 2380//2380
f 3346//3346 2384//2384 3345//3345
f 2772//2772 3347//3347 3348//3348
f 3348//3348 2778//2778 2775//2775
f 3349//3349 2790//2790 2787//2787
f 3350//3350 2778//2778 3348//3348
f 3351//3351 3349//3349 2787//2787
f 3352//3352 3353//3353 2376//2376
f 3354//3354 2365//2365 3355//3355
f 2793//2793 3349//3349 3356//3356
f 2364//2364 3357//3357 3355//3355
f 2809//2809 2806//2806 3358//3358
f 3359//3359 3360//3360 2369//2369
f 3361//3361 2809//2809 3358//3358
f 2372//2372 3362//3362 3359//3359
f 3361//3361 3363//3363 2812//2812
f 2827//2827 3364//3364 2830//2830
f 3365//3365 2818//2818 3363//3363
f 3366//3366 2835//2835 2833//2833
f 3362//3362 2368//2368 3367//3367
f 2366//2366 2363//2363 3306//3306
f 2830//2830 3364//3364 3368//3368
f 2366//2366 3369//3369 2367//2367
f 3367//3367 3370//3370 3371//3371
f 3367//3367 2370//2370 3370//3370
f 2367//2367 3369//3369 3370//3370
f 3371//3371 3372//3372 3366//3366
f 3302//3302 3372//3372 3304//3304
f 2837//2837 3302//3302 2579//2579
f 3302//3302 2837//2837 3366//3366
f 2821//2821 3365//3365 2824//2824
f 3365//3365 3364//3364 2824//2824
f 3373//3373 3358//3358 2801//2801
f 3360//3360 3357//3357 2371//2371
f 3363//3363 2815//2815 2812//2812
f 2802//2802 3373//3373 2801//2801
f 2798//2798 3356//3356 3373//3373
f 2795//2795 3356//3356 2798//2798
f 3354//3354 3374//3374 2374//2374
f 3350//3350 3351//3351 2784//2784
f 2378//2378 3374//3374 3352//3352
f 3350//3350 2784//2784 2781//2781
f 3375//3375 2382//2382 3353//3353
f 3347//3347 2765//2765 3376//3376
f 3375//3375 3344//3344 2379//2379
f 2759//2759 3342//3342 3376//3376
f 2772//2772 2769//2769 3347//3347
f 2762//2762 2759//2759 3376//3376
f 3346//3346 3377//3377 2381//2381
f 3337//3337 3343//3343 2748//2748
f 2383//2383 3377//3377 3341//3341
f 2375//2375 3340//3340 3289//3289
f 3343//3343 2752//2752 2751//2751
f 3336//3336 2738//2738 3338//3338
f 2354//2354 3301//3301 3307//3307
f 3303//3303 3302//3302 3304//3304
f 3307//3307 3305//3305 3306//3306
f 3304//3304 3306//3306 3305//3305
f 3305//3305 3378//3378 3300//3300
f 2363//2363 2354//2354 3307//3307
f 3300//3300 3303//3303 3305//3305
f 3299//3299 2638//2638 2635//2635
f 3301//3301 3378//3378 3307//3307
f 3305//3305 3307//3307 3378//3378
f 3378//3378 3379//3379 3299//3299
f 2354//2354 2346//2346 3301//3301
f 3300//3300 3378//3378 3299//3299
f 2641//2641 2638//2638 3297//3297
f 3298//3298 3379//3379 3301//3301
f 3378//3378 3301//3301 3379//3379
f 3379//3379 3380//3380 3297//3297
f 2346//2346 2345//2345 3298//3298
f 3299//3299 3379//3379 3297//3297
f 2646//2646 2643//2643 3291//3291
f 3295//3295 3380//3380 3298//3298
f 3379//3379 3298//3298 3380//3380
f 3380//3380 3381//3381 3291//3291
f 2345//2345 2357//2357 3295//3295
f 3291//3291 3297//3297 3380//3380
f 2652//2652 2649//2649 3292//3292
f 3294//3294 3381//3381 3295//3295
f 3380//3380 3295//3295 3381//3381
f 3381//3381 3382//3382 3292//3292
f 2357//2357 2361//2361 3294//3294
f 3292//3292 3291//3291 3381//3381
f 2659//2659 2655//2655 3296//3296
f 3293//3293 3382//3382 3294//3294
f 3381//3381 3294//3294 3382//3382
f 3382//3382 3383//3383 3296//3296
f 2361//2361 2360//2360 3293//3293
f 3296//3296 3292//3292 3382//3382
f 3288//3288 2664//2664 2663//2663
f 3308//3308 3383//3383 3293//3293
f 3382//3382 3293//3293 3383//3383
f 3383//3383 3384//3384 3288//3288
f 2360//2360 2359//2359 3308//3308
f 3296//3296 3383//3383 3288//3288
f 2667//2667 2664//2664 3311//3311
f 3309//3309 3384//3384 3308//3308
f 3383//3383 3308//3308 3384//3384
f 3384//3384 3385//3385 3311//3311
f 2359//2359 2362//2362 3309//3309
f 3288//3288 3384//3384 3311//3311
f 2673//2673 2670//2670 3312//3312
f 3310//3310 3385//3385 3309//3309
f 3384//3384 3309//3309 3385//3385
f 3385//3385 3386//3386 3312//3312
f 2362//2362 2358//2358 3310//3310
f 3311//3311 3385//3385 3312//3312
f 2679//2679 2676//2676 3314//3314
f 3313//3313 3386//3386 3310//3310
f 3385//3385 3310//3310 3386//3386
f 3386//3386 3387//3387 3314//3314
f 2358//2358 2347//2347 3313//3313
f 3314//3314 3312//3312 3386//3386
f 2684//2684 2681//2681 3318//3318
f 3316//3316 3387//3387 3313//3313
f 3386//3386 3313//3313 3387//3387
f 3387//3387 3388//3388 3318//3318
f 2347//2347 2355//2355 3316//3316
f 3318//3318 3314//3314 3387//3387
f 3315//3315 2690//2690 2687//2687
f 3317//3317 3388//3388 3316//3316
f 3387//3387 3316//3316 3388//3388
f 3388//3388 3389//3389 3315//3315
f 2355//2355 2356//2356 3317//3317
f 3318//3318 3388//3388 3315//3315
f 2692//2692 2690//2690 3321//3321
f 3319//3319 3389//3389 3317//3317
f 3388//3388 3317//3317 3389//3389
f 3389//3389 3390//3390 3321//3321
f 2356//2356 2352//2352 3319//3319
f 3315//3315 3389//3389 3321//3321
f 2700//2700 2695//2695 3322//3322
f 3320//3320 3390//3390 3319//3319
f 3389//3389 3319//3319 3390//3390
f 3390//3390 3391//3391 3322//3322
f 2352//2352 2351//2351 3320//3320
f 3321//3321 3390//3390 3322//3322
f 2703//2703 2699//2699 3325//3325
f 3323//3323 3391//3391 3320//3320
f 3390//3390 3320//3320 3391//3391
f 3391//3391 3392//3392 3325//3325
f 2351//2351 2343//2343 3323//3323
f 3325//3325 3322//3322 3391//3391
f 2709//2709 2706//2706 3328//3328
f 3324//3324 3392//3392 3323//3323
f 3391//3391 3323//3323 3392//3392
f 3392//3392 3393//3393 3328//3328
f 2343//2343 2348//2348 3324//3324
f 3328//3328 3325//3325 3392//3392
f 2715//2715 2712//2712 3326//3326
f 3327//3327 3393//3393 3324//3324
f 3392//3392 3324//3324 3393//3393
f 3393//3393 3394//3394 3326//3326
f 2348//2348 2349//2349 3327//3327
f 3326//3326 3328//3328 3393//3393
f 3329//3329 2721//2721 2718//2718
f 3331//3331 3394//3394 3327//3327
f 3393//3393 3327//3327 3394//3394
f 3394//3394 3395//3395 3329//3329
f 2349//2349 2342//2342 3331//3331
f 3326//3326 3394//3394 3329//3329
f 2724//2724 2721//2721 3332//3332
f 3330//3330 3395//3395 3331//3331
f 3394//3394 3331//3331 3395//3395
f 3395//3395 3396//3396 3332//3332
f 2342//2342 2344//2344 3330//3330
f 3329//3329 3395//3395 3332//3332
f 2732//2732 2728//2728 3335//3335
f 3333//3333 3396//3396 3330//3330
f 3395//3395 3330//3330 3396//3396
f 3396//3396 3397//3397 3335//3335
f 2344//2344 2350//2350 3333//3333
f 3335//3335 3332//3332 3396//3396
f 2738//2738 2735//2735 3338//3338
f 3334//3334 3397//3397 3333//3333
f 3396//3396 3333//3333 3397//3397
f 3397//3397 3398//3398 3338//3338
f 2350//2350 2353//2353 3334//3334
f 3338//3338 3335//3335 3397//3397
f 2742//2742 2741//2741 3336//3336
f 3290//3290 3398//3398 3334//3334
f 3397//3397 3334//3334 3398//3398
f 3398//3398 3399//3399 3336//3336
f 2353//2353 2373//2373 3290//3290
f 3336//3336 3338//3338 3398//3398
f 3337//3337 2748//2748 2745//2745
f 3289//3289 3399//3399 3290//3290
f 3398//3398 3290//3290 3399//3399
f 3399//3399 3400//3400 3337//3337
f 2373//2373 2375//2375 3289//3289
f 3336//3336 3399//3399 3337//3337
f 2751//2751 2748//2748 3343//3343
f 3340//3340 3400//3400 3289//3289
f 3399//3399 3289//3289 3400//3400
f 3400//3400 3401//3401 3343//3343
f 2375//2375 2377//2377 3340//3340
f 3337//3337 3400//3400 3343//3343
f 2754//2754 2752//2752 3339//3339
f 3341//3341 3401//3401 3340//3340
f 3400//3400 3340//3340 3401//3401
f 3401//3401 3402//3402 3339//3339
f 2377//2377 2383//2383 3341//3341
f 3339//3339 3343//3343 3401//3401
f 2759//2759 2756//2756 3342//3342
f 3377//3377 3402//3402 3341//3341
f 3401//3401 3341//3341 3402//3402
f 3402//3402 3403//3403 3342//3342
f 2383//2383 2381//2381 3377//3377
f 3342//3342 3339//3339 3402//3402
f 3376//3376 2765//2765 2762//2762
f 3346//3346 3403//3403 3377//3377
f 3402//3402 3377//3377 3403//3403
f 3403//3403 3404//3404 3376//3376
f 2381//2381 2384//2384 3346//3346
f 3342//3342 3403//3403 3376//3376
f 2769//2769 2765//2765 3347//3347
f 3345//3345 3404//3404 3346//3346
f 3403//3403 3346//3346 3404//3404
f 3404//3404 3405//3405 3347//3347
f 2384//2384 2380//2380 3345//3345
f 3376//3376 3404//3404 3347//3347
f 2775//2775 2772//2772 3348//3348
f 3344//3344 3405//3405 3345//3345
f 3404//3404 3345//3345 3405//3405
f 3405//3405 3406//3406 3348//3348
f 2380//2380 2379//2379 3344//3344
f 3347//3347 3405//3405 3348//3348
f 2781//2781 2778//2778 3350//3350
f 3375//3375 3406//3406 3344//3344
f 3405//3405 3344//3344 3406//3406
f 3406//3406 3407//3407 3350//3350
f 2379//2379 2382//2382 3375//3375
f 3350//3350 3348//3348 3406//3406
f 2787//2787 2784//2784 3351//3351
f 3353//3353 3407//3407 3375//3375
f 3406//3406 3375//3375 3407//3407
f 3407//3407 3408//3408 3351//3351
f 2382//2382 2376//2376 3353//3353
f 3351//3351 3350//3350 3407//3407
f 3349//3349 2793//2793 2790//2790
f 3352//3352 3408//3408 3353//3353
f 3407//3407 3353//3353 3408//3408
f 3408//3408 3409//3409 3349//3349
f 2376//2376 2378//2378 3352//3352
f 3351//3351 3408//3408 3349//3349
f 2795//2795 2793//2793 3356//3356
f 3374//3374 3409//3409 3352//3352
f 3408//3408 3352//3352 3409//3409
f 3409//3409 3410//3410 3356//3356
f 2378//2378 2374//2374 3374//3374
f 3349//3349 3409//3409 3356//3356
f 2802//2802 2798//2798 3373//3373
f 3354//3354 3410//3410 3374//3374
f 3409//3409 3374//3374 3410//3410
f 3410//3410 3411//3411 3373//3373
f 2374//2374 2365//2365 3354//3354
f 3373//3373 3356//3356 3410//3410
f 2806//2806 2801//2801 3358//3358
f 3355//3355 3411//3411 3354//3354
f 3410//3410 3354//3354 3411//3411
f 3411//3411 3412//3412 3358//3358
f 2365//2365 2364//2364 3355//3355
f 3358//3358 3373//3373 3411//3411
f 2812//2812 2809//2809 3361//3361
f 3357//3357 3412//3412 3355//3355
f 3411//3411 3355//3355 3412//3412
f 3412//3412 3413//3413 3361//3361
f 2364//2364 2371//2371 3357//3357
f 3361//3361 3358//3358 3412//3412
f 3363//3363 2818//2818 2815//2815
f 3360//3360 3413//3413 3357//3357
f 3412//3412 3357//3357 3413//3413
f 3413//3413 3414//3414 3363//3363
f 2371//2371 2369//2369 3360//3360
f 3361//3361 3413//3413 3363//3363
f 2821//2821 2818//2818 3365//3365
f 3359//3359 3414//3414 3360//3360
f 3413//3413 3360//3360 3414//3414
f 3414//3414 3415//3415 3365//3365
f 2369//2369 2372//2372 3359//3359
f 3363//3363 3414//3414 3365//3365
f 2827//2827 2824//2824 3364//3364
f 3362//3362 3415//3415 3359//3359
f 3414//3414 3359//3359 3415//3415
f 3415//3415 3416//3416 3364//3364
f 2372//2372 2368//2368 3362//3362
f 3364//3364 3365//3365 3415//3415
f 2833//2833 2830//2830 3368//3368
f 3367//3367 3416//3416 3362//3362
f 3415//3415 3362//3362 3416//3416
f 3368//3368 3416//3416 3371//3371
f 2368//2368 2370//2370 3367//3367
f 3368//3368 3364//3364 3416//3416
f 2837//2837 2835//2835 3366//3366
f 3369//3369 3372//3372 3370//3370
f 3416//3416 3367//3367 3371//3371
f 3371//3371 3370//3370 3372//3372
f 2370//2370 2367//2367 3370//3370
f 2833//2833 3368//3368 3366//3366
f 3371//3371 3366//3366 3368//3368
f 3369//3369 3306//3306 3304//3304
f 3302//3302 3366//3366 3372//3372
f 3306//3306 3369//3369 2366//2366
f 3304//3304 3372//3372 3369//3369
f 1508//1508 2//2 28//28
f 1473//1473 1477//1477 143//143
f 5//5 1539//1539 1490//1490
f 1494//1494 39//39 1531//1531
f 50//50 1475//1475 1473//1473
f 1473//1473 143//143 50//50
f 1490//1490 42//42 44//44
f 1475//1475 153//153 1479//1479
f 153//153 1475//1475 50//50
f 1483//1483 138//138 137//137
f 1479//1479 138//138 1483//1483
f 20//20 17//17 1501//1501
f 148//148 1489//1489 137//137
f 1483//1483 137//137 1489//1489
f 1479//1479 153//153 138//138
f 148//148 1542//1542 1489//1489
f 150//150 143//143 1477//1477
f 150//150 1478//1478 157//157
f 1478//1478 150//150 1477//1477
f 156//156 157//157 1482//1482
f 1478//1478 1482//1482 157//157
f 1487//1487 46//46 156//156
f 156//156 1482//1482 1487//1487
f 46//46 1540//1540 47//47
f 1540//1540 46//46 1487//1487
f 1540//1540 1539//1539 47//47
f 39//39 42//42 1531//1531
f 47//47 1539//1539 5//5
f 33//33 36//36 1525//1525
f 38//38 1494//1494 1493//1493
f 30//30 1518//1518 28//28
f 1503//1503 1521//1521 32//32
f 1511//1511 9//9 8//8
f 1517//1517 2//2 1508//1508
f 15//15 14//14 1516//1516
f 11//11 1514//1514 1505//1505
f 20//20 1500//1500 21//21
f 1515//1515 1501//1501 17//17
f 1496//1496 136//136 171//171
f 1497//1497 23//23 1523//1523
f 136//136 1528//1528 134//134
f 1528//1528 136//136 1496//1496
f 140//140 134//134 1471//1471
f 1528//1528 1471//1471 134//134
f 1470//1470 167//167 140//140
f 140//140 1471//1471 1470//1470
f 167//167 1533//1533 168//168
f 1533//1533 167//167 1470//1470
f 145//145 168//168 1538//1538
f 1533//1533 1538//1538 168//168
f 1542//1542 148//148 145//145
f 145//145 1538//1538 1542//1542
f 1496//1496 171//171 1497//1497
f 1523//1523 23//23 21//21
f 1497//1497 171//171 23//23
f 1500//1500 20//20 1501//1501
f 1500//1500 1523//1523 21//21
f 15//15 1516//1516 1515//1515
f 15//15 1515//1515 17//17
f 14//14 11//11 1505//1505
f 14//14 1505//1505 1516//1516
f 1514//1514 9//9 1511//1511
f 11//11 9//9 1514//1514
f 8//8 1517//1517 1511//1511
f 8//8 2//2 1517//1517
f 1518//1518 30//30 1521//1521
f 1508//1508 28//28 1518//1518
f 1503//1503 32//32 33//33
f 1521//1521 30//30 32//32
f 1493//1493 1525//1525 36//36
f 1525//1525 1503//1503 33//33
f 39//39 1494//1494 38//38
f 38//38 1493//1493 36//36
f 42//42 1490//1490 1531//1531
f 44//44 5//5 1490//1490
f 3273//3273 1474//1474 1476//1476
f 1491//1491 3252//3252 3269//3269
f 1510//1510 1509//1509 3250//3250
f 1480//1480 3278//3278 1476//1476
f 3273//3273 1476//1476 3278//3278
f 1484//1484 3276//3276 1480//1480
f 3276//3276 3278//3278 1480//1480
f 3277//3277 1488//1488 3281//3281
f 3276//3276 1484//1484 3277//3277
f 1537//1537 3280//3280 3281//3281
f 1488//1488 1537//1537 3281//3281
f 1488//1488 3277//3277 1484//1484
f 1474//1474 3273//3273 3274//3274
f 1472//1472 1474//1474 3274//3274
f 1472//1472 3275//3275 1481//1481
f 3275//3275 1472//1472 3274//3274
f 1485//1485 1481//1481 3271//3271
f 3275//3275 3271//3271 1481//1481
f 3270//3270 1486//1486 1485//1485
f 1485//1485 3271//3271 3270//3270
f 1486//1486 3272//3272 1541//1541
f 3272//3272 1486//1486 3270//3270
f 3272//3272 3252//3252 1541//1541
f 1532//1532 1492//1492 3268//3268
f 1541//1541 3252//3252 1491//1491
f 1527//1527 1526//1526 3265//3265
f 1495//1495 3267//3267 3266//3266
f 1502//1502 3262//3262 1519//1519
f 3264//3264 3263//3263 1504//1504
f 3253//3253 1512//1512 1510//1510
f 3250//3250 1509//1509 3251//3251
f 1507//1507 1506//1506 3256//3256
f 1513//1513 3254//3254 3255//3255
f 1499//1499 3259//3259 1524//1524
f 3257//3257 3258//3258 1520//1520
f 3287//3287 1530//1530 1498//1498
f 3261//3261 1522//1522 3260//3260
f 1530//1530 3286//3286 1529//1529
f 3286//3286 1530//1530 3287//3287
f 1469//1469 1529//1529 3285//3285
f 3286//3286 3285//3285 1529//1529
f 1469//1469 3285//3285 3282//3282
f 1536//1536 1469//1469 3282//3282
f 1536//1536 3283//3283 1534//1534
f 3283//3283 1536//1536 3282//3282
f 1535//1535 1534//1534 3284//3284
f 3283//3283 3284//3284 1534//1534
f 3279//3279 1537//1537 1535//1535
f 1535//1535 3284//3284 3279//3279
f 3280//3280 1537//1537 3279//3279
f 1498//1498 3261//3261 3287//3287
f 3260//3260 1522//1522 1524//1524
f 3261//3261 1498//1498 1522//1522
f 3258//3258 3259//3259 1499//1499
f 3259//3259 3260//3260 1524//1524
f 1507//1507 3257//3257 1520//1520
f 1520//1520 3258//3258 1499//1499
f 1506//1506 3255//3255 3256//3256
f 1507//1507 3256//3256 3257//3257
f 1513//1513 1512//1512 3254//3254
f 1506//1506 1513//1513 3255//3255
f 1510//1510 3250//3250 3253//3253
f 3254//3254 1512//1512 3253//3253
f 3262//3262 3251//3251 1519//1519
f 3251//3251 1509//1509 1519//1519
f 1504//1504 3263//3263 1502//1502
f 3263//3263 3262//3262 1502//1502
f 1527//1527 3265//3265 3264//3264
f 1527//1527 3264//3264 1504//1504
f 1526//1526 1495//1495 3266//3266
f 1526//1526 3266//3266 3265//3265
f 3267//3267 1532//1532 3268//3268
f 1495//1495 1532//1532 3267//3267
f 3269//3269 1492//1492 1491//1491
f 3268//3268 1492//1492 3269//3269
f 3417//3417 1458//1458 3418//3418
f 3419//3419 3420//3420 1320//1320
f 3421//3421 3418//3418 1464//1464
f 3422//3422 1393//1393 3423//3423
f 1466//1466 3424//3424 3421//3421
f 3422//3422 3425//3425 1334//1334
f 3424//3424 1467//1467 3426//3426
f 1367//1367 3425//3425 3427//3427
f 3428//3428 3426//3426 1417//1417
f 3429//3429 1352//1352 3427//3427
f 1415//1415 3430//3430 3428//3428
f 3429//3429 3431//3431 1331//1331
f 3430//3430 1414//1414 3432//3432
f 3433//3433 1329//1329 3431//3431
f 3434//3434 3432//3432 1411//1411
f 1357//1357 3433//3433 3435//3435
f 3435//3435 3436//3436 1319//1319
f 3437//3437 3438//3438 3434//3434
f 1317//1317 3436//3436 3439//3439
f 3437//3437 3440//3440 3441//3441
f 3442//3442 3440//3440 3443//3443
f 1319//1319 3436//3436 1317//1317
f 1325//1325 1364//1364 3444//3444
f 1325//1325 3444//3444 3445//3445
f 1364//1364 1317//1317 3439//3439
f 3446//3446 3443//3443 3447//3447
f 3442//3442 3443//3443 3446//3446
f 1401//1401 3447//3447 1402//1402
f 3448//3448 1459//1459 3417//3417
f 3423//3423 1391//1391 3449//3449
f 3449//3449 1387//1387 3450//3450
f 3450//3450 1344//1344 3451//3451
f 3448//3448 3452//3452 1461//1461
f 3453//3453 3451//3451 1341//1341
f 1453//1453 3452//3452 3454//3454
f 3455//3455 1455//1455 3454//3454
f 3456//3456 3453//3453 1343//1343
f 3455//3455 3457//3457 1456//1456
f 3456//3456 1339//1339 3458//3458
f 1448//1448 3457//3457 3459//3459
f 3460//3460 3458//3458 1348//1348
f 1349//1349 3461//3461 3460//3460
f 3459//3459 3457//3457 3462//3462
f 3461//3461 1337//1337 3463//3463
f 3464//3464 3465//3465 3459//3459
f 3466//3466 3463//3463 1336//1336
f 3465//3465 3467//3467 3468//3468
f 1354//1354 3469//3469 3466//3466
f 3470//3470 3468//3468 3471//3471
f 3469//3469 1326//1326 3472//3472
f 3473//3473 3474//3474 3470//3470
f 3475//3475 3472//3472 1328//1328
f 3476//3476 3477//3477 3474//3474
f 1360//1360 3478//3478 3475//3475
f 3477//3477 3479//3479 3480//3480
f 3481//3481 3480//3480 3482//3482
f 3483//3483 3484//3484 3485//3485
f 1321//1321 3420//3420 3478//3478
f 3486//3486 3487//3487 3488//3488
f 1380//1380 3489//3489 3490//3490
f 3491//3491 3492//3492 3493//3493
f 3494//3494 1376//1376 3495//3495
f 3496//3496 3497//3497 3498//3498
f 3499//3499 1401//1401 1395//1395
f 3445//3445 3446//3446 3497//3497
f 1368//1368 3445//3445 3497//3497
f 1325//1325 3445//3445 1368//1368
f 3491//3491 3500//3500 3501//3501
f 3501//3501 3499//3499 1395//1395
f 3502//3502 3503//3503 3496//3496
f 3504//3504 3505//3505 3492//3492
f 3495//3495 1374//1374 3503//3503
f 3494//3494 3506//3506 1378//1378
f 3504//3504 3487//3487 3507//3507
f 3508//3508 3488//3488 3509//3509
f 3506//3506 3489//3489 1380//1380
f 3510//3510 1382//1382 3490//3490
f 3511//3511 3509//3509 3484//3484
f 3512//3512 3513//3513 3485//3485
f 3419//3419 1384//1384 3510//3510
f 3481//3481 3514//3514 3512//3512
f 3444//3444 1364//1364 3439//3439
f 3444//3444 3442//3442 3445//3445
f 3443//3443 1402//1402 3447//3447
f 3445//3445 3442//3442 3446//3446
f 3442//3442 3441//3441 3440//3440
f 1404//1404 1402//1402 3443//3443
f 3439//3439 3441//3441 3444//3444
f 1357//1357 3435//3435 1319//1319
f 3440//3440 1404//1404 3443//3443
f 3444//3444 3441//3441 3442//3442
f 3441//3441 3438//3438 3437//3437
f 1407//1407 1404//1404 3440//3440
f 3436//3436 3438//3438 3439//3439
f 1329//1329 3433//3433 1357//1357
f 3437//3437 1407//1407 3440//3440
f 3439//3439 3438//3438 3441//3441
f 3438//3438 3515//3515 3434//3434
f 1408//1408 1407//1407 3437//3437
f 3435//3435 3515//3515 3436//3436
f 1329//1329 1331//1331 3431//3431
f 3434//3434 1408//1408 3437//3437
f 3436//3436 3515//3515 3438//3438
f 3515//3515 3516//3516 3432//3432
f 1411//1411 1408//1408 3434//3434
f 3433//3433 3516//3516 3435//3435
f 1331//1331 1352//1352 3429//3429
f 3515//3515 3432//3432 3434//3434
f 3435//3435 3516//3516 3515//3515
f 3516//3516 3517//3517 3430//3430
f 1411//1411 3432//3432 1414//1414
f 3431//3431 3517//3517 3433//3433
f 1352//1352 1367//1367 3427//3427
f 3516//3516 3430//3430 3432//3432
f 3433//3433 3517//3517 3516//3516
f 3517//3517 3518//3518 3428//3428
f 1414//1414 3430//3430 1415//1415
f 3429//3429 3518//3518 3431//3431
f 1367//1367 1334//1334 3425//3425
f 3517//3517 3428//3428 3430//3430
f 3431//3431 3518//3518 3517//3517
f 3518//3518 3519//3519 3426//3426
f 1415//1415 3428//3428 1417//1417
f 3427//3427 3519//3519 3429//3429
f 1334//1334 1393//1393 3422//3422
f 3518//3518 3426//3426 3428//3428
f 3429//3429 3519//3519 3518//3518
f 3519//3519 3520//3520 3424//3424
f 1417//1417 3426//3426 1467//1467
f 3425//3425 3520//3520 3427//3427
f 1393//1393 1391//1391 3423//3423
f 3519//3519 3424//3424 3426//3426
f 3427//3427 3520//3520 3519//3519
f 3520//3520 3521//3521 3421//3421
f 1467//1467 3424//3424 1466//1466
f 3422//3422 3521//3521 3425//3425
f 1391//1391 1387//1387 3449//3449
f 3520//3520 3421//3421 3424//3424
f 3425//3425 3521//3521 3520//3520
f 3521//3521 3522//3522 3418//3418
f 1466//1466 3421//3421 1464//1464
f 3423//3423 3522//3522 3422//3422
f 1387//1387 1344//1344 3450//3450
f 3521//3521 3418//3418 3421//3421
f 3422//3422 3522//3522 3521//3521
f 3522//3522 3523//3523 3417//3417
f 1464//1464 3418//3418 1458//1458
f 3449//3449 3523//3523 3423//3423
f 1344//1344 1341//1341 3451//3451
f 3522//3522 3417//3417 3418//3418
f 3423//3423 3523//3523 3522//3522
f 3523//3523 3524//3524 3448//3448
f 1458//1458 3417//3417 1459//1459
f 3450//3450 3524//3524 3449//3449
f 1341//1341 1343//1343 3453//3453
f 3523//3523 3448//3448 3417//3417
f 3449//3449 3524//3524 3523//3523
f 3524//3524 3525//3525 3452//3452
f 1459//1459 3448//3448 1461//1461
f 3451//3451 3525//3525 3450//3450
f 1340//1340 3456//3456 1343//1343
f 3524//3524 3452//3452 3448//3448
f 3450//3450 3525//3525 3524//3524
f 3525//3525 3526//3526 3454//3454
f 1461//1461 3452//3452 1453//1453
f 3453//3453 3526//3526 3451//3451
f 1340//1340 1339//1339 3456//3456
f 3525//3525 3454//3454 3452//3452
f 3451//3451 3526//3526 3525//3525
f 3526//3526 3527//3527 3455//3455
f 1453//1453 3454//3454 1455//1455
f 3456//3456 3527//3527 3453//3453
f 1339//1339 1348//1348 3458//3458
f 3526//3526 3455//3455 3454//3454
f 3453//3453 3527//3527 3526//3526
f 3527//3527 3462//3462 3457//3457
f 1455//1455 3455//3455 1456//1456
f 3458//3458 3462//3462 3456//3456
f 1348//1348 1349//1349 3460//3460
f 3527//3527 3457//3457 3455//3455
f 3456//3456 3462//3462 3527//3527
f 3462//3462 3464//3464 3459//3459
f 1456//1456 3457//3457 1448//1448
f 3460//3460 3464//3464 3458//3458
f 1349//1349 1337//1337 3461//3461
f 3465//3465 1450//1450 3459//3459
f 3458//3458 3464//3464 3462//3462
f 3464//3464 3467//3467 3465//3465
f 1448//1448 3459//3459 1450//1450
f 3461//3461 3467//3467 3460//3460
f 1337//1337 1336//1336 3463//3463
f 3468//3468 1451//1451 3465//3465
f 3460//3460 3467//3467 3464//3464
f 3467//3467 3471//3471 3468//3468
f 1450//1450 3465//3465 1451//1451
f 3463//3463 3471//3471 3461//3461
f 1336//1336 1354//1354 3466//3466
f 3468//3468 1445//1445 1440//1440
f 3461//3461 3471//3471 3467//3467
f 3471//3471 3473//3473 3470//3470
f 1451//1451 3468//3468 1440//1440
f 3466//3466 3473//3473 3463//3463
f 1354//1354 1326//1326 3469//3469
f 3470//3470 1443//1443 1445//1445
f 3463//3463 3473//3473 3471//3471
f 3476//3476 3474//3474 3473//3473
f 1445//1445 3468//3468 3470//3470
f 3469//3469 3476//3476 3466//3466
f 1326//1326 1328//1328 3472//3472
f 1435//1435 1443//1443 3474//3474
f 3466//3466 3476//3476 3473//3473
f 3479//3479 3477//3477 3476//3476
f 1443//1443 3470//3470 3474//3474
f 3472//3472 3479//3479 3469//3469
f 1328//1328 1360//1360 3475//3475
f 3477//3477 1435//1435 3474//3474
f 3469//3469 3479//3479 3476//3476
f 3479//3479 3482//3482 3480//3480
f 1438//1438 1435//1435 3477//3477
f 3475//3475 3482//3482 3472//3472
f 1360//1360 1321//1321 3478//3478
f 3480//3480 1438//1438 3477//3477
f 3472//3472 3482//3482 3479//3479
f 3482//3482 3514//3514 3481//3481
f 1439//1439 1438//1438 3480//3480
f 3478//3478 3514//3514 3475//3475
f 1321//1321 1320//1320 3420//3420
f 3481//3481 1439//1439 3480//3480
f 3475//3475 3514//3514 3482//3482
f 3514//3514 3513//3513 3512//3512
f 1398//1398 1439//1439 3481//3481
f 3420//3420 3513//3513 3478//3478
f 1320//1320 1384//1384 3419//3419
f 3512//3512 1398//1398 3481//3481
f 3478//3478 3513//3513 3514//3514
f 3513//3513 3483//3483 3485//3485
f 1433//1433 1398//1398 3512//3512
f 3419//3419 3483//3483 3420//3420
f 1384//1384 1382//1382 3510//3510
f 3485//3485 1433//1433 3512//3512
f 3420//3420 3483//3483 3513//3513
f 3483//3483 3511//3511 3484//3484
f 1431//1431 1433//1433 3485//3485
f 3510//3510 3511//3511 3419//3419
f 1382//1382 1380//1380 3490//3490
f 3484//3484 1431//1431 3485//3485
f 3419//3419 3511//3511 3483//3483
f 3511//3511 3508//3508 3509//3509
f 1428//1428 1431//1431 3484//3484
f 3490//3490 3508//3508 3510//3510
f 1378//1378 3506//3506 1380//1380
f 3509//3509 1428//1428 3484//3484
f 3510//3510 3508//3508 3511//3511
f 3508//3508 3486//3486 3488//3488
f 1427//1427 1428//1428 3509//3509
f 3489//3489 3486//3486 3490//3490
f 1376//1376 3494//3494 1378//1378
f 3488//3488 1427//1427 3509//3509
f 3490//3490 3486//3486 3508//3508
f 3486//3486 3507//3507 3487//3487
f 1426//1426 1427//1427 3488//3488
f 3506//3506 3507//3507 3489//3489
f 1374//1374 3495//3495 1376//1376
f 3487//3487 1426//1426 3488//3488
f 3489//3489 3507//3507 3486//3486
f 3507//3507 3505//3505 3504//3504
f 1424//1424 1426//1426 3487//3487
f 3494//3494 3505//3505 3506//3506
f 1372//1372 3503//3503 1374//1374
f 3504//3504 1424//1424 3487//3487
f 3506//3506 3505//3505 3507//3507
f 3505//3505 3493//3493 3492//3492
f 1421//1421 1424//1424 3504//3504
f 3495//3495 3493//3493 3494//3494
f 1370//1370 3496//3496 1372//1372
f 3492//3492 1421//1421 3504//3504
f 3494//3494 3493//3493 3505//3505
f 3493//3493 3500//3500 3491//3491
f 1420//1420 1421//1421 3492//3492
f 3503//3503 3500//3500 3495//3495
f 3499//3499 3501//3501 3502//3502
f 3491//3491 1420//1420 3492//3492
f 3495//3495 3500//3500 3493//3493
f 3500//3500 3502//3502 3501//3501
f 1394//1394 1420//1420 3491//3491
f 1372//1372 3496//3496 3503//3503
f 3497//3497 1370//1370 1368//1368
f 3501//3501 1394//1394 3491//3491
f 3503//3503 3502//3502 3500//3500
f 3502//3502 3498//3498 3499//3499
f 1395//1395 1394//1394 3501//3501
f 1370//1370 3497//3497 3496//3496
f 3496//3496 3498//3498 3502//3502
f 3446//3446 3447//3447 3498//3498
f 3497//3497 3446//3446 3498//3498
f 1401//1401 3499//3499 3447//3447
f 3498//3498 3447//3447 3499//3499
f 3528//3528 3529//3529 3530//3530
f 3531//3531 3532//3532 3533//3533
f 3534//3534 3535//3535 3536//3536
f 3537//3537 3538//3538 3539//3539
f 3540//3540 3541//3541 3528//3528
f 3542//3542 1284//1284 3543//3543
f 1315//1315 3544//3544 3545//3545
f 3543//3543 3546//3546 3547//3547
f 1418//1418 3548//3548 3549//3549
f 3546//3546 3550//3550 3551//3551
f 3548//3548 3541//3541 3552//3552
f 1290//1290 1292//1292 3553//3553
f 3550//3550 3553//3553 3554//3554
f 1290//1290 3553//3553 3550//3550
f 3549//3549 1419//1419 1418//1418
f 3542//3542 3555//3555 1282//1282
f 3556//3556 3557//3557 3529//3529
f 3558//3558 3556//3556 3559//3559
f 3560//3560 1283//1283 3555//3555
f 3561//3561 3562//3562 3559//3559
f 3560//3560 3563//3563 1285//1285
f 3561//3561 3531//3531 3564//3564
f 3565//3565 1285//1285 3563//3563
f 3566//3566 3567//3567 1289//1289
f 3565//3565 3566//3566 1287//1287
f 3544//3544 1316//1316 3567//3567
f 3532//3532 3568//3568 3569//3569
f 3570//3570 3568//3568 3571//3571
f 3571//3571 3572//3572 3573//3573
f 3538//3538 3574//3574 3575//3575
f 3576//3576 3577//3577 1312//1312
f 3578//3578 3579//3579 3580//3580
f 3581//3581 1310//1310 3582//3582
f 3583//3583 3584//3584 3585//3585
f 1308//1308 3586//3586 3587//3587
f 3588//3588 3534//3534 3589//3589
f 3590//3590 1305//1305 3591//3591
f 3592//3592 3593//3593 3594//3594
f 1307//1307 3595//3595 3596//3596
f 3597//3597 3598//3598 3599//3599
f 3600//3600 3601//3601 1309//1309
f 3602//3602 3603//3603 3604//3604
f 3599//3599 3603//3603 3605//3605
f 1281//1281 3606//3606 3607//3607
f 3604//3604 3608//3608 3609//3609
f 3610//3610 3611//3611 3612//3612
f 3607//3607 3613//3613 1313//1313
f 3610//3610 3553//3553 3614//3614
f 1292//1292 1314//1314 3614//3614
f 1292//1292 3614//3614 3553//3553
f 1314//1314 1313//1313 3613//3613
f 3554//3554 3612//3612 3615//3615
f 3610//3610 3612//3612 3554//3554
f 1419//1419 3615//3615 1422//1422
f 3616//3616 3608//3608 3611//3611
f 3617//3617 1311//1311 3618//3618
f 3617//3617 3606//3606 1280//1280
f 3618//3618 1295//1295 3619//3619
f 3601//3601 3619//3619 1296//1296
f 3620//3620 3592//3592 3621//3621
f 3622//3622 3621//3621 3598//3598
f 1297//1297 3596//3596 3623//3623
f 1298//1298 3623//3623 3600//3600
f 3594//3594 3624//3624 3535//3535
f 3625//3625 1294//1294 3577//3577
f 3626//3626 1302//1302 3590//3590
f 3595//3595 1301//1301 3626//3626
f 3585//3585 3627//3627 3628//3628
f 3627//3627 3588//3588 3629//3629
f 1304//1304 3587//3587 3630//3630
f 3630//3630 3591//3591 1306//1306
f 3631//3631 3578//3578 3632//3632
f 3633//3633 3632//3632 3584//3584
f 3634//3634 1299//1299 3581//3581
f 3586//3586 1300//1300 3634//3634
f 3635//3635 3574//3574 3636//3636
f 3582//3582 1293//1293 3625//3625
f 3580//3580 3637//3637 3636//3636
f 3576//3576 1291//1291 3545//3545
f 3572//3572 3537//3537 3638//3638
f 1281//1281 3607//3607 1313//1313
f 3614//3614 1314//1314 3613//3613
f 3612//3612 1422//1422 3615//3615
f 3553//3553 3610//3610 3554//3554
f 3610//3610 3616//3616 3611//3611
f 1423//1423 1422//1422 3612//3612
f 3613//3613 3616//3616 3614//3614
f 1280//1280 3606//3606 1281//1281
f 3611//3611 1423//1423 3612//3612
f 3614//3614 3616//3616 3610//3610
f 3616//3616 3609//3609 3608//3608
f 1425//1425 1423//1423 3611//3611
f 3607//3607 3609//3609 3613//3613
f 1311//1311 3617//3617 1280//1280
f 3608//3608 1425//1425 3611//3611
f 3613//3613 3609//3609 3616//3616
f 3609//3609 3602//3602 3604//3604
f 1429//1429 1425//1425 3608//3608
f 3606//3606 3602//3602 3607//3607
f 1295//1295 3618//3618 1311//1311
f 3604//3604 1429//1429 3608//3608
f 3607//3607 3602//3602 3609//3609
f 3602//3602 3605//3605 3603//3603
f 1430//1430 1429//1429 3604//3604
f 3617//3617 3605//3605 3606//3606
f 1296//1296 3619//3619 1295//1295
f 3603//3603 1430//1430 3604//3604
f 3606//3606 3605//3605 3602//3602
f 3605//3605 3597//3597 3599//3599
f 1432//1432 1430//1430 3603//3603
f 3618//3618 3597//3597 3617//3617
f 1309//1309 3601//3601 1296//1296
f 3599//3599 1432//1432 3603//3603
f 3617//3617 3597//3597 3605//3605
f 3597//3597 3622//3622 3598//3598
f 1399//1399 1432//1432 3599//3599
f 3619//3619 3622//3622 3618//3618
f 1298//1298 3600//3600 1309//1309
f 3598//3598 1399//1399 3599//3599
f 3618//3618 3622//3622 3597//3597
f 3622//3622 3620//3620 3621//3621
f 1397//1397 1399//1399 3598//3598
f 3601//3601 3620//3620 3619//3619
f 1297//1297 3623//3623 1298//1298
f 3621//3621 1397//1397 3598//3598
f 3619//3619 3620//3620 3622//3622
f 3620//3620 3593//3593 3592//3592
f 1437//1437 1397//1397 3621//3621
f 3600//3600 3593//3593 3601//3601
f 1307//1307 3596//3596 1297//1297
f 3592//3592 1437//1437 3621//3621
f 3601//3601 3593//3593 3620//3620
f 3593//3593 3624//3624 3594//3594
f 1436//1436 1437//1437 3592//3592
f 3623//3623 3624//3624 3600//3600
f 1301//1301 3595//3595 1307//1307
f 3594//3594 1436//1436 3592//3592
f 3600//3600 3624//3624 3593//3593
f 3624//3624 3536//3536 3535//3535
f 1434//1434 1436//1436 3594//3594
f 3596//3596 3536//3536 3623//3623
f 1302//1302 3626//3626 1301//1301
f 3535//3535 1434//1434 3594//3594
f 3623//3623 3536//3536 3624//3624
f 3536//3536 3589//3589 3534//3534
f 1444//1444 1434//1434 3535//3535
f 3595//3595 3589//3589 3596//3596
f 1305//1305 3590//3590 1302//1302
f 3534//3534 1444//1444 3535//3535
f 3596//3596 3589//3589 3536//3536
f 3589//3589 3629//3629 3588//3588
f 1441//1441 1444//1444 3534//3534
f 3626//3626 3629//3629 3595//3595
f 1306//1306 3591//3591 1305//1305
f 3588//3588 1441//1441 3534//3534
f 3595//3595 3629//3629 3589//3589
f 3629//3629 3628//3628 3627//3627
f 1442//1442 1441//1441 3588//3588
f 3590//3590 3628//3628 3626//3626
f 1303//1303 3630//3630 1306//1306
f 3627//3627 1442//1442 3588//3588
f 3626//3626 3628//3628 3629//3629
f 3628//3628 3583//3583 3585//3585
f 1449//1449 1442//1442 3627//3627
f 3591//3591 3583//3583 3590//3590
f 1303//1303 1304//1304 3630//3630
f 3585//3585 1449//1449 3627//3627
f 3590//3590 3583//3583 3628//3628
f 3583//3583 3633//3633 3584//3584
f 1446//1446 1449//1449 3585//3585
f 3630//3630 3633//3633 3591//3591
f 1304//1304 1308//1308 3587//3587
f 3584//3584 1446//1446 3585//3585
f 3591//3591 3633//3633 3583//3583
f 3633//3633 3631//3631 3632//3632
f 1447//1447 1446//1446 3584//3584
f 3587//3587 3631//3631 3630//3630
f 1308//1308 1300//1300 3586//3586
f 3632//3632 1447//1447 3584//3584
f 3630//3630 3631//3631 3633//3633
f 3631//3631 3579//3579 3578//3578
f 1457//1457 1447//1447 3632//3632
f 3586//3586 3579//3579 3587//3587
f 1300//1300 1299//1299 3634//3634
f 3578//3578 1457//1457 3632//3632
f 3587//3587 3579//3579 3631//3631
f 3579//3579 3637//3637 3580//3580
f 1454//1454 1457//1457 3578//3578
f 3634//3634 3637//3637 3586//3586
f 1299//1299 1310//1310 3581//3581
f 3580//3580 1454//1454 3578//3578
f 3586//3586 3637//3637 3579//3579
f 3637//3637 3635//3635 3636//3636
f 1452//1452 1454//1454 3580//3580
f 3581//3581 3635//3635 3634//3634
f 1310//1310 1293//1293 3582//3582
f 3636//3636 1452//1452 3580//3580
f 3634//3634 3635//3635 3637//3637
f 3635//3635 3575//3575 3574//3574
f 1462//1462 1452//1452 3636//3636
f 3582//3582 3575//3575 3581//3581
f 1293//1293 1294//1294 3625//3625
f 3574//3574 1462//1462 3636//3636
f 3581//3581 3575//3575 3635//3635
f 3575//3575 3539//3539 3538//3538
f 1460//1460 1462//1462 3574//3574
f 3625//3625 3539//3539 3582//3582
f 1294//1294 1312//1312 3577//3577
f 3538//3538 1460//1460 3574//3574
f 3582//3582 3539//3539 3575//3575
f 3539//3539 3638//3638 3537//3537
f 1463//1463 1460//1460 3538//3538
f 3577//3577 3638//3638 3625//3625
f 1312//1312 1291//1291 3576//3576
f 3537//3537 1463//1463 3538//3538
f 3625//3625 3638//3638 3539//3539
f 3638//3638 3573//3573 3572//3572
f 1465//1465 1463//1463 3537//3537
f 3576//3576 3573//3573 3577//3577
f 1291//1291 1315//1315 3545//3545
f 3572//3572 1465//1465 3537//3537
f 3577//3577 3573//3573 3638//3638
f 3573//3573 3570//3570 3571//3571
f 1468//1468 1465//1465 3572//3572
f 3545//3545 3570//3570 3576//3576
f 1315//1315 1316//1316 3544//3544
f 3571//3571 1468//1468 3572//3572
f 3576//3576 3570//3570 3573//3573
f 3570//3570 3569//3569 3568//3568
f 1416//1416 1468//1468 3571//3571
f 3544//3544 3569//3569 3545//3545
f 1316//1316 1289//1289 3567//3567
f 3568//3568 1416//1416 3571//3571
f 3545//3545 3569//3569 3570//3570
f 3569//3569 3533//3533 3532//3532
f 1413//1413 1416//1416 3568//3568
f 3567//3567 3533//3533 3544//3544
f 1289//1289 1287//1287 3566//3566
f 3532//3532 1413//1413 3568//3568
f 3544//3544 3533//3533 3569//3569
f 3533//3533 3564//3564 3531//3531
f 1412//1412 1413//1413 3532//3532
f 3566//3566 3564//3564 3567//3567
f 1287//1287 1285//1285 3565//3565
f 3531//3531 1412//1412 3532//3532
f 3567//3567 3564//3564 3533//3533
f 3564//3564 3562//3562 3561//3561
f 1410//1410 1412//1412 3531//3531
f 3565//3565 3562//3562 3566//3566
f 1283//1283 3560//3560 1285//1285
f 3561//3561 1410//1410 3531//3531
f 3566//3566 3562//3562 3564//3564
f 3562//3562 3558//3558 3559//3559
f 1409//1409 1410//1410 3561//3561
f 3563//3563 3558//3558 3565//3565
f 1282//1282 3555//3555 1283//1283
f 3559//3559 1409//1409 3561//3561
f 3565//3565 3558//3558 3562//3562
f 3558//3558 3557//3557 3556//3556
f 1406//1406 1409//1409 3559//3559
f 3560//3560 3557//3557 3563//3563
f 1284//1284 3542//3542 1282//1282
f 3556//3556 1406//1406 3559//3559
f 3563//3563 3557//3557 3558//3558
f 3557//3557 3530//3530 3529//3529
f 1405//1405 1406//1406 3556//3556
f 3555//3555 3530//3530 3560//3560
f 1286//1286 3543//3543 1284//1284
f 3529//3529 1405//1405 3556//3556
f 3560//3560 3530//3530 3557//3557
f 3530//3530 3540//3540 3528//3528
f 1403//1403 1405//1405 3529//3529
f 3542//3542 3540//3540 3555//3555
f 1288//1288 3546//3546 1286//1286
f 3528//3528 1403//1403 3529//3529
f 3555//3555 3540//3540 3530//3530
f 3540//3540 3552//3552 3541//3541
f 1400//1400 1403//1403 3528//3528
f 3543//3543 3552//3552 3542//3542
f 3549//3549 3548//3548 3547//3547
f 3541//3541 1400//1400 3528//3528
f 3542//3542 3552//3552 3540//3540
f 3552//3552 3547//3547 3548//3548
f 1396//1396 1400//1400 3541//3541
f 1286//1286 3546//3546 3543//3543
f 3550//3550 1288//1288 1290//1290
f 3548//3548 1396//1396 3541//3541
f 3543//3543 3547//3547 3552//3552
f 3547//3547 3551//3551 3549//3549
f 1418//1418 1396//1396 3548//3548
f 1288//1288 3550//3550 3546//3546
f 3546//3546 3551//3551 3547//3547
f 3554//3554 3615//3615 3551//3551
f 3550//3550 3554//3554 3551//3551
f 1419//1419 3549//3549 3615//3615
f 3551//3551 3615//3615 3549//3549
f 3639//3639 3640//3640 3641//3641
f 180//180 178//178 3639//3639
f 3642//3642 3643//3643 3644//3644
f 3645//3645 3646//3646 3647//3647
f 177//177 3648//3648 3643//3643
f 3645//3645 3647//3647 3649//3649
f 3639//3639 178//178 3640//3640
f 112//112 3650//3650 165//165
f 3649//3649 165//165 3650//3650
f 3647//3647 163//163 166//166
f 111//111 3651//3651 3650//3650
f 111//111 3650//3650 112//112
f 176//176 3651//3651 160//160
f 160//160 3651//3651 111//111
f 3648//3648 3652//3652 3644//3644
f 176//176 3653//3653 3654//3654
f 3654//3654 3651//3651 176//176
f 165//165 3649//3649 166//166
f 3655//3655 3650//3650 3654//3654
f 3649//3649 3655//3655 3645//3645
f 163//163 3647//3647 179//179
f 166//166 3649//3649 3647//3647
f 3651//3651 3654//3654 3650//3650
f 175//175 3653//3653 176//176
f 3642//3642 3656//3656 3645//3645
f 3650//3650 3655//3655 3649//3649
f 3653//3653 3642//3642 3655//3655
f 3646//3646 3645//3645 3656//3656
f 179//179 3646//3646 3640//3640
f 3647//3647 3646//3646 179//179
f 3654//3654 3653//3653 3655//3655
f 3643//3643 175//175 177//177
f 3644//3644 3641//3641 3656//3656
f 3655//3655 3642//3642 3645//3645
f 3656//3656 3642//3642 3644//3644
f 3646//3646 3656//3656 3640//3640
f 3640//3640 3656//3656 3641//3641
f 179//179 3640//3640 178//178
f 3653//3653 175//175 3643//3643
f 3642//3642 3653//3653 3643//3643
f 3641//3641 3652//3652 3657//3657
f 3648//3648 3644//3644 3643//3643
f 3639//3639 3657//3657 3658//3658
f 3652//3652 3641//3641 3644//3644
f 180//180 3639//3639 3658//3658
f 3657//3657 3639//3639 3641//3641
f 113//113 177//177 72//72
f 66//66 3659//3659 3660//3660
f 3661//3661 59//59 3662//3662
f 57//57 3663//3663 68//68
f 119//119 3664//3664 3665//3665
f 61//61 3666//3666 120//120
f 3667//3667 3668//3668 122//122
f 3669//3669 118//118 54//54
f 3670//3670 125//125 3671//3671
f 52//52 51//51 3672//3672
f 128//128 131//131 3673//3673
f 128//128 3674//3674 130//130
f 25//25 3675//3675 26//26
f 3676//3676 3677//3677 132//132
f 3678//3678 89//89 3679//3679
f 94//94 90//90 3680//3680
f 81//81 3681//3681 3682//3682
f 85//85 3683//3683 87//87
f 3684//3684 3685//3685 78//78
f 3686//3686 83//83 77//77
f 3687//3687 3684//3684 80//80
f 97//97 3688//3688 3687//3687
f 3687//3687 80//80 97//97
f 3688//3688 99//99 3689//3689
f 99//99 3688//3688 97//97
f 3690//3690 3689//3689 100//100
f 99//99 100//100 3689//3689
f 103//103 3691//3691 3690//3690
f 3690//3690 100//100 103//103
f 3691//3691 105//105 3692//3692
f 105//105 3691//3691 103//103
f 3693//3693 3692//3692 106//106
f 105//105 106//106 3692//3692
f 108//108 3694//3694 3693//3693
f 3693//3693 106//106 108//108
f 3694//3694 162//162 3695//3695
f 162//162 3694//3694 108//108
f 3696//3696 3695//3695 109//109
f 162//162 109//109 3695//3695
f 80//80 3684//3684 78//78
f 3696//3696 109//109 73//73
f 132//132 3677//3677 131//131
f 3685//3685 77//77 78//78
f 77//77 3685//3685 3686//3686
f 89//89 3678//3678 90//90
f 81//81 83//83 3681//3681
f 83//83 3686//3686 3681//3681
f 3683//3683 85//85 3682//3682
f 85//85 81//81 3682//3682
f 3675//3675 25//25 3680//3680
f 3679//3679 89//89 87//87
f 3679//3679 87//87 3683//3683
f 3678//3678 3680//3680 90//90
f 3680//3680 25//25 94//94
f 132//132 26//26 3676//3676
f 26//26 3675//3675 3676//3676
f 118//118 3664//3664 119//119
f 3673//3673 131//131 3677//3677
f 128//128 3673//3673 3674//3674
f 3671//3671 125//125 130//130
f 3671//3671 130//130 3674//3674
f 51//51 3670//3670 3672//3672
f 3670//3670 51//51 125//125
f 52//52 3667//3667 122//122
f 3667//3667 52//52 3672//3672
f 54//54 122//122 3668//3668
f 3669//3669 3664//3664 118//118
f 54//54 3668//3668 3669//3669
f 119//119 3665//3665 61//61
f 113//113 3660//3660 177//177
f 120//120 3666//3666 3662//3662
f 3666//3666 61//61 3665//3665
f 57//57 59//59 3661//3661
f 3662//3662 59//59 120//120
f 3659//3659 68//68 3663//3663
f 3661//3661 3663//3663 57//57
f 3660//3660 113//113 66//66
f 68//68 3659//3659 66//66
f 3697//3697 3698//3698 3699//3699
f 3700//3700 3701//3701 3702//3702
f 3652//3652 3703//3703 3704//3704
f 3705//3705 177//177 3660//3660
f 3706//3706 3660//3660 3659//3659
f 3707//3707 3708//3708 3709//3709
f 3705//3705 3660//3660 3706//3706
f 3710//3710 3711//3711 3712//3712
f 3713//3713 3708//3708 3707//3707
f 3714//3714 3715//3715 3716//3716
f 3717//3717 3710//3710 3712//3712
f 3718//3718 3719//3719 3720//3720
f 3721//3721 3722//3722 3723//3723
f 3724//3724 3725//3725 3726//3726
f 3727//3727 3728//3728 3729//3729
f 3730//3730 3731//3731 3732//3732
f 3733//3733 3734//3734 3735//3735
f 3736//3736 3737//3737 3738//3738
f 3739//3739 3740//3740 3741//3741
f 3742//3742 3743//3743 3744//3744
f 3745//3745 3746//3746 3747//3747
f 3748//3748 3749//3749 3750//3750
f 3751//3751 3752//3752 3753//3753
f 3754//3754 3755//3755 3756//3756
f 3757//3757 3754//3754 3750//3750
f 3758//3758 3759//3759 3760//3760
f 3759//3759 3758//3758 3756//3756
f 3761//3761 3762//3762 3763//3763
f 3760//3760 3763//3763 3762//3762
f 3764//3764 3765//3765 3766//3766
f 3761//3761 3763//3763 3766//3766
f 3764//3764 3767//3767 3768//3768
f 3768//3768 3765//3765 3764//3764
f 3769//3769 3770//3770 3771//3771
f 3772//3772 3768//3768 3767//3767
f 3772//3772 3767//3767 3773//3773
f 3773//3773 3769//3769 3772//3772
f 3774//3774 3775//3775 3776//3776
f 3770//3770 3773//3773 3777//3777
f 3778//3778 3779//3779 3775//3775
f 3774//3774 3780//3780 3775//3775
f 3765//3765 3761//3761 3766//3766
f 3779//3779 3696//3696 3781//3781
f 3756//3756 3755//3755 3759//3759
f 3760//3760 3762//3762 3758//3758
f 3754//3754 3757//3757 3755//3755
f 3735//3735 3724//3724 3733//3733
f 3748//3748 3752//3752 3749//3749
f 3750//3750 3749//3749 3757//3757
f 3748//3748 3753//3753 3752//3752
f 3744//3744 3751//3751 3742//3742
f 3753//3753 3742//3742 3751//3751
f 3743//3743 3747//3747 3744//3744
f 3715//3715 3714//3714 3723//3723
f 3746//3746 3745//3745 3737//3737
f 3747//3747 3743//3743 3745//3745
f 3736//3736 3746//3746 3737//3737
f 3738//3738 3740//3740 3739//3739
f 3739//3739 3736//3736 3738//3738
f 3741//3741 3740//3740 3732//3732
f 3730//3730 3734//3734 3731//3731
f 3732//3732 3731//3731 3741//3741
f 3730//3730 3735//3735 3734//3734
f 3733//3733 3724//3724 3726//3726
f 3729//3729 3725//3725 3727//3727
f 3725//3725 3729//3729 3726//3726
f 3727//3727 3719//3719 3728//3728
f 3718//3718 3720//3720 3721//3721
f 3718//3718 3728//3728 3719//3719
f 3782//3782 3783//3783 3784//3784
f 3723//3723 3722//3722 3715//3715
f 3722//3722 3721//3721 3720//3720
f 3700//3700 3714//3714 3716//3716
f 3716//3716 3701//3701 3700//3700
f 3712//3712 3702//3702 3717//3717
f 3701//3701 3717//3717 3702//3702
f 3711//3711 3710//3710 3713//3713
f 3697//3697 3709//3709 3708//3708
f 3711//3711 3713//3713 3707//3707
f 3709//3709 3697//3697 3699//3699
f 180//180 3785//3785 3786//3786
f 3698//3698 3786//3786 3785//3785
f 3785//3785 3699//3699 3698//3698
f 3785//3785 180//180 3658//3658
f 3657//3657 3704//3704 3658//3658
f 3652//3652 3704//3704 3657//3657
f 3704//3704 3785//3785 3658//3658
f 3709//3709 3782//3782 3707//3707
f 3704//3704 3787//3787 3699//3699
f 3707//3707 3784//3784 3711//3711
f 3787//3787 3782//3782 3709//3709
f 3711//3711 3788//3788 3712//3712
f 3782//3782 3784//3784 3707//3707
f 3712//3712 3789//3789 3702//3702
f 3784//3784 3788//3788 3711//3711
f 3702//3702 3790//3790 3700//3700
f 3788//3788 3789//3789 3712//3712
f 3700//3700 3791//3791 3714//3714
f 3789//3789 3790//3790 3702//3702
f 3714//3714 3792//3792 3723//3723
f 3790//3790 3791//3791 3700//3700
f 3723//3723 3793//3793 3721//3721
f 3791//3791 3792//3792 3714//3714
f 3721//3721 3794//3794 3718//3718
f 3792//3792 3793//3793 3723//3723
f 3718//3718 3795//3795 3728//3728
f 3793//3793 3794//3794 3721//3721
f 3728//3728 3796//3796 3729//3729
f 3794//3794 3795//3795 3718//3718
f 3729//3729 3797//3797 3726//3726
f 3795//3795 3796//3796 3728//3728
f 3726//3726 3798//3798 3733//3733
f 3796//3796 3797//3797 3729//3729
f 3733//3733 3799//3799 3734//3734
f 3797//3797 3798//3798 3726//3726
f 3734//3734 3800//3800 3731//3731
f 3798//3798 3799//3799 3733//3733
f 3731//3731 3801//3801 3741//3741
f 3799//3799 3800//3800 3734//3734
f 3741//3741 3802//3802 3739//3739
f 3800//3800 3801//3801 3731//3731
f 3739//3739 3803//3803 3736//3736
f 3801//3801 3802//3802 3741//3741
f 3736//3736 3804//3804 3746//3746
f 3802//3802 3803//3803 3739//3739
f 3746//3746 3805//3805 3747//3747
f 3803//3803 3804//3804 3736//3736
f 3747//3747 3806//3806 3744//3744
f 3804//3804 3805//3805 3746//3746
f 3744//3744 3807//3807 3751//3751
f 3805//3805 3806//3806 3747//3747
f 3751//3751 3808//3808 3752//3752
f 3806//3806 3807//3807 3744//3744
f 3752//3752 3809//3809 3749//3749
f 3807//3807 3808//3808 3751//3751
f 3749//3749 3810//3810 3757//3757
f 3808//3808 3809//3809 3752//3752
f 3757//3757 3811//3811 3755//3755
f 3809//3809 3810//3810 3749//3749
f 3755//3755 3812//3812 3759//3759
f 3810//3810 3811//3811 3757//3757
f 3759//3759 3813//3813 3760//3760
f 3811//3811 3812//3812 3755//3755
f 3760//3760 3814//3814 3763//3763
f 3812//3812 3813//3813 3759//3759
f 3763//3763 3815//3815 3766//3766
f 3813//3813 3814//3814 3760//3760
f 3766//3766 3816//3816 3764//3764
f 3814//3814 3815//3815 3763//3763
f 3764//3764 3817//3817 3767//3767
f 3815//3815 3816//3816 3766//3766
f 3773//3773 3767//3767 3818//3818
f 3764//3764 3816//3816 3817//3817
f 3819//3819 3770//3770 3774//3774
f 3767//3767 3817//3817 3818//3818
f 3818//3818 3777//3777 3773//3773
f 3771//3771 3770//3770 3819//3819
f 3769//3769 3773//3773 3770//3770
f 3704//3704 3699//3699 3785//3785
f 3703//3703 3652//3652 3648//3648
f 3820//3820 3788//3788 3784//3784
f 3699//3699 3787//3787 3709//3709
f 3703//3703 3821//3821 3787//3787
f 3822//3822 3789//3789 3788//3788
f 3821//3821 3783//3783 3782//3782
f 3823//3823 3790//3790 3789//3789
f 3783//3783 3820//3820 3784//3784
f 3824//3824 3791//3791 3790//3790
f 3820//3820 3822//3822 3788//3788
f 3825//3825 3792//3792 3791//3791
f 3822//3822 3823//3823 3789//3789
f 3826//3826 3793//3793 3792//3792
f 3823//3823 3824//3824 3790//3790
f 3827//3827 3794//3794 3793//3793
f 3824//3824 3825//3825 3791//3791
f 3828//3828 3795//3795 3794//3794
f 3825//3825 3826//3826 3792//3792
f 3829//3829 3796//3796 3795//3795
f 3826//3826 3827//3827 3793//3793
f 3830//3830 3797//3797 3796//3796
f 3827//3827 3828//3828 3794//3794
f 3831//3831 3798//3798 3797//3797
f 3828//3828 3829//3829 3795//3795
f 3832//3832 3799//3799 3798//3798
f 3829//3829 3830//3830 3796//3796
f 3833//3833 3800//3800 3799//3799
f 3830//3830 3831//3831 3797//3797
f 3834//3834 3801//3801 3800//3800
f 3831//3831 3832//3832 3798//3798
f 3835//3835 3802//3802 3801//3801
f 3832//3832 3833//3833 3799//3799
f 3836//3836 3803//3803 3802//3802
f 3833//3833 3834//3834 3800//3800
f 3837//3837 3804//3804 3803//3803
f 3834//3834 3835//3835 3801//3801
f 3838//3838 3805//3805 3804//3804
f 3835//3835 3836//3836 3802//3802
f 3839//3839 3806//3806 3805//3805
f 3836//3836 3837//3837 3803//3803
f 3840//3840 3807//3807 3806//3806
f 3837//3837 3838//3838 3804//3804
f 3841//3841 3808//3808 3807//3807
f 3838//3838 3839//3839 3805//3805
f 3842//3842 3809//3809 3808//3808
f 3839//3839 3840//3840 3806//3806
f 3843//3843 3810//3810 3809//3809
f 3840//3840 3841//3841 3807//3807
f 3844//3844 3811//3811 3810//3810
f 3841//3841 3842//3842 3808//3808
f 3845//3845 3812//3812 3811//3811
f 3842//3842 3843//3843 3809//3809
f 3846//3846 3813//3813 3812//3812
f 3843//3843 3844//3844 3810//3810
f 3847//3847 3814//3814 3813//3813
f 3844//3844 3845//3845 3811//3811
f 3848//3848 3815//3815 3814//3814
f 3845//3845 3846//3846 3812//3812
f 3849//3849 3816//3816 3815//3815
f 3846//3846 3847//3847 3813//3813
f 3850//3850 3817//3817 3816//3816
f 3847//3847 3848//3848 3814//3814
f 3851//3851 3818//3818 3817//3817
f 3848//3848 3849//3849 3815//3815
f 3852//3852 3777//3777 3818//3818
f 3849//3849 3850//3850 3816//3816
f 3780//3780 3774//3774 3777//3777
f 3850//3850 3851//3851 3817//3817
f 3853//3853 3776//3776 3775//3775
f 3852//3852 3818//3818 3851//3851
f 3777//3777 3852//3852 3780//3780
f 3819//3819 3774//3774 3776//3776
f 3770//3770 3777//3777 3774//3774
f 3704//3704 3703//3703 3787//3787
f 3648//3648 177//177 3705//3705
f 3854//3854 3706//3706 3659//3659
f 3787//3787 3821//3821 3782//3782
f 3706//3706 3821//3821 3705//3705
f 3855//3855 3854//3854 3663//3663
f 3854//3854 3783//3783 3706//3706
f 3856//3856 3855//3855 3661//3661
f 3855//3855 3820//3820 3854//3854
f 3857//3857 3856//3856 3662//3662
f 3856//3856 3822//3822 3855//3855
f 3858//3858 3857//3857 3666//3666
f 3857//3857 3823//3823 3856//3856
f 3859//3859 3858//3858 3665//3665
f 3858//3858 3824//3824 3857//3857
f 3860//3860 3859//3859 3664//3664
f 3859//3859 3825//3825 3858//3858
f 3861//3861 3860//3860 3669//3669
f 3860//3860 3826//3826 3859//3859
f 3862//3862 3861//3861 3668//3668
f 3861//3861 3827//3827 3860//3860
f 3863//3863 3862//3862 3667//3667
f 3862//3862 3828//3828 3861//3861
f 3864//3864 3863//3863 3672//3672
f 3863//3863 3829//3829 3862//3862
f 3865//3865 3864//3864 3670//3670
f 3864//3864 3830//3830 3863//3863
f 3866//3866 3865//3865 3671//3671
f 3865//3865 3831//3831 3864//3864
f 3867//3867 3866//3866 3674//3674
f 3866//3866 3832//3832 3865//3865
f 3868//3868 3867//3867 3673//3673
f 3867//3867 3833//3833 3866//3866
f 3869//3869 3868//3868 3677//3677
f 3868//3868 3834//3834 3867//3867
f 3870//3870 3869//3869 3676//3676
f 3869//3869 3835//3835 3868//3868
f 3871//3871 3870//3870 3675//3675
f 3870//3870 3836//3836 3869//3869
f 3872//3872 3871//3871 3680//3680
f 3871//3871 3837//3837 3870//3870
f 3873//3873 3872//3872 3678//3678
f 3872//3872 3838//3838 3871//3871
f 3874//3874 3873//3873 3679//3679
f 3873//3873 3839//3839 3872//3872
f 3875//3875 3874//3874 3683//3683
f 3874//3874 3840//3840 3873//3873
f 3876//3876 3875//3875 3682//3682
f 3875//3875 3841//3841 3874//3874
f 3877//3877 3876//3876 3681//3681
f 3876//3876 3842//3842 3875//3875
f 3878//3878 3877//3877 3686//3686
f 3877//3877 3843//3843 3876//3876
f 3879//3879 3878//3878 3685//3685
f 3878//3878 3844//3844 3877//3877
f 3880//3880 3879//3879 3684//3684
f 3879//3879 3845//3845 3878//3878
f 3881//3881 3880//3880 3687//3687
f 3880//3880 3846//3846 3879//3879
f 3882//3882 3881//3881 3688//3688
f 3881//3881 3847//3847 3880//3880
f 3883//3883 3882//3882 3689//3689
f 3882//3882 3848//3848 3881//3881
f 3884//3884 3883//3883 3690//3690
f 3883//3883 3849//3849 3882//3882
f 3885//3885 3884//3884 3691//3691
f 3884//3884 3850//3850 3883//3883
f 3886//3886 3885//3885 3692//3692
f 3885//3885 3851//3851 3884//3884
f 3778//3778 3886//3886 3693//3693
f 3886//3886 3852//3852 3885//3885
f 3778//3778 3694//3694 3779//3779
f 3780//3780 3886//3886 3778//3778
f 3781//3781 3853//3853 3775//3775
f 3821//3821 3703//3703 3705//3705
f 3648//3648 3705//3705 3703//3703
f 3854//3854 3659//3659 3663//3663
f 3783//3783 3821//3821 3706//3706
f 3855//3855 3663//3663 3661//3661
f 3820//3820 3783//3783 3854//3854
f 3856//3856 3661//3661 3662//3662
f 3822//3822 3820//3820 3855//3855
f 3857//3857 3662//3662 3666//3666
f 3823//3823 3822//3822 3856//3856
f 3858//3858 3666//3666 3665//3665
f 3824//3824 3823//3823 3857//3857
f 3859//3859 3665//3665 3664//3664
f 3825//3825 3824//3824 3858//3858
f 3860//3860 3664//3664 3669//3669
f 3826//3826 3825//3825 3859//3859
f 3861//3861 3669//3669 3668//3668
f 3827//3827 3826//3826 3860//3860
f 3862//3862 3668//3668 3667//3667
f 3828//3828 3827//3827 3861//3861
f 3863//3863 3667//3667 3672//3672
f 3829//3829 3828//3828 3862//3862
f 3864//3864 3672//3672 3670//3670
f 3830//3830 3829//3829 3863//3863
f 3865//3865 3670//3670 3671//3671
f 3831//3831 3830//3830 3864//3864
f 3866//3866 3671//3671 3674//3674
f 3832//3832 3831//3831 3865//3865
f 3867//3867 3674//3674 3673//3673
f 3833//3833 3832//3832 3866//3866
f 3868//3868 3673//3673 3677//3677
f 3834//3834 3833//3833 3867//3867
f 3869//3869 3677//3677 3676//3676
f 3835//3835 3834//3834 3868//3868
f 3870//3870 3676//3676 3675//3675
f 3836//3836 3835//3835 3869//3869
f 3871//3871 3675//3675 3680//3680
f 3837//3837 3836//3836 3870//3870
f 3872//3872 3680//3680 3678//3678
f 3838//3838 3837//3837 3871//3871
f 3873//3873 3678//3678 3679//3679
f 3839//3839 3838//3838 3872//3872
f 3874//3874 3679//3679 3683//3683
f 3840//3840 3839//3839 3873//3873
f 3875//3875 3683//3683 3682//3682
f 3841//3841 3840//3840 3874//3874
f 3876//3876 3682//3682 3681//3681
f 3842//3842 3841//3841 3875//3875
f 3877//3877 3681//3681 3686//3686
f 3843//3843 3842//3842 3876//3876
f 3878//3878 3686//3686 3685//3685
f 3844//3844 3843//3843 3877//3877
f 3879//3879 3685//3685 3684//3684
f 3845//3845 3844//3844 3878//3878
f 3880//3880 3684//3684 3687//3687
f 3846//3846 3845//3845 3879//3879
f 3881//3881 3687//3687 3688//3688
f 3847//3847 3846//3846 3880//3880
f 3882//3882 3688//3688 3689//3689
f 3848//3848 3847//3847 3881//3881
f 3883//3883 3689//3689 3690//3690
f 3849//3849 3848//3848 3882//3882
f 3884//3884 3690//3690 3691//3691
f 3850//3850 3849//3849 3883//3883
f 3885//3885 3691//3691 3692//3692
f 3851//3851 3850//3850 3884//3884
f 3886//3886 3692//3692 3693//3693
f 3852//3852 3851//3851 3885//3885
f 3778//3778 3693//3693 3694//3694
f 3780//3780 3852//3852 3886//3886
f 3779//3779 3694//3694 3695//3695
f 3775//3775 3780//3780 3778//3778
f 3696//3696 3779//3779 3695//3695
f 3781//3781 3775//3775 3779//3779
f 3738//3738 16//16 18//18
f 19//19 22//22 3740//3740
f 3740//3740 3738//3738 18//18
f 16//16 3738//3738 3737//3737
f 1//1 3//3 3748//3748
f 3745//3745 12//12 13//13
f 3745//3745 13//13 3737//3737
f 12//12 3743//3743 10//10
f 3743//3743 12//12 3745//3745
f 29//29 3754//3754 31//31
f 3753//3753 7//7 3742//3742
f 7//7 10//10 3742//3742
f 3753//3753 3748//3748 3//3
f 3//3 7//7 3753//3753
f 3743//3743 3742//3742 10//10
f 3754//3754 29//29 3750//3750
f 1//1 3748//3748 3750//3750
f 16//16 3737//3737 13//13
f 29//29 1//1 3750//3750
f 3740//3740 18//18 19//19
f 3758//3758 34//34 3756//3756
f 3756//3756 34//34 31//31
f 35//35 34//34 3758//3758
f 3769//3769 3771//3771 4//4
f 3762//3762 35//35 3758//3758
f 40//40 37//37 3761//3761
f 3761//3761 37//37 3762//3762
f 40//40 3761//3761 3765//3765
f 3768//3768 41//41 3765//3765
f 41//41 40//40 3765//3765
f 43//43 3768//3768 3772//3772
f 43//43 41//41 3768//3768
f 43//43 3772//3772 6//6
f 3769//3769 4//4 6//6
f 3772//3772 3769//3769 6//6
f 37//37 35//35 3762//3762
f 3771//3771 45//45 4//4
f 31//31 3754//3754 3756//3756
f 3740//3740 22//22 3732//3732
f 3730//3730 3732//3732 24//24
f 22//22 24//24 3732//3732
f 170//170 3735//3735 3730//3730
f 3730//3730 24//24 170//170
f 3735//3735 135//135 3724//3724
f 135//135 3735//3735 170//170
f 3725//3725 3724//3724 169//169
f 135//135 169//169 3724//3724
f 142//142 3727//3727 3725//3725
f 3725//3725 169//169 142//142
f 3727//3727 141//141 3719//3719
f 141//141 3727//3727 142//142
f 3720//3720 3719//3719 144//144
f 141//141 144//144 3719//3719
f 146//146 3722//3722 3720//3720
f 3720//3720 144//144 146//146
f 3722//3722 147//147 3715//3715
f 147//147 3722//3722 146//146
f 147//147 149//149 3715//3715
f 3716//3716 3715//3715 139//139
f 149//149 139//139 3715//3715
f 154//154 3701//3701 3716//3716
f 3716//3716 139//139 154//154
f 3701//3701 49//49 3717//3717
f 49//49 3701//3701 154//154
f 3710//3710 3717//3717 48//48
f 49//49 48//48 3717//3717
f 152//152 3713//3713 3710//3710
f 3710//3710 48//48 152//152
f 3713//3713 151//151 3708//3708
f 151//151 3713//3713 152//152
f 3697//3697 3708//3708 155//155
f 151//151 155//155 3708//3708
f 63//63 3698//3698 3697//3697
f 3697//3697 155//155 63//63
f 3698//3698 65//65 3786//3786
f 65//65 3698//3698 63//63
f 180//180 3786//3786 74//74
f 65//65 74//74 3786//3786
f 180//180 74//74 110//110
f 3887//3887 115//115 69//69
f 3887//3887 3888//3888 115//115
f 115//115 3888//3888 73//73
f 3888//3888 3696//3696 73//73
f 3889//3889 45//45 3771//3771
f 45//45 3889//3889 174//174
f 172//172 174//174 3890//3890
f 174//174 3889//3889 3890//3890
f 173//173 3891//3891 158//158
f 3892//3892 173//173 172//172
f 3893//3893 3894//3894 3895//3895
f 3896//3896 3897//3897 3890//3890
f 3890//3890 3892//3892 172//172
f 3819//3819 3898//3898 3771//3771
f 3899//3899 3898//3898 3900//3900
f 3901//3901 3902//3902 3903//3903
f 3904//3904 3902//3902 3901//3901
f 3890//3890 3897//3897 3892//3892
f 3893//3893 3888//3888 3894//3894
f 159//159 3891//3891 3903//3903
f 3696//3696 3888//3888 3893//3893
f 64//64 3902//3902 69//69
f 3892//3892 3891//3891 173//173
f 3819//3819 3776//3776 3900//3900
f 159//159 3903//3903 64//64
f 158//158 3891//3891 159//159
f 3905//3905 3891//3891 3897//3897
f 3903//3903 3905//3905 3901//3901
f 69//69 3902//3902 3887//3887
f 64//64 3903//3903 3902//3902
f 3892//3892 3897//3897 3891//3891
f 3889//3889 3896//3896 3890//3890
f 3899//3899 3906//3906 3901//3901
f 3891//3891 3905//3905 3903//3903
f 3896//3896 3899//3899 3905//3905
f 3904//3904 3901//3901 3906//3906
f 3887//3887 3904//3904 3894//3894
f 3902//3902 3904//3904 3887//3887
f 3897//3897 3896//3896 3905//3905
f 3898//3898 3889//3889 3771//3771
f 3900//3900 3895//3895 3906//3906
f 3905//3905 3899//3899 3901//3901
f 3906//3906 3899//3899 3900//3900
f 3904//3904 3906//3906 3894//3894
f 3894//3894 3906//3906 3895//3895
f 3887//3887 3894//3894 3888//3888
f 3896//3896 3889//3889 3898//3898
f 3899//3899 3896//3896 3898//3898
f 3895//3895 3776//3776 3853//3853
f 3819//3819 3900//3900 3898//3898
f 3893//3893 3853//3853 3781//3781
f 3776//3776 3895//3895 3900//3900
f 3696//3696 3893//3893 3781//3781
f 3853//3853 3893//3893 3895//3895
